date,previous,open_price,first_trade,high,low,close,change,volume,value,frequency,index_individual,offer,offer_volume,bid,bid_volume,listed_shares,tradeble_shares,weight_for_index,foreign_sell,foreign_buy,delisting_date,non_regular_volume,non_regular_value,non_regular_frequency
2019-07-29,69.0,0.0,0.0,0.0,0.0,69.0,0.0,0.0,0.0,0.0,56.1,0.0,0.0,0.0,0.0,1438370465.0,1438370465.0,1438370465.0,0.0,0.0,,0.0,0.0,0.0
2019-07-30,69.0,0.0,0.0,0.0,0.0,69.0,0.0,0.0,0.0,0.0,56.1,0.0,0.0,0.0,0.0,1438370465.0,1438370465.0,1438370465.0,0.0,0.0,,0.0,0.0,0.0
2019-07-31,69.0,0.0,0.0,0.0,0.0,69.0,0.0,0.0,0.0,0.0,56.1,0.0,0.0,0.0,0.0,1438370465.0,1438370465.0,1438370465.0,0.0,0.0,,0.0,0.0,0.0
2019-08-01,69.0,0.0,0.0,0.0,0.0,69.0,0.0,0.0,0.0,0.0,56.1,0.0,0.0,0.0,0.0,1438370465.0,1438370465.0,1438370465.0,0.0,0.0,,0.0,0.0,0.0
2019-08-02,69.0,0.0,0.0,0.0,0.0,69.0,0.0,0.0,0.0,0.0,56.1,0.0,0.0,0.0,0.0,1438370465.0,1438370465.0,1438370465.0,0.0,0.0,,0.0,0.0,0.0
2019-08-05,69.0,0.0,0.0,0.0,0.0,69.0,0.0,0.0,0.0,0.0,56.1,0.0,0.0,0.0,0.0,1438370465.0,1438370465.0,1438370465.0,0.0,0.0,,0.0,0.0,0.0
2019-08-06,69.0,0.0,0.0,0.0,0.0,69.0,0.0,0.0,0.0,0.0,56.1,0.0,0.0,0.0,0.0,1438370465.0,1438370465.0,1438370465.0,0.0,0.0,,0.0,0.0,0.0
2019-08-07,69.0,0.0,0.0,0.0,0.0,69.0,0.0,0.0,0.0,0.0,56.1,0.0,0.0,0.0,0.0,1438370465.0,1438370465.0,1438370465.0,0.0,0.0,,0.0,0.0,0.0
2019-08-08,69.0,0.0,0.0,0.0,0.0,69.0,0.0,0.0,0.0,0.0,56.1,0.0,0.0,0.0,0.0,1438370465.0,1438370465.0,1438370465.0,0.0,0.0,,0.0,0.0,0.0
2019-08-09,69.0,0.0,0.0,0.0,0.0,69.0,0.0,0.0,0.0,0.0,56.1,0.0,0.0,0.0,0.0,1438370465.0,1438370465.0,1438370465.0,0.0,0.0,,0.0,0.0,0.0
2019-08-12,69.0,0.0,0.0,0.0,0.0,69.0,0.0,0.0,0.0,0.0,56.1,0.0,0.0,0.0,0.0,1438370465.0,1438370465.0,1438370465.0,0.0,0.0,,0.0,0.0,0.0
2019-08-13,69.0,0.0,0.0,0.0,0.0,69.0,0.0,0.0,0.0,0.0,56.1,0.0,0.0,0.0,0.0,1438370465.0,1438370465.0,1438370465.0,0.0,0.0,,0.0,0.0,0.0
2019-08-14,69.0,0.0,0.0,0.0,0.0,69.0,0.0,0.0,0.0,0.0,56.1,0.0,0.0,0.0,0.0,1438370465.0,1438370465.0,1438370465.0,0.0,0.0,,0.0,0.0,0.0
2019-08-15,69.0,0.0,0.0,0.0,0.0,69.0,0.0,0.0,0.0,0.0,56.1,0.0,0.0,0.0,0.0,1438370465.0,1438370465.0,1438370465.0,0.0,0.0,,0.0,0.0,0.0
2019-08-16,69.0,0.0,0.0,0.0,0.0,69.0,0.0,0.0,0.0,0.0,56.1,0.0,0.0,0.0,0.0,1438370465.0,1438370465.0,1438370465.0,0.0,0.0,,0.0,0.0,0.0
2019-08-19,69.0,0.0,0.0,0.0,0.0,69.0,0.0,0.0,0.0,0.0,56.1,0.0,0.0,0.0,0.0,1438370465.0,1438370465.0,1438370465.0,0.0,0.0,,0.0,0.0,0.0
2019-08-20,69.0,0.0,0.0,0.0,0.0,69.0,0.0,0.0,0.0,0.0,56.1,0.0,0.0,0.0,0.0,1438370465.0,1438370465.0,1438370465.0,0.0,0.0,,0.0,0.0,0.0
2019-08-21,69.0,0.0,0.0,0.0,0.0,69.0,0.0,0.0,0.0,0.0,56.1,0.0,0.0,0.0,0.0,1438370465.0,1438370465.0,1438370465.0,0.0,0.0,,0.0,0.0,0.0
2019-08-22,69.0,0.0,0.0,0.0,0.0,69.0,0.0,0.0,0.0,0.0,56.1,0.0,0.0,0.0,0.0,1438370465.0,1438370465.0,1438370465.0,0.0,0.0,,0.0,0.0,0.0
2019-08-23,69.0,0.0,0.0,82.0,69.0,72.0,3.0,57416700.0,4359732600.0,3904.0,58.5,73.0,602100.0,72.0,11800.0,1438370465.0,1438370465.0,1438370465.0,60000.0,22000.0,,0.0,0.0,0.0
2019-08-26,72.0,0.0,0.0,72.0,63.0,64.0,-8.0,18010700.0,1185660500.0,1242.0,52.0,65.0,294500.0,64.0,2118500.0,1438370465.0,1438370465.0,1438370465.0,0.0,0.0,,0.0,0.0,0.0
2019-08-27,64.0,0.0,0.0,72.0,63.0,66.0,2.0,13360500.0,896363200.0,1091.0,53.7,66.0,355100.0,65.0,1091500.0,1438370465.0,1438370465.0,1438370465.0,30700.0,60000.0,,0.0,0.0,0.0
2019-08-28,66.0,0.0,0.0,71.0,65.0,66.0,0.0,13971900.0,945463100.0,945.0,53.7,67.0,117800.0,66.0,67300.0,1438370465.0,1438370465.0,1438370465.0,0.0,0.0,,0.0,0.0,0.0
2019-08-29,66.0,0.0,0.0,68.0,65.0,66.0,0.0,4080100.0,268224500.0,375.0,53.7,66.0,155600.0,65.0,231300.0,1438370465.0,1438370465.0,1438370465.0,0.0,0.0,,0.0,0.0,0.0
2019-08-30,66.0,0.0,0.0,67.0,63.0,65.0,-1.0,4831600.0,312689700.0,367.0,52.8,65.0,135900.0,64.0,1956800.0,1438370465.0,1438370465.0,1438370465.0,0.0,0.0,,0.0,0.0,0.0
2019-09-02,65.0,0.0,0.0,67.0,62.0,63.0,-2.0,3465000.0,221081500.0,305.0,51.2,64.0,321000.0,62.0,770000.0,1438370465.0,1438370465.0,1438370465.0,0.0,0.0,,0.0,0.0,0.0
2019-09-03,63.0,0.0,0.0,66.0,63.0,64.0,1.0,3486000.0,222028600.0,295.0,52.0,64.0,126200.0,63.0,335300.0,1438370465.0,1438370465.0,1438370465.0,0.0,0.0,,0.0,0.0,0.0
2019-09-04,64.0,0.0,0.0,64.0,62.0,63.0,-1.0,2245200.0,141492700.0,216.0,51.2,64.0,415300.0,63.0,507300.0,1438370465.0,1438370465.0,1438370465.0,0.0,0.0,,0.0,0.0,0.0
2019-09-05,63.0,0.0,0.0,70.0,63.0,63.0,0.0,14457700.0,964003100.0,1049.0,51.2,64.0,35000.0,63.0,730800.0,1438370465.0,1438370465.0,1438370465.0,0.0,0.0,,0.0,0.0,0.0
2019-09-06,63.0,0.0,0.0,67.0,64.0,65.0,2.0,5793800.0,376938400.0,320.0,52.8,66.0,355100.0,65.0,7500.0,1438370465.0,1438370465.0,1438370465.0,0.0,0.0,,0.0,0.0,0.0
2019-09-09,65.0,0.0,0.0,70.0,66.0,67.0,2.0,5619600.0,376131500.0,451.0,54.5,67.0,114000.0,66.0,146400.0,1438370465.0,1438370465.0,1438370465.0,0.0,0.0,,0.0,0.0,0.0
2019-09-10,67.0,0.0,0.0,75.0,64.0,73.0,6.0,22369100.0,1579722300.0,1167.0,59.3,73.0,615100.0,72.0,919600.0,1438370465.0,1438370465.0,1438370465.0,517400.0,1748400.0,,0.0,0.0,0.0
2019-09-11,73.0,0.0,0.0,80.0,71.0,74.0,1.0,27277900.0,2044171300.0,1496.0,60.2,74.0,33500.0,73.0,1254500.0,1438370465.0,1438370465.0,1438370465.0,0.0,0.0,,20000.0,1540000.0,1.0
2019-09-12,74.0,0.0,0.0,76.0,72.0,72.0,-2.0,5280400.0,385170500.0,392.0,58.5,73.0,153400.0,72.0,1235100.0,1438370465.0,1438370465.0,1438370465.0,0.0,0.0,,0.0,0.0,0.0
2019-09-13,72.0,0.0,0.0,75.0,70.0,71.0,-1.0,9451500.0,684358600.0,555.0,57.7,72.0,50000.0,71.0,4000.0,1438370465.0,1438370465.0,1438370465.0,0.0,6000.0,,0.0,0.0,0.0
2019-09-16,71.0,0.0,0.0,73.0,68.0,68.0,-3.0,5856800.0,406945100.0,396.0,55.3,69.0,100000.0,68.0,62500.0,1438370465.0,1438370465.0,1438370465.0,0.0,0.0,,0.0,0.0,0.0
2019-09-17,68.0,0.0,0.0,75.0,67.0,69.0,1.0,13706900.0,966498900.0,804.0,56.1,69.0,52800.0,68.0,1196200.0,1438370465.0,1438370465.0,1438370465.0,187600.0,187600.0,,0.0,0.0,0.0
2019-09-18,69.0,0.0,0.0,73.0,68.0,69.0,0.0,3972000.0,273165200.0,243.0,56.1,69.0,11500.0,68.0,284600.0,1438370465.0,1438370465.0,1438370465.0,0.0,0.0,,0.0,0.0,0.0
2019-09-19,69.0,0.0,0.0,69.0,67.0,67.0,-2.0,3645300.0,247118100.0,241.0,54.5,69.0,299500.0,66.0,821800.0,1438370465.0,1438370465.0,1438370465.0,0.0,0.0,,0.0,0.0,0.0
2019-09-20,67.0,0.0,0.0,67.0,64.0,66.0,-1.0,4296800.0,282147100.0,244.0,53.7,67.0,490800.0,65.0,696300.0,1438370465.0,1438370465.0,1438370465.0,0.0,0.0,,0.0,0.0,0.0
2019-09-23,66.0,0.0,0.0,72.0,58.0,61.0,-5.0,60892300.0,4019587400.0,2717.0,49.6,62.0,443400.0,61.0,73700.0,1438370465.0,1438370465.0,1438370465.0,8030000.0,0.0,,0.0,0.0,0.0
2019-09-24,61.0,0.0,0.0,63.0,55.0,58.0,-3.0,9704000.0,559813400.0,513.0,47.2,58.0,16200.0,57.0,479200.0,1438370465.0,1438370465.0,1438370465.0,0.0,305900.0,,0.0,0.0,0.0
2019-09-25,58.0,0.0,0.0,60.0,57.0,57.0,-1.0,4026400.0,232985100.0,422.0,46.3,58.0,256300.0,57.0,411800.0,1438370465.0,1438370465.0,1438370465.0,0.0,0.0,,0.0,0.0,0.0
2019-09-26,57.0,0.0,0.0,59.0,55.0,56.0,-1.0,4763600.0,265373700.0,366.0,45.5,56.0,123600.0,55.0,914600.0,1438370465.0,1438370465.0,1438370465.0,1748400.0,250000.0,,0.0,0.0,0.0
2019-09-27,56.0,0.0,0.0,57.0,54.0,54.0,-2.0,3255000.0,179003900.0,195.0,43.9,55.0,200.0,54.0,641800.0,1438370465.0,1438370465.0,1438370465.0,0.0,0.0,,0.0,0.0,0.0
2019-09-30,54.0,0.0,0.0,56.0,53.0,54.0,0.0,2507500.0,137169900.0,219.0,43.9,55.0,322100.0,54.0,329200.0,1438370465.0,1438370465.0,1438370465.0,0.0,0.0,,0.0,0.0,0.0
2019-10-01,54.0,0.0,0.0,56.0,54.0,54.0,0.0,1630700.0,89445200.0,158.0,43.9,55.0,154600.0,54.0,1909600.0,1438370465.0,1438370465.0,1438370465.0,0.0,0.0,,0.0,0.0,0.0
2019-10-02,54.0,0.0,0.0,56.0,54.0,56.0,2.0,2882400.0,157702500.0,239.0,45.5,56.0,533600.0,55.0,253600.0,1438370465.0,1438370465.0,1438370465.0,0.0,0.0,,0.0,0.0,0.0
2019-10-03,56.0,0.0,0.0,56.0,54.0,55.0,-1.0,2242100.0,122148200.0,136.0,44.7,56.0,553800.0,55.0,75500.0,1438370465.0,1438370465.0,1438370465.0,0.0,0.0,,0.0,0.0,0.0
2019-10-04,55.0,0.0,0.0,56.0,54.0,54.0,-1.0,1763200.0,95899600.0,133.0,43.9,55.0,281200.0,54.0,100000.0,1438370465.0,1438370465.0,1438370465.0,0.0,50000.0,,0.0,0.0,0.0
2019-10-07,54.0,0.0,0.0,56.0,53.0,53.0,-1.0,3062100.0,165151800.0,183.0,43.1,54.0,400000.0,53.0,926300.0,1438370465.0,1438370465.0,1438370465.0,0.0,0.0,,0.0,0.0,0.0
2019-10-08,53.0,0.0,0.0,54.0,52.0,52.0,-1.0,3962400.0,209411900.0,247.0,42.3,53.0,372500.0,52.0,797700.0,1438370465.0,1438370465.0,1438370465.0,0.0,0.0,,0.0,0.0,0.0
2019-10-09,52.0,0.0,0.0,56.0,52.0,53.0,1.0,3249800.0,174973600.0,328.0,43.1,54.0,69200.0,53.0,586700.0,1438370465.0,1438370465.0,1438370465.0,0.0,0.0,,0.0,0.0,0.0
2019-10-10,53.0,0.0,0.0,63.0,54.0,59.0,6.0,48409400.0,2876132700.0,2616.0,48.0,60.0,630200.0,59.0,356900.0,1438370465.0,1438370465.0,1438370465.0,50000.0,6000.0,,0.0,0.0,0.0
2019-10-11,59.0,0.0,0.0,68.0,59.0,60.0,1.0,39020900.0,2424258100.0,2177.0,48.8,61.0,440100.0,60.0,536700.0,1438370465.0,1438370465.0,1438370465.0,5204100.0,0.0,,0.0,0.0,0.0
2019-10-14,60.0,0.0,0.0,62.0,57.0,58.0,-2.0,7535300.0,443065400.0,601.0,47.2,59.0,1254000.0,58.0,52300.0,1438370465.0,1438370465.0,1438370465.0,0.0,0.0,,0.0,0.0,0.0
2019-10-15,58.0,0.0,0.0,58.0,55.0,56.0,-2.0,5274700.0,296227200.0,441.0,45.5,57.0,574400.0,56.0,528900.0,1438370465.0,1438370465.0,1438370465.0,0.0,0.0,,0.0,0.0,0.0
2019-10-16,56.0,0.0,0.0,60.0,55.0,57.0,1.0,8413200.0,480293800.0,501.0,46.3,57.0,99500.0,56.0,2417500.0,1438370465.0,1438370465.0,1438370465.0,0.0,0.0,,0.0,0.0,0.0
2019-10-17,57.0,0.0,0.0,58.0,55.0,57.0,0.0,3119300.0,175842100.0,256.0,46.3,57.0,162500.0,56.0,909600.0,1438370465.0,1438370465.0,1438370465.0,0.0,215000.0,,0.0,0.0,0.0
2019-10-18,57.0,0.0,0.0,57.0,56.0,56.0,-1.0,2353300.0,132183500.0,149.0,45.5,56.0,339300.0,55.0,878000.0,1438370465.0,1438370465.0,1438370465.0,0.0,0.0,,0.0,0.0,0.0
2019-10-21,56.0,0.0,0.0,57.0,55.0,55.0,-1.0,1103600.0,61545700.0,165.0,44.7,56.0,168700.0,55.0,1082100.0,1438370465.0,1438370465.0,1438370465.0,0.0,0.0,,0.0,0.0,0.0
2019-10-22,55.0,0.0,0.0,58.0,54.0,55.0,0.0,5988700.0,330072100.0,305.0,44.7,56.0,295000.0,55.0,145600.0,1438370465.0,1438370465.0,1438370465.0,0.0,0.0,,0.0,0.0,0.0
2019-10-23,55.0,0.0,0.0,55.0,54.0,54.0,-1.0,849800.0,46069000.0,109.0,43.9,55.0,139300.0,54.0,83400.0,1438370465.0,1438370465.0,1438370465.0,0.0,0.0,,0.0,0.0,0.0
2019-10-24,54.0,0.0,0.0,56.0,53.0,54.0,0.0,1359000.0,73996800.0,141.0,43.9,55.0,352700.0,54.0,223800.0,1438370465.0,1438370465.0,1438370465.0,0.0,0.0,,0.0,0.0,0.0
2019-10-25,54.0,0.0,0.0,55.0,54.0,55.0,1.0,904800.0,49263400.0,77.0,44.7,55.0,483000.0,54.0,1309200.0,1438370465.0,1438370465.0,1438370465.0,0.0,0.0,,0.0,0.0,0.0
2019-10-28,55.0,0.0,0.0,56.0,54.0,55.0,0.0,2942100.0,163132200.0,98.0,44.7,55.0,33800.0,54.0,946000.0,1438370465.0,1438370465.0,1438370465.0,0.0,0.0,,0.0,0.0,0.0
2019-10-29,55.0,0.0,0.0,55.0,54.0,55.0,0.0,1656400.0,90175800.0,92.0,44.7,55.0,375100.0,54.0,303100.0,1438370465.0,1438370465.0,1438370465.0,0.0,0.0,,0.0,0.0,0.0
2019-10-30,55.0,0.0,0.0,56.0,54.0,55.0,0.0,3509700.0,192171600.0,200.0,44.7,56.0,730100.0,55.0,4900.0,1438370465.0,1438370465.0,1438370465.0,0.0,0.0,,0.0,0.0,0.0
2019-10-31,55.0,0.0,0.0,56.0,54.0,54.0,-1.0,2431600.0,133279400.0,205.0,43.9,55.0,269500.0,54.0,465700.0,1438370465.0,1438370465.0,1438370465.0,0.0,0.0,,0.0,0.0,0.0
2019-11-01,54.0,0.0,0.0,55.0,54.0,54.0,0.0,1938700.0,105193200.0,101.0,43.9,55.0,874200.0,54.0,197400.0,1438370465.0,1438370465.0,1438370465.0,0.0,0.0,,0.0,0.0,0.0
2019-11-04,54.0,0.0,0.0,55.0,52.0,53.0,-1.0,2931200.0,156465400.0,215.0,43.1,54.0,95000.0,53.0,21100.0,1438370465.0,1438370465.0,1438370465.0,1900.0,0.0,,0.0,0.0,0.0
2019-11-05,53.0,0.0,0.0,56.0,53.0,54.0,1.0,1716000.0,92298600.0,132.0,43.9,54.0,153800.0,53.0,21400.0,1438370465.0,1438370465.0,1438370465.0,0.0,0.0,,0.0,0.0,0.0
2019-11-06,54.0,0.0,0.0,54.0,50.0,52.0,-2.0,5680600.0,292793000.0,361.0,42.3,52.0,20000.0,51.0,10100.0,1438370465.0,1438370465.0,1438370465.0,0.0,0.0,,0.0,0.0,0.0
2019-11-07,52.0,0.0,0.0,52.0,50.0,50.0,-2.0,6057200.0,304254500.0,278.0,40.7,51.0,360400.0,50.0,24000.0,1438370465.0,1438370465.0,1438370465.0,0.0,50000.0,,0.0,0.0,0.0
2019-11-08,50.0,0.0,0.0,51.0,50.0,50.0,0.0,1030700.0,51635000.0,68.0,40.7,50.0,528900.0,0.0,0.0,1438370465.0,1438370465.0,1438370465.0,0.0,0.0,,0.0,0.0,0.0
2019-11-11,50.0,0.0,0.0,51.0,50.0,50.0,0.0,1689700.0,84525100.0,77.0,40.7,50.0,77100.0,0.0,0.0,1438370465.0,1438370465.0,1438370465.0,0.0,0.0,,0.0,0.0,0.0
2019-11-12,50.0,0.0,0.0,50.0,50.0,50.0,0.0,243300.0,12165000.0,74.0,40.7,50.0,850200.0,0.0,0.0,1438370465.0,1438370465.0,1438370465.0,0.0,0.0,,0.0,0.0,0.0
2019-11-13,50.0,0.0,0.0,54.0,50.0,53.0,3.0,5637800.0,293786400.0,476.0,43.1,54.0,898000.0,53.0,41900.0,1438370465.0,1438370465.0,1438370465.0,0.0,1000.0,,0.0,0.0,0.0
2019-11-14,53.0,0.0,0.0,55.0,51.0,51.0,-2.0,4486500.0,238355700.0,234.0,41.5,53.0,317200.0,51.0,417300.0,1438370465.0,1438370465.0,1438370465.0,380000.0,0.0,,0.0,0.0,0.0
2019-11-15,51.0,0.0,0.0,53.0,50.0,51.0,0.0,3612500.0,184462800.0,166.0,41.5,51.0,329100.0,50.0,2110200.0,1438370465.0,1438370465.0,1438370465.0,0.0,0.0,,0.0,0.0,0.0
2019-11-18,51.0,0.0,0.0,51.0,50.0,51.0,0.0,1753600.0,87747200.0,100.0,41.5,51.0,276500.0,50.0,708100.0,1438370465.0,1438370465.0,1438370465.0,0.0,0.0,,0.0,0.0,0.0
2019-11-19,51.0,0.0,0.0,51.0,50.0,50.0,-1.0,797500.0,39946000.0,58.0,40.7,50.0,152000.0,0.0,0.0,1438370465.0,1438370465.0,1438370465.0,0.0,0.0,,0.0,0.0,0.0
2019-11-20,50.0,0.0,0.0,50.0,50.0,50.0,0.0,83600.0,4180000.0,20.0,40.7,50.0,750200.0,0.0,0.0,1438370465.0,1438370465.0,1438370465.0,0.0,0.0,,0.0,0.0,0.0
2019-11-21,50.0,0.0,0.0,50.0,50.0,50.0,0.0,268900.0,13445000.0,17.0,40.7,50.0,1133900.0,0.0,0.0,1438370465.0,1438370465.0,1438370465.0,0.0,0.0,,0.0,0.0,0.0
2019-11-22,50.0,0.0,0.0,50.0,50.0,50.0,0.0,18400.0,920000.0,4.0,40.7,50.0,1289500.0,0.0,0.0,1438370465.0,1438370465.0,1438370465.0,0.0,0.0,,0.0,0.0,0.0
2019-11-25,50.0,0.0,0.0,50.0,50.0,50.0,0.0,487800.0,24390000.0,18.0,40.7,50.0,987000.0,0.0,0.0,1438370465.0,1438370465.0,1438370465.0,0.0,0.0,,0.0,0.0,0.0
2019-11-26,50.0,0.0,0.0,50.0,50.0,50.0,0.0,49200.0,2460000.0,28.0,40.7,50.0,1204600.0,0.0,0.0,1438370465.0,1438370465.0,1438370465.0,0.0,0.0,,0.0,0.0,0.0
2019-11-27,50.0,0.0,0.0,50.0,50.0,50.0,0.0,55200.0,2760000.0,11.0,40.7,50.0,1838100.0,0.0,0.0,1438370465.0,1438370465.0,1438370465.0,0.0,0.0,,0.0,0.0,0.0
2019-11-28,50.0,0.0,0.0,50.0,50.0,50.0,0.0,39100.0,1955000.0,9.0,40.7,50.0,831900.0,0.0,0.0,1438370465.0,1438370465.0,1438370465.0,0.0,0.0,,0.0,0.0,0.0
2019-11-29,50.0,0.0,0.0,50.0,50.0,50.0,0.0,17900.0,895000.0,29.0,40.7,50.0,804500.0,0.0,0.0,1438370465.0,1438370465.0,1438370465.0,0.0,0.0,,0.0,0.0,0.0
2019-12-02,50.0,0.0,0.0,50.0,50.0,50.0,0.0,15200.0,760000.0,5.0,40.7,50.0,2216400.0,0.0,0.0,1438370465.0,1438370465.0,1438370465.0,0.0,0.0,,114100.0,5705000.0,1.0
2019-12-03,50.0,0.0,0.0,50.0,50.0,50.0,0.0,217500.0,10875000.0,18.0,40.7,50.0,791700.0,0.0,0.0,1438370465.0,1438370465.0,1438370465.0,0.0,0.0,,0.0,0.0,0.0
2019-12-04,50.0,0.0,0.0,50.0,50.0,50.0,0.0,76900.0,3845000.0,4.0,40.7,50.0,1432600.0,0.0,0.0,1438370465.0,1438370465.0,1438370465.0,0.0,0.0,,0.0,0.0,0.0
2019-12-05,50.0,0.0,0.0,50.0,50.0,50.0,0.0,10300.0,515000.0,12.0,40.7,50.0,1108400.0,0.0,0.0,1438370465.0,1438370465.0,1438370465.0,0.0,0.0,,0.0,0.0,0.0
2019-12-06,50.0,0.0,0.0,50.0,50.0,50.0,0.0,49100.0,2455000.0,6.0,40.7,50.0,763100.0,0.0,0.0,1438370465.0,1438370465.0,1438370465.0,0.0,0.0,,0.0,0.0,0.0
2019-12-09,50.0,0.0,0.0,50.0,50.0,50.0,0.0,8300.0,415000.0,6.0,40.7,50.0,638700.0,0.0,0.0,1438370465.0,1438370465.0,1438370465.0,0.0,0.0,,0.0,0.0,0.0
2019-12-10,50.0,0.0,0.0,50.0,50.0,50.0,0.0,267200.0,13360000.0,28.0,40.7,50.0,563800.0,0.0,0.0,1438370465.0,1438370465.0,1438370465.0,0.0,0.0,,0.0,0.0,0.0
2019-12-11,50.0,0.0,0.0,50.0,50.0,50.0,0.0,26600.0,1330000.0,14.0,40.7,50.0,587800.0,0.0,0.0,1438370465.0,1438370465.0,1438370465.0,0.0,0.0,,5000.0,250000.0,1.0
2019-12-12,50.0,0.0,0.0,52.0,50.0,50.0,0.0,3311400.0,166939800.0,103.0,40.7,51.0,109100.0,50.0,433000.0,1438370465.0,1438370465.0,1438370465.0,0.0,0.0,,0.0,0.0,0.0
2019-12-13,50.0,0.0,0.0,51.0,50.0,50.0,0.0,988300.0,49530400.0,120.0,40.7,51.0,255000.0,50.0,273000.0,1438370465.0,1438370465.0,1438370465.0,0.0,0.0,,0.0,0.0,0.0
2019-12-16,50.0,0.0,0.0,52.0,50.0,50.0,0.0,1709200.0,86130600.0,152.0,40.7,50.0,336600.0,0.0,0.0,1438370465.0,1438370465.0,1438370465.0,0.0,0.0,,0.0,0.0,0.0
2019-12-17,50.0,0.0,0.0,51.0,50.0,50.0,0.0,757600.0,37895100.0,59.0,40.7,50.0,334000.0,0.0,0.0,1438370465.0,1438370465.0,1438370465.0,0.0,0.0,,0.0,0.0,0.0
2019-12-18,50.0,0.0,0.0,50.0,50.0,50.0,0.0,946500.0,47325000.0,46.0,40.7,50.0,161200.0,0.0,0.0,1438370465.0,1438370465.0,1438370465.0,0.0,0.0,,0.0,0.0,0.0
2019-12-19,50.0,0.0,0.0,50.0,50.0,50.0,0.0,634100.0,31705000.0,74.0,40.7,50.0,69900.0,0.0,0.0,1438370465.0,1438370465.0,1438370465.0,0.0,0.0,,0.0,0.0,0.0
2019-12-20,50.0,0.0,0.0,51.0,50.0,50.0,0.0,212300.0,10617100.0,48.0,40.7,50.0,77900.0,0.0,0.0,1438370465.0,1438370465.0,1438370465.0,0.0,0.0,,0.0,0.0,0.0
2019-12-23,50.0,0.0,0.0,50.0,50.0,50.0,0.0,11500.0,575000.0,8.0,40.7,50.0,1113300.0,0.0,0.0,1438370465.0,1438370465.0,1438370465.0,0.0,0.0,,0.0,0.0,0.0
2019-12-26,50.0,0.0,0.0,50.0,50.0,50.0,0.0,5900.0,295000.0,5.0,40.7,50.0,1323600.0,0.0,0.0,1438370465.0,1438370465.0,1438370465.0,0.0,0.0,,0.0,0.0,0.0
2019-12-27,50.0,0.0,0.0,50.0,50.0,50.0,0.0,1700.0,85000.0,2.0,40.7,50.0,675700.0,0.0,0.0,1438370465.0,1438370465.0,1438370465.0,0.0,0.0,,0.0,0.0,0.0
2019-12-30,50.0,0.0,0.0,50.0,50.0,50.0,0.0,11600.0,580000.0,3.0,40.7,0.0,0.0,0.0,0.0,1438370465.0,1438370465.0,1438370465.0,0.0,0.0,,0.0,0.0,0.0
2020-01-02,50.0,0.0,0.0,60.0,50.0,50.0,0.0,16559600.0,885294600.0,1374.0,40.7,52.0,545700.0,50.0,775500.0,1438370465.0,1438370465.0,1438370465.0,77200.0,77200.0,,0.0,0.0,0.0
2020-01-03,50.0,0.0,0.0,54.0,50.0,50.0,0.0,5766100.0,294779500.0,450.0,40.7,51.0,84600.0,50.0,609100.0,1438370465.0,1438370465.0,1438370465.0,0.0,0.0,,0.0,0.0,0.0
2020-01-06,50.0,0.0,0.0,51.0,50.0,50.0,0.0,1753500.0,87982700.0,82.0,40.7,51.0,571300.0,50.0,296900.0,1438370465.0,1438370465.0,1438370465.0,0.0,0.0,,0.0,0.0,0.0
2020-01-07,50.0,0.0,0.0,51.0,50.0,50.0,0.0,569900.0,28495100.0,52.0,40.7,51.0,885800.0,50.0,14600.0,1438370465.0,1438370465.0,1438370465.0,0.0,0.0,,0.0,0.0,0.0
2020-01-08,50.0,0.0,0.0,51.0,50.0,50.0,0.0,585200.0,29360300.0,43.0,40.7,51.0,674400.0,50.0,375800.0,1438370465.0,1438370465.0,1438370465.0,0.0,0.0,,0.0,0.0,0.0
2020-01-09,50.0,0.0,0.0,50.0,50.0,50.0,0.0,181700.0,9085000.0,40.0,40.7,50.0,186600.0,0.0,0.0,1438370465.0,1438370465.0,1438370465.0,0.0,0.0,,0.0,0.0,0.0
2020-01-10,50.0,0.0,0.0,50.0,50.0,50.0,0.0,12600.0,630000.0,10.0,40.7,50.0,124800.0,0.0,0.0,1438370465.0,1438370465.0,1438370465.0,0.0,0.0,,0.0,0.0,0.0
2020-01-13,50.0,0.0,0.0,50.0,50.0,50.0,0.0,57000.0,2850000.0,7.0,40.7,50.0,5397200.0,0.0,0.0,1438370465.0,1438370465.0,1438370465.0,0.0,0.0,,0.0,0.0,0.0
2020-01-14,50.0,0.0,0.0,51.0,50.0,50.0,0.0,699500.0,34978500.0,65.0,40.7,51.0,348800.0,0.0,0.0,1438370465.0,1438370465.0,1438370465.0,70000.0,0.0,,0.0,0.0,0.0
2020-01-15,50.0,0.0,0.0,50.0,50.0,50.0,0.0,6600.0,330000.0,3.0,40.7,50.0,187800.0,0.0,0.0,1438370465.0,1438370465.0,1438370465.0,0.0,0.0,,0.0,0.0,0.0
2020-01-16,50.0,0.0,0.0,50.0,50.0,50.0,0.0,361000.0,18050000.0,23.0,40.7,51.0,430900.0,0.0,0.0,1438370465.0,1438370465.0,1438370465.0,0.0,0.0,,0.0,0.0,0.0
2020-01-17,50.0,0.0,0.0,51.0,50.0,50.0,0.0,299200.0,14960300.0,60.0,40.7,50.0,252200.0,0.0,0.0,1438370465.0,1438370465.0,1438370465.0,0.0,0.0,,0.0,0.0,0.0
2020-01-20,50.0,0.0,0.0,51.0,50.0,50.0,0.0,38700.0,1935100.0,11.0,40.7,50.0,57300.0,0.0,0.0,1438370465.0,1438370465.0,1438370465.0,0.0,0.0,,0.0,0.0,0.0
2020-01-21,50.0,0.0,0.0,50.0,50.0,50.0,0.0,207200.0,10360000.0,6.0,40.7,50.0,221100.0,0.0,0.0,1438370465.0,1438370465.0,1438370465.0,0.0,0.0,,0.0,0.0,0.0
2020-01-22,50.0,0.0,0.0,50.0,50.0,50.0,0.0,100500.0,5025000.0,4.0,40.7,50.0,461200.0,0.0,0.0,1438370465.0,1438370465.0,1438370465.0,0.0,0.0,,0.0,0.0,0.0
2020-01-23,50.0,0.0,0.0,50.0,50.0,50.0,0.0,100.0,5000.0,1.0,40.7,50.0,784100.0,0.0,0.0,1438370465.0,1438370465.0,1438370465.0,0.0,0.0,,0.0,0.0,0.0
2020-01-24,50.0,0.0,0.0,51.0,50.0,50.0,0.0,63300.0,3165100.0,10.0,40.7,50.0,273300.0,0.0,0.0,1438370465.0,1438370465.0,1438370465.0,0.0,0.0,,414200.0,17120000.0,2.0
2020-01-27,50.0,0.0,0.0,50.0,50.0,50.0,0.0,2000.0,100000.0,1.0,40.7,50.0,412900.0,0.0,0.0,1438370465.0,1438370465.0,1438370465.0,0.0,0.0,,0.0,0.0,0.0
2020-01-28,50.0,0.0,0.0,50.0,50.0,50.0,0.0,77400.0,3870000.0,3.0,40.7,50.0,883400.0,0.0,0.0,1438370465.0,1438370465.0,1438370465.0,0.0,0.0,,0.0,0.0,0.0
2020-01-29,50.0,0.0,0.0,50.0,50.0,50.0,0.0,300.0,15000.0,2.0,40.7,50.0,538000.0,0.0,0.0,1438370465.0,1438370465.0,1438370465.0,0.0,0.0,,0.0,0.0,0.0
2020-01-30,50.0,0.0,0.0,51.0,50.0,50.0,0.0,293100.0,14655700.0,24.0,40.7,50.0,971200.0,0.0,0.0,1438370465.0,1438370465.0,1438370465.0,0.0,0.0,,0.0,0.0,0.0
2020-01-31,50.0,0.0,0.0,50.0,50.0,50.0,0.0,200.0,10000.0,1.0,40.7,50.0,902500.0,0.0,0.0,1438370465.0,1438370465.0,1438370465.0,0.0,0.0,,0.0,0.0,0.0
2020-02-03,50.0,0.0,0.0,50.0,50.0,50.0,0.0,3000.0,150000.0,1.0,40.7,50.0,1758300.0,0.0,0.0,1438370465.0,1438370465.0,1438370465.0,0.0,0.0,,0.0,0.0,0.0
2020-02-04,50.0,0.0,0.0,50.0,50.0,50.0,0.0,6200.0,310000.0,3.0,40.7,50.0,1520100.0,0.0,0.0,1438370465.0,1438370465.0,1438370465.0,0.0,0.0,,0.0,0.0,0.0
2020-02-05,50.0,0.0,0.0,50.0,50.0,50.0,0.0,200.0,10000.0,1.0,40.7,50.0,1351800.0,0.0,0.0,1438370465.0,1438370465.0,1438370465.0,0.0,0.0,,0.0,0.0,0.0
2020-02-06,50.0,0.0,0.0,50.0,50.0,50.0,0.0,1600.0,80000.0,12.0,40.7,50.0,1396900.0,0.0,0.0,1438370465.0,1438370465.0,1438370465.0,0.0,0.0,,0.0,0.0,0.0
2020-02-07,50.0,0.0,0.0,50.0,50.0,50.0,0.0,1400.0,70000.0,8.0,40.7,50.0,1114900.0,0.0,0.0,1438370465.0,1438370465.0,1438370465.0,0.0,0.0,,0.0,0.0,0.0
2020-02-10,50.0,0.0,0.0,50.0,50.0,50.0,0.0,2300.0,115000.0,3.0,40.7,50.0,1547300.0,0.0,0.0,1438370465.0,1438370465.0,1438370465.0,0.0,0.0,,0.0,0.0,0.0
2020-02-11,50.0,0.0,0.0,0.0,0.0,50.0,0.0,0.0,0.0,0.0,40.7,50.0,1418300.0,0.0,0.0,1438370465.0,1438370465.0,1438370465.0,0.0,0.0,,0.0,0.0,0.0
2020-02-12,50.0,0.0,0.0,50.0,50.0,50.0,0.0,200.0,10000.0,2.0,40.7,50.0,1492300.0,0.0,0.0,1438370465.0,1438370465.0,1438370465.0,0.0,0.0,,0.0,0.0,0.0
2020-02-13,50.0,0.0,0.0,0.0,0.0,50.0,0.0,0.0,0.0,0.0,40.7,50.0,1926100.0,0.0,0.0,1438370465.0,1438370465.0,1438370465.0,0.0,0.0,,0.0,0.0,0.0
2020-02-14,50.0,0.0,0.0,0.0,0.0,50.0,0.0,0.0,0.0,0.0,40.7,50.0,1642100.0,0.0,0.0,1438370465.0,1438370465.0,1438370465.0,0.0,0.0,,0.0,0.0,0.0
2020-02-17,50.0,0.0,0.0,50.0,50.0,50.0,0.0,1000.0,50000.0,1.0,40.7,50.0,1268600.0,0.0,0.0,1438370465.0,1438370465.0,1438370465.0,0.0,0.0,,0.0,0.0,0.0
2020-02-18,50.0,0.0,0.0,50.0,50.0,50.0,0.0,100.0,5000.0,1.0,40.7,50.0,2284200.0,0.0,0.0,1438370465.0,1438370465.0,1438370465.0,0.0,0.0,,0.0,0.0,0.0
2020-02-19,50.0,0.0,0.0,50.0,50.0,50.0,0.0,200.0,10000.0,1.0,40.7,50.0,1820200.0,0.0,0.0,1438370465.0,1438370465.0,1438370465.0,0.0,0.0,,0.0,0.0,0.0
2020-02-20,50.0,0.0,0.0,0.0,0.0,50.0,0.0,0.0,0.0,0.0,40.7,50.0,822400.0,0.0,0.0,1438370465.0,1438370465.0,1438370465.0,0.0,0.0,,0.0,0.0,0.0
2020-02-21,50.0,0.0,0.0,50.0,50.0,50.0,0.0,100.0,5000.0,1.0,40.7,50.0,1143900.0,0.0,0.0,1438370465.0,1438370465.0,1438370465.0,0.0,0.0,,0.0,0.0,0.0
2020-02-24,50.0,0.0,0.0,0.0,0.0,50.0,0.0,0.0,0.0,0.0,40.7,50.0,1500700.0,0.0,0.0,1438370465.0,1438370465.0,1438370465.0,0.0,0.0,,0.0,0.0,0.0
2020-02-25,50.0,0.0,0.0,50.0,50.0,50.0,0.0,200.0,10000.0,1.0,40.7,50.0,1961300.0,0.0,0.0,1438370465.0,1438370465.0,1438370465.0,0.0,0.0,,0.0,0.0,0.0
2020-02-26,50.0,0.0,0.0,0.0,0.0,50.0,0.0,0.0,0.0,0.0,40.7,50.0,1503400.0,0.0,0.0,1438370465.0,1438370465.0,1438370465.0,0.0,0.0,,0.0,0.0,0.0
2020-02-27,50.0,0.0,0.0,0.0,0.0,50.0,0.0,0.0,0.0,0.0,40.7,50.0,1844300.0,0.0,0.0,1438370465.0,1438370465.0,1438370465.0,0.0,0.0,,0.0,0.0,0.0
2020-02-28,50.0,0.0,0.0,50.0,50.0,50.0,0.0,200.0,10000.0,1.0,40.7,50.0,6688300.0,0.0,0.0,1438370465.0,1438370465.0,1438370465.0,0.0,0.0,,0.0,0.0,0.0
2020-03-02,50.0,0.0,0.0,50.0,50.0,50.0,0.0,2200.0,110000.0,2.0,40.7,50.0,1930000.0,0.0,0.0,1438370465.0,1438370465.0,1438370465.0,0.0,0.0,,0.0,0.0,0.0
2020-03-03,50.0,0.0,0.0,0.0,0.0,50.0,0.0,0.0,0.0,0.0,40.7,50.0,1593000.0,0.0,0.0,1438370465.0,1438370465.0,1438370465.0,0.0,0.0,,0.0,0.0,0.0
2020-03-04,50.0,0.0,0.0,50.0,50.0,50.0,0.0,100.0,5000.0,1.0,40.7,50.0,1508500.0,0.0,0.0,1438370465.0,1438370465.0,1438370465.0,0.0,0.0,,0.0,0.0,0.0
2020-03-05,50.0,0.0,0.0,50.0,50.0,50.0,0.0,100.0,5000.0,1.0,40.7,50.0,1258500.0,0.0,0.0,1438370465.0,1438370465.0,1438370465.0,0.0,0.0,,0.0,0.0,0.0
2020-03-06,50.0,0.0,0.0,0.0,0.0,50.0,0.0,0.0,0.0,0.0,40.7,50.0,1360900.0,0.0,0.0,1438370465.0,1438370465.0,1438370465.0,0.0,0.0,,0.0,0.0,0.0
2020-03-09,50.0,0.0,0.0,0.0,0.0,50.0,0.0,0.0,0.0,0.0,40.7,50.0,3172900.0,0.0,0.0,1438370465.0,1438370465.0,1438370465.0,0.0,0.0,,0.0,0.0,0.0
2020-03-10,50.0,0.0,0.0,50.0,50.0,50.0,0.0,100.0,5000.0,1.0,40.7,50.0,1859900.0,0.0,0.0,1438370465.0,1438370465.0,1438370465.0,0.0,0.0,,0.0,0.0,0.0
2020-03-11,50.0,0.0,0.0,0.0,0.0,50.0,0.0,0.0,0.0,0.0,40.7,50.0,1769000.0,0.0,0.0,1438370465.0,1438370465.0,1438370465.0,0.0,0.0,,0.0,0.0,0.0
2020-03-12,50.0,0.0,0.0,0.0,0.0,50.0,0.0,0.0,0.0,0.0,40.7,50.0,1874900.0,0.0,0.0,1438370465.0,1438370465.0,1438370465.0,0.0,0.0,,0.0,0.0,0.0
2020-03-13,50.0,0.0,0.0,0.0,0.0,50.0,0.0,0.0,0.0,0.0,40.7,50.0,2041400.0,0.0,0.0,1438370465.0,1438370465.0,1438370465.0,0.0,0.0,,0.0,0.0,0.0
2020-03-16,50.0,0.0,0.0,50.0,50.0,50.0,0.0,100.0,5000.0,1.0,40.7,50.0,2532000.0,0.0,0.0,1438370465.0,1438370465.0,1438370465.0,0.0,0.0,,400.0,20000.0,1.0
2020-03-17,50.0,0.0,0.0,50.0,50.0,50.0,0.0,200.0,10000.0,2.0,40.7,50.0,2567100.0,0.0,0.0,1438370465.0,1438370465.0,1438370465.0,0.0,0.0,,0.0,0.0,0.0
2020-03-18,50.0,0.0,0.0,0.0,0.0,50.0,0.0,0.0,0.0,0.0,40.7,50.0,2350000.0,0.0,0.0,1438370465.0,1438370465.0,1438370465.0,0.0,0.0,,0.0,0.0,0.0
2020-03-19,50.0,0.0,0.0,0.0,0.0,50.0,0.0,0.0,0.0,0.0,40.7,50.0,2090900.0,0.0,0.0,1438370465.0,1438370465.0,1438370465.0,0.0,0.0,,0.0,0.0,0.0
2020-03-20,50.0,0.0,0.0,50.0,50.0,50.0,0.0,100.0,5000.0,1.0,40.7,50.0,2099500.0,0.0,0.0,1438370465.0,1438370465.0,1438370465.0,0.0,0.0,,0.0,0.0,0.0
2020-03-23,50.0,0.0,0.0,50.0,50.0,50.0,0.0,100.0,5000.0,1.0,40.7,50.0,3571300.0,0.0,0.0,1438370465.0,1438370465.0,1438370465.0,0.0,0.0,,0.0,0.0,0.0
2020-03-24,50.0,0.0,0.0,50.0,50.0,50.0,0.0,3700.0,185000.0,2.0,40.7,50.0,3527400.0,0.0,0.0,1438370465.0,1438370465.0,1438370465.0,0.0,0.0,,0.0,0.0,0.0
2020-03-26,50.0,0.0,0.0,0.0,0.0,50.0,0.0,0.0,0.0,0.0,40.7,50.0,2046000.0,0.0,0.0,1438370465.0,1438370465.0,1438370465.0,0.0,0.0,,0.0,0.0,0.0
2020-03-27,50.0,0.0,0.0,50.0,50.0,50.0,0.0,400.0,20000.0,4.0,40.7,50.0,2395800.0,0.0,0.0,1438370465.0,1438370465.0,1438370465.0,0.0,0.0,,0.0,0.0,0.0
2020-03-30,50.0,0.0,0.0,50.0,50.0,50.0,0.0,100.0,5000.0,1.0,40.7,50.0,3447800.0,0.0,0.0,1438370465.0,1438370465.0,1438370465.0,0.0,0.0,,0.0,0.0,0.0
2020-03-31,50.0,0.0,0.0,50.0,50.0,50.0,0.0,10000.0,500000.0,1.0,40.7,50.0,3322800.0,0.0,0.0,1438370465.0,1438370465.0,1438370465.0,0.0,0.0,,0.0,0.0,0.0
2020-04-01,50.0,0.0,0.0,50.0,50.0,50.0,0.0,200.0,10000.0,2.0,40.7,50.0,3495700.0,0.0,0.0,1438370465.0,1438370465.0,1438370465.0,0.0,0.0,,0.0,0.0,0.0
2020-04-02,50.0,0.0,0.0,50.0,50.0,50.0,0.0,100.0,5000.0,1.0,40.7,50.0,3893600.0,0.0,0.0,1438370465.0,1438370465.0,1438370465.0,0.0,0.0,,0.0,0.0,0.0
2020-04-03,50.0,0.0,0.0,50.0,50.0,50.0,0.0,100.0,5000.0,1.0,40.7,50.0,1612600.0,0.0,0.0,1438370465.0,1438370465.0,1438370465.0,0.0,0.0,,0.0,0.0,0.0
2020-04-06,50.0,0.0,0.0,50.0,50.0,50.0,0.0,300.0,15000.0,2.0,40.7,50.0,4334000.0,0.0,0.0,1438370465.0,1438370465.0,1438370465.0,0.0,0.0,,0.0,0.0,0.0
2020-04-07,50.0,0.0,0.0,50.0,50.0,50.0,0.0,1700.0,85000.0,3.0,40.7,50.0,3842600.0,0.0,0.0,1438370465.0,1438370465.0,1438370465.0,0.0,0.0,,0.0,0.0,0.0
2020-04-08,50.0,0.0,0.0,50.0,50.0,50.0,0.0,100.0,5000.0,1.0,40.7,50.0,4241400.0,0.0,0.0,1438370465.0,1438370465.0,1438370465.0,0.0,0.0,,0.0,0.0,0.0
2020-04-09,50.0,0.0,0.0,50.0,50.0,50.0,0.0,204500.0,10225000.0,10.0,40.7,50.0,4282100.0,0.0,0.0,1438370465.0,1438370465.0,1438370465.0,0.0,0.0,,0.0,0.0,0.0
2020-04-13,50.0,0.0,0.0,50.0,50.0,50.0,0.0,200.0,10000.0,2.0,40.7,50.0,3408300.0,0.0,0.0,1438370465.0,1438370465.0,1438370465.0,0.0,0.0,,0.0,0.0,0.0
2020-04-14,50.0,0.0,0.0,50.0,50.0,50.0,0.0,19000.0,950000.0,4.0,40.7,50.0,4848600.0,0.0,0.0,1438370465.0,1438370465.0,1438370465.0,0.0,0.0,,0.0,0.0,0.0
2020-04-15,50.0,0.0,0.0,50.0,50.0,50.0,0.0,300.0,15000.0,2.0,40.7,50.0,4034700.0,0.0,0.0,1438370465.0,1438370465.0,1438370465.0,0.0,0.0,,0.0,0.0,0.0
2020-04-16,50.0,0.0,0.0,50.0,50.0,50.0,0.0,100.0,5000.0,1.0,40.7,50.0,3312500.0,0.0,0.0,1438370465.0,1438370465.0,1438370465.0,0.0,0.0,,0.0,0.0,0.0
2020-04-17,50.0,0.0,0.0,50.0,50.0,50.0,0.0,100.0,5000.0,1.0,40.7,50.0,3555000.0,0.0,0.0,1438370465.0,1438370465.0,1438370465.0,0.0,0.0,,0.0,0.0,0.0
2020-04-20,50.0,0.0,0.0,50.0,50.0,50.0,0.0,1000200.0,50010000.0,5.0,40.7,50.0,2916500.0,0.0,0.0,1438370465.0,1438370465.0,1438370465.0,0.0,0.0,,0.0,0.0,0.0
2020-04-21,50.0,0.0,0.0,50.0,50.0,50.0,0.0,500.0,25000.0,2.0,40.7,50.0,3076700.0,0.0,0.0,1438370465.0,1438370465.0,1438370465.0,0.0,0.0,,0.0,0.0,0.0
2020-04-22,50.0,0.0,0.0,50.0,50.0,50.0,0.0,7400.0,370000.0,4.0,40.7,50.0,2312800.0,0.0,0.0,1438370465.0,1438370465.0,1438370465.0,0.0,0.0,,0.0,0.0,0.0
2020-04-23,50.0,0.0,0.0,50.0,50.0,50.0,0.0,1700.0,85000.0,11.0,40.7,50.0,2401800.0,0.0,0.0,1438370465.0,1438370465.0,1438370465.0,0.0,0.0,,0.0,0.0,0.0
2020-04-24,50.0,0.0,0.0,50.0,50.0,50.0,0.0,200.0,10000.0,2.0,40.7,50.0,2339400.0,0.0,0.0,1438370465.0,1438370465.0,1438370465.0,0.0,0.0,,0.0,0.0,0.0
2020-04-27,50.0,0.0,0.0,0.0,0.0,50.0,0.0,0.0,0.0,0.0,40.7,50.0,2336100.0,0.0,0.0,1438370465.0,1438370465.0,1438370465.0,0.0,0.0,,0.0,0.0,0.0
2020-04-28,50.0,0.0,0.0,0.0,0.0,50.0,0.0,0.0,0.0,0.0,40.7,50.0,2559700.0,0.0,0.0,1438370465.0,1438370465.0,1438370465.0,0.0,0.0,,0.0,0.0,0.0
2020-04-29,50.0,0.0,0.0,0.0,0.0,50.0,0.0,0.0,0.0,0.0,40.7,50.0,3927800.0,0.0,0.0,1438370465.0,1438370465.0,1438370465.0,0.0,0.0,,0.0,0.0,0.0
2020-04-30,50.0,0.0,0.0,50.0,50.0,50.0,0.0,21600.0,1080000.0,2.0,40.7,50.0,2738700.0,0.0,0.0,1438370465.0,1438370465.0,1438370465.0,0.0,0.0,,0.0,0.0,0.0
2020-05-04,50.0,0.0,0.0,50.0,50.0,50.0,0.0,200.0,10000.0,2.0,40.7,50.0,2355200.0,0.0,0.0,1438370465.0,1438370465.0,1438370465.0,0.0,0.0,,0.0,0.0,0.0
2020-05-05,50.0,0.0,0.0,51.0,50.0,50.0,0.0,3449300.0,172475200.0,216.0,40.7,50.0,219900.0,0.0,0.0,1438370465.0,1438370465.0,1438370465.0,0.0,0.0,,0.0,0.0,0.0
2020-05-06,50.0,0.0,0.0,51.0,50.0,50.0,0.0,160900.0,8046100.0,29.0,40.7,50.0,595700.0,0.0,0.0,1438370465.0,1438370465.0,1438370465.0,0.0,0.0,,0.0,0.0,0.0
2020-05-08,50.0,0.0,0.0,50.0,50.0,50.0,0.0,1700.0,85000.0,4.0,40.7,50.0,1255100.0,0.0,0.0,1438370465.0,1438370465.0,1438370465.0,0.0,0.0,,0.0,0.0,0.0
2020-05-11,50.0,0.0,0.0,50.0,50.0,50.0,0.0,200.0,10000.0,2.0,40.7,50.0,1656700.0,0.0,0.0,1438370465.0,1438370465.0,1438370465.0,0.0,0.0,,0.0,0.0,0.0
2020-05-12,50.0,0.0,0.0,51.0,50.0,50.0,0.0,561100.0,28056100.0,22.0,40.7,50.0,1797300.0,0.0,0.0,1438370465.0,1438370465.0,1438370465.0,0.0,0.0,,0.0,0.0,0.0
2020-05-13,50.0,0.0,0.0,50.0,50.0,50.0,0.0,6400.0,320000.0,40.0,40.7,50.0,4593600.0,0.0,0.0,1438370465.0,1438370465.0,1438370465.0,0.0,0.0,,0.0,0.0,0.0
2020-05-14,50.0,0.0,0.0,50.0,50.0,50.0,0.0,400.0,20000.0,4.0,40.7,50.0,4994100.0,0.0,0.0,1438370465.0,1438370465.0,1438370465.0,0.0,0.0,,0.0,0.0,0.0
2020-05-15,50.0,0.0,0.0,50.0,50.0,50.0,0.0,100.0,5000.0,1.0,40.7,50.0,5082500.0,0.0,0.0,1438370465.0,1438370465.0,1438370465.0,0.0,0.0,,0.0,0.0,0.0
2020-05-18,50.0,0.0,0.0,50.0,50.0,50.0,0.0,1900.0,95000.0,4.0,40.7,50.0,5958900.0,0.0,0.0,1438370465.0,1438370465.0,1438370465.0,0.0,0.0,,0.0,0.0,0.0
2020-05-19,50.0,0.0,0.0,50.0,50.0,50.0,0.0,100.0,5000.0,1.0,40.7,50.0,5833900.0,0.0,0.0,1438370465.0,1438370465.0,1438370465.0,0.0,0.0,,0.0,0.0,0.0
2020-05-20,50.0,0.0,0.0,50.0,50.0,50.0,0.0,2700.0,135000.0,12.0,40.7,50.0,1382300.0,0.0,0.0,1438370465.0,1438370465.0,1438370465.0,0.0,0.0,,0.0,0.0,0.0
2020-05-26,50.0,0.0,0.0,50.0,50.0,50.0,0.0,100.0,5000.0,1.0,40.7,50.0,1255100.0,0.0,0.0,1438370465.0,1438370465.0,1438370465.0,0.0,0.0,,0.0,0.0,0.0
2020-05-27,50.0,0.0,0.0,50.0,50.0,50.0,0.0,5200.0,260000.0,3.0,40.7,50.0,2242600.0,0.0,0.0,1438370465.0,1438370465.0,1438370465.0,0.0,0.0,,0.0,0.0,0.0
2020-05-28,50.0,0.0,0.0,50.0,50.0,50.0,0.0,30600.0,1530000.0,7.0,40.7,50.0,1757700.0,0.0,0.0,1438370465.0,1438370465.0,1438370465.0,0.0,0.0,,0.0,0.0,0.0
2020-05-29,50.0,0.0,0.0,50.0,50.0,50.0,0.0,200.0,10000.0,2.0,40.7,50.0,1437100.0,0.0,0.0,1438370465.0,1438370465.0,1438370465.0,0.0,0.0,,0.0,0.0,0.0
2020-06-02,50.0,0.0,0.0,50.0,50.0,50.0,0.0,23000.0,1150000.0,7.0,40.7,50.0,838100.0,0.0,0.0,1438370465.0,1438370465.0,1438370465.0,0.0,0.0,,0.0,0.0,0.0
2020-06-03,50.0,0.0,0.0,50.0,50.0,50.0,0.0,1000.0,50000.0,1.0,40.7,50.0,1545900.0,0.0,0.0,1438370465.0,1438370465.0,1438370465.0,0.0,0.0,,0.0,0.0,0.0
2020-06-04,50.0,0.0,0.0,50.0,50.0,50.0,0.0,500.0,25000.0,5.0,40.7,50.0,1284900.0,0.0,0.0,1438370465.0,1438370465.0,1438370465.0,0.0,0.0,,0.0,0.0,0.0
2020-06-05,50.0,0.0,0.0,50.0,50.0,50.0,0.0,10000.0,500000.0,5.0,40.7,50.0,1178600.0,0.0,0.0,1438370465.0,1438370465.0,1438370465.0,0.0,0.0,,0.0,0.0,0.0
2020-06-08,50.0,0.0,0.0,50.0,50.0,50.0,0.0,400.0,20000.0,1.0,40.7,50.0,1295200.0,0.0,0.0,1438370465.0,1438370465.0,1438370465.0,0.0,0.0,,0.0,0.0,0.0
2020-06-09,50.0,0.0,0.0,50.0,50.0,50.0,0.0,2000.0,100000.0,2.0,40.7,50.0,1549100.0,0.0,0.0,1438370465.0,1438370465.0,1438370465.0,0.0,0.0,,0.0,0.0,0.0
2020-06-10,50.0,0.0,0.0,0.0,0.0,50.0,0.0,0.0,0.0,0.0,40.7,50.0,1709500.0,0.0,0.0,1438370465.0,1438370465.0,1438370465.0,0.0,0.0,,0.0,0.0,0.0
2020-06-11,50.0,0.0,0.0,50.0,50.0,50.0,0.0,2500.0,125000.0,25.0,40.7,50.0,1698900.0,0.0,0.0,1438370465.0,1438370465.0,1438370465.0,0.0,0.0,,0.0,0.0,0.0
2020-06-12,50.0,0.0,0.0,0.0,0.0,50.0,0.0,0.0,0.0,0.0,40.7,50.0,2043200.0,0.0,0.0,1438370465.0,1438370465.0,1438370465.0,0.0,0.0,,0.0,0.0,0.0
2020-06-15,50.0,0.0,0.0,0.0,0.0,50.0,0.0,0.0,0.0,0.0,40.7,50.0,1395300.0,0.0,0.0,1438370465.0,1438370465.0,1438370465.0,0.0,0.0,,0.0,0.0,0.0
2020-06-16,50.0,0.0,0.0,50.0,50.0,50.0,0.0,3100.0,155000.0,31.0,40.7,50.0,2603200.0,0.0,0.0,1438370465.0,1438370465.0,1438370465.0,0.0,0.0,,0.0,0.0,0.0
2020-06-17,50.0,0.0,0.0,50.0,50.0,50.0,0.0,12300.0,615000.0,39.0,40.7,50.0,1790300.0,0.0,0.0,1438370465.0,1438370465.0,1438370465.0,0.0,0.0,,0.0,0.0,0.0
2020-06-18,50.0,0.0,0.0,0.0,0.0,50.0,0.0,0.0,0.0,0.0,40.7,50.0,2287000.0,0.0,0.0,1438370465.0,1438370465.0,1438370465.0,0.0,0.0,,0.0,0.0,0.0
2020-06-19,50.0,0.0,0.0,0.0,0.0,50.0,0.0,0.0,0.0,0.0,40.7,50.0,1986900.0,0.0,0.0,1438370465.0,1438370465.0,1438370465.0,0.0,0.0,,0.0,0.0,0.0
2020-06-22,50.0,0.0,0.0,50.0,50.0,50.0,0.0,200.0,10000.0,1.0,40.7,50.0,1077700.0,0.0,0.0,1438370465.0,1438370465.0,1438370465.0,0.0,0.0,,0.0,0.0,0.0
2020-06-23,50.0,0.0,0.0,50.0,50.0,50.0,0.0,2800.0,140000.0,28.0,40.7,50.0,883900.0,0.0,0.0,1438370465.0,1438370465.0,1438370465.0,0.0,0.0,,0.0,0.0,0.0
2020-06-24,50.0,0.0,0.0,50.0,50.0,50.0,0.0,189700.0,9485000.0,36.0,40.7,50.0,1044700.0,0.0,0.0,1438370465.0,1438370465.0,1438370465.0,0.0,0.0,,0.0,0.0,0.0
2020-06-25,50.0,0.0,0.0,50.0,50.0,50.0,0.0,1900.0,95000.0,18.0,40.7,50.0,1304000.0,0.0,0.0,1438370465.0,1438370465.0,1438370465.0,0.0,0.0,,0.0,0.0,0.0
2020-06-26,50.0,0.0,0.0,50.0,50.0,50.0,0.0,200.0,10000.0,1.0,40.7,50.0,932000.0,0.0,0.0,1438370465.0,1438370465.0,1438370465.0,0.0,0.0,,0.0,0.0,0.0
2020-06-29,50.0,0.0,0.0,50.0,50.0,50.0,0.0,500.0,25000.0,2.0,40.7,50.0,1495400.0,0.0,0.0,1438370465.0,1438370465.0,1438370465.0,0.0,0.0,,0.0,0.0,0.0
2020-06-30,50.0,0.0,0.0,50.0,50.0,50.0,0.0,100.0,5000.0,1.0,40.7,50.0,2204700.0,0.0,0.0,1438370465.0,1438370465.0,1438370465.0,0.0,0.0,,0.0,0.0,0.0
2020-07-01,50.0,0.0,0.0,50.0,50.0,50.0,0.0,1100.0,55000.0,2.0,40.7,50.0,1941300.0,0.0,0.0,1438370465.0,1438370465.0,1438370465.0,0.0,0.0,,0.0,0.0,0.0
2020-07-02,50.0,0.0,0.0,50.0,50.0,50.0,0.0,46200.0,2310000.0,103.0,40.7,50.0,2204900.0,0.0,0.0,1438370465.0,1438370465.0,1438370465.0,0.0,0.0,,0.0,0.0,0.0
2020-07-03,50.0,0.0,0.0,50.0,50.0,50.0,0.0,24300.0,1215000.0,4.0,40.7,50.0,1900600.0,0.0,0.0,1438370465.0,1438370465.0,1438370465.0,0.0,0.0,,0.0,0.0,0.0
2020-07-06,50.0,0.0,0.0,0.0,0.0,50.0,0.0,0.0,0.0,0.0,40.7,50.0,2316800.0,0.0,0.0,1438370465.0,1438370465.0,1438370465.0,0.0,0.0,,0.0,0.0,0.0
2020-07-07,50.0,0.0,0.0,50.0,50.0,50.0,0.0,300.0,15000.0,3.0,40.7,50.0,2249000.0,0.0,0.0,1438370465.0,1438370465.0,1438370465.0,0.0,0.0,,0.0,0.0,0.0
2020-07-08,50.0,0.0,0.0,50.0,50.0,50.0,0.0,100.0,5000.0,1.0,40.7,50.0,2107000.0,0.0,0.0,1438370465.0,1438370465.0,1438370465.0,0.0,0.0,,0.0,0.0,0.0
2020-07-09,50.0,0.0,0.0,0.0,0.0,50.0,0.0,0.0,0.0,0.0,40.7,50.0,2004700.0,0.0,0.0,1438370465.0,1438370465.0,1438370465.0,0.0,0.0,,0.0,0.0,0.0
2020-07-10,50.0,0.0,0.0,0.0,0.0,50.0,0.0,0.0,0.0,0.0,40.7,50.0,1778200.0,0.0,0.0,1438370465.0,1438370465.0,1438370465.0,0.0,0.0,,0.0,0.0,0.0
2020-07-13,50.0,0.0,0.0,50.0,50.0,50.0,0.0,200.0,10000.0,2.0,40.7,50.0,2412800.0,0.0,0.0,1438370465.0,1438370465.0,1438370465.0,0.0,0.0,,0.0,0.0,0.0
2020-07-14,50.0,0.0,0.0,0.0,0.0,50.0,0.0,0.0,0.0,0.0,40.7,50.0,2056900.0,0.0,0.0,1438370465.0,1438370465.0,1438370465.0,0.0,0.0,,0.0,0.0,0.0
2020-07-15,50.0,0.0,0.0,0.0,0.0,50.0,0.0,0.0,0.0,0.0,40.7,50.0,1895200.0,0.0,0.0,1438370465.0,1438370465.0,1438370465.0,0.0,0.0,,0.0,0.0,0.0
2020-07-16,50.0,0.0,0.0,50.0,50.0,50.0,0.0,30200.0,1510000.0,29.0,40.7,50.0,3005300.0,0.0,0.0,1438370465.0,1438370465.0,1438370465.0,0.0,0.0,,0.0,0.0,0.0
2020-07-17,50.0,0.0,0.0,50.0,50.0,50.0,0.0,2393500.0,119675000.0,37.0,40.7,50.0,1219600.0,0.0,0.0,1438370465.0,1438370465.0,1438370465.0,0.0,0.0,,0.0,0.0,0.0
2020-07-20,50.0,0.0,0.0,59.0,50.0,53.0,3.0,20165000.0,1092553000.0,1034.0,43.1,53.0,412000.0,52.0,509600.0,1438370465.0,1438370465.0,1438370465.0,0.0,0.0,,0.0,0.0,0.0
2020-07-21,53.0,0.0,0.0,53.0,50.0,52.0,-1.0,13405900.0,683242800.0,850.0,42.3,53.0,435100.0,52.0,24300.0,1438370465.0,1438370465.0,1438370465.0,0.0,0.0,,0.0,0.0,0.0
2020-07-22,52.0,0.0,0.0,54.0,50.0,53.0,1.0,3690600.0,193120400.0,265.0,43.1,54.0,706600.0,53.0,6000.0,1438370465.0,1438370465.0,1438370465.0,0.0,0.0,,0.0,0.0,0.0
2020-07-23,53.0,0.0,0.0,56.0,52.0,52.0,-1.0,2156100.0,116180900.0,206.0,42.3,53.0,29200.0,52.0,423300.0,1438370465.0,1438370465.0,1438370465.0,0.0,116800.0,,0.0,0.0,0.0
2020-07-24,52.0,0.0,0.0,53.0,50.0,50.0,-2.0,1427700.0,71832500.0,72.0,40.7,51.0,327000.0,50.0,3709300.0,1438370465.0,1438370465.0,1438370465.0,0.0,0.0,,0.0,0.0,0.0
2020-07-27,50.0,0.0,0.0,55.0,50.0,50.0,0.0,6403300.0,329948300.0,303.0,40.7,51.0,5400.0,50.0,5390900.0,1438370465.0,1438370465.0,1438370465.0,0.0,0.0,,0.0,0.0,0.0
2020-07-28,50.0,0.0,0.0,57.0,51.0,53.0,3.0,10132900.0,551736300.0,504.0,43.1,53.0,103600.0,52.0,2361500.0,1438370465.0,1438370465.0,1438370465.0,205200.0,0.0,,0.0,0.0,0.0
2020-07-29,53.0,0.0,0.0,55.0,50.0,52.0,-1.0,6665000.0,342868800.0,165.0,42.3,52.0,105100.0,51.0,667800.0,1438370465.0,1438370465.0,1438370465.0,0.0,250000.0,,0.0,0.0,0.0
2020-07-30,52.0,0.0,0.0,52.0,50.0,50.0,-2.0,6885600.0,345279400.0,118.0,40.7,51.0,154000.0,50.0,8695000.0,1438370465.0,1438370465.0,1438370465.0,0.0,374900.0,,0.0,0.0,0.0
2020-08-03,50.0,0.0,0.0,52.0,50.0,50.0,0.0,503500.0,25224100.0,44.0,40.7,50.0,2598500.0,0.0,0.0,1438370465.0,1438370465.0,1438370465.0,0.0,0.0,,0.0,0.0,0.0
2020-08-04,50.0,0.0,0.0,51.0,50.0,50.0,0.0,2237900.0,111898400.0,38.0,40.7,51.0,1703600.0,50.0,178100.0,1438370465.0,1438370465.0,1438370465.0,0.0,182900.0,,0.0,0.0,0.0
2020-08-05,50.0,0.0,0.0,51.0,50.0,50.0,0.0,243800.0,12191000.0,16.0,40.7,50.0,8000.0,0.0,0.0,1438370465.0,1438370465.0,1438370465.0,0.0,120000.0,,0.0,0.0,0.0
2020-08-06,50.0,0.0,0.0,50.0,50.0,50.0,0.0,62600.0,3130000.0,13.0,40.7,50.0,591100.0,0.0,0.0,1438370465.0,1438370465.0,1438370465.0,0.0,0.0,,0.0,0.0,0.0
2020-08-07,50.0,0.0,0.0,50.0,50.0,50.0,0.0,6300.0,315000.0,3.0,40.7,50.0,544500.0,0.0,0.0,1438370465.0,1438370465.0,1438370465.0,0.0,0.0,,0.0,0.0,0.0
2020-08-10,50.0,0.0,0.0,50.0,50.0,50.0,0.0,100.0,5000.0,1.0,40.7,50.0,595800.0,0.0,0.0,1438370465.0,1438370465.0,1438370465.0,0.0,0.0,,0.0,0.0,0.0
2020-08-11,50.0,0.0,0.0,50.0,50.0,50.0,0.0,329400.0,16470000.0,9.0,40.7,50.0,304700.0,0.0,0.0,1438370465.0,1438370465.0,1438370465.0,0.0,0.0,,0.0,0.0,0.0
2020-08-12,50.0,0.0,0.0,0.0,0.0,50.0,0.0,0.0,0.0,0.0,40.7,50.0,464100.0,0.0,0.0,1438370465.0,1438370465.0,1438370465.0,0.0,0.0,,0.0,0.0,0.0
2020-08-13,50.0,0.0,0.0,50.0,50.0,50.0,0.0,54400.0,2720000.0,2.0,40.7,50.0,470600.0,0.0,0.0,1438370465.0,1438370465.0,1438370465.0,0.0,0.0,,0.0,0.0,0.0
2020-08-14,50.0,0.0,0.0,51.0,50.0,50.0,0.0,217300.0,10865100.0,40.0,40.7,50.0,105400.0,0.0,0.0,1438370465.0,1438370465.0,1438370465.0,0.0,7000.0,,0.0,0.0,0.0
2020-08-18,50.0,0.0,0.0,50.0,50.0,50.0,0.0,9000.0,450000.0,5.0,40.7,50.0,499300.0,0.0,0.0,1438370465.0,1438370465.0,1438370465.0,0.0,0.0,,0.0,0.0,0.0
2020-08-19,50.0,0.0,0.0,50.0,50.0,50.0,0.0,1500.0,75000.0,2.0,40.7,50.0,333700.0,0.0,0.0,1438370465.0,1438370465.0,1438370465.0,0.0,0.0,,0.0,0.0,0.0
2020-08-24,50.0,0.0,0.0,50.0,50.0,50.0,0.0,300.0,15000.0,2.0,40.7,50.0,290600.0,0.0,0.0,1438370465.0,1438370465.0,1438370465.0,0.0,0.0,,0.0,0.0,0.0
2020-08-25,50.0,0.0,0.0,50.0,50.0,50.0,0.0,3700.0,185000.0,2.0,40.7,50.0,822300.0,0.0,0.0,1438370465.0,1438370465.0,1438370465.0,0.0,0.0,,0.0,0.0,0.0
2020-08-26,50.0,0.0,0.0,51.0,50.0,50.0,0.0,873900.0,43745000.0,20.0,40.7,51.0,6300.0,50.0,215800.0,1438370465.0,1438370465.0,1438370465.0,0.0,0.0,,0.0,0.0,0.0
2020-08-27,50.0,0.0,0.0,52.0,50.0,50.0,0.0,2795000.0,141132700.0,88.0,40.7,50.0,380200.0,0.0,0.0,1438370465.0,1438370465.0,1438370465.0,1188000.0,0.0,,0.0,0.0,0.0
2020-08-28,50.0,0.0,0.0,50.0,50.0,50.0,0.0,500300.0,25015000.0,7.0,40.7,50.0,1264300.0,0.0,0.0,1438370465.0,1438370465.0,1438370465.0,0.0,0.0,,0.0,0.0,0.0
2020-08-31,50.0,0.0,0.0,50.0,50.0,50.0,0.0,1200.0,60000.0,2.0,40.7,50.0,1134100.0,0.0,0.0,1438370465.0,1438370465.0,1438370465.0,0.0,0.0,,0.0,0.0,0.0
2020-09-01,50.0,0.0,0.0,50.0,50.0,50.0,0.0,272500.0,13625000.0,5.0,40.7,50.0,986600.0,0.0,0.0,1438370465.0,1438370465.0,1438370465.0,0.0,0.0,,0.0,0.0,0.0
2020-09-02,50.0,0.0,0.0,50.0,50.0,50.0,0.0,16500.0,825000.0,3.0,40.7,50.0,1170100.0,0.0,0.0,1438370465.0,1438370465.0,1438370465.0,0.0,0.0,,0.0,0.0,0.0
2020-09-03,50.0,0.0,0.0,51.0,50.0,50.0,0.0,1583500.0,79177300.0,28.0,40.7,51.0,933600.0,50.0,554000.0,1438370465.0,1438370465.0,1438370465.0,250000.0,0.0,,0.0,0.0,0.0
2020-09-04,50.0,0.0,0.0,51.0,50.0,50.0,0.0,248500.0,12427800.0,14.0,40.7,51.0,965000.0,50.0,368900.0,1438370465.0,1438370465.0,1438370465.0,0.0,0.0,,0.0,0.0,0.0
2020-09-07,50.0,0.0,0.0,50.0,50.0,50.0,0.0,385100.0,19255000.0,12.0,40.7,51.0,926800.0,0.0,0.0,1438370465.0,1438370465.0,1438370465.0,0.0,0.0,,0.0,0.0,0.0
2020-09-08,50.0,0.0,0.0,51.0,50.0,50.0,0.0,461300.0,23343000.0,52.0,40.7,51.0,1053800.0,50.0,167700.0,1438370465.0,1438370465.0,1438370465.0,0.0,0.0,,0.0,0.0,0.0
2020-09-09,50.0,0.0,0.0,51.0,50.0,50.0,0.0,132900.0,6747000.0,25.0,40.7,50.0,958800.0,0.0,0.0,1438370465.0,1438370465.0,1438370465.0,0.0,0.0,,0.0,0.0,0.0
2020-09-10,50.0,0.0,0.0,50.0,50.0,50.0,0.0,100.0,5000.0,1.0,40.7,50.0,1505900.0,0.0,0.0,1438370465.0,1438370465.0,1438370465.0,0.0,0.0,,0.0,0.0,0.0
2020-09-11,50.0,0.0,0.0,50.0,50.0,50.0,0.0,300.0,15000.0,2.0,40.7,50.0,767900.0,0.0,0.0,1438370465.0,1438370465.0,1438370465.0,0.0,0.0,,0.0,0.0,0.0
2020-09-14,50.0,0.0,0.0,0.0,0.0,50.0,0.0,0.0,0.0,0.0,40.7,50.0,757200.0,0.0,0.0,1438370465.0,1438370465.0,1438370465.0,0.0,0.0,,0.0,0.0,0.0
2020-09-15,50.0,0.0,0.0,0.0,0.0,50.0,0.0,0.0,0.0,0.0,40.7,50.0,699900.0,0.0,0.0,1438370465.0,1438370465.0,1438370465.0,0.0,0.0,,0.0,0.0,0.0
2020-09-16,50.0,0.0,0.0,51.0,50.0,50.0,0.0,400.0,20100.0,3.0,40.7,50.0,702900.0,0.0,0.0,1438370465.0,1438370465.0,1438370465.0,0.0,0.0,,0.0,0.0,0.0
2020-09-17,50.0,0.0,0.0,0.0,0.0,50.0,0.0,0.0,0.0,0.0,40.7,50.0,246300.0,0.0,0.0,1438370465.0,1438370465.0,1438370465.0,0.0,0.0,,0.0,0.0,0.0
2020-09-18,50.0,0.0,0.0,50.0,50.0,50.0,0.0,100.0,5000.0,1.0,40.7,50.0,341400.0,0.0,0.0,1438370465.0,1438370465.0,1438370465.0,0.0,0.0,,0.0,0.0,0.0
2020-09-21,50.0,0.0,0.0,50.0,50.0,50.0,0.0,1900.0,95000.0,1.0,40.7,50.0,397600.0,0.0,0.0,1438370465.0,1438370465.0,1438370465.0,0.0,0.0,,0.0,0.0,0.0
2020-09-22,50.0,0.0,0.0,50.0,50.0,50.0,0.0,31300.0,1565000.0,6.0,40.7,50.0,865700.0,0.0,0.0,1438370465.0,1438370465.0,1438370465.0,0.0,0.0,,0.0,0.0,0.0
2020-09-23,50.0,0.0,0.0,0.0,0.0,50.0,0.0,0.0,0.0,0.0,40.7,50.0,808500.0,0.0,0.0,1438370465.0,1438370465.0,1438370465.0,0.0,0.0,,0.0,0.0,0.0
2020-09-24,50.0,0.0,0.0,0.0,0.0,50.0,0.0,0.0,0.0,0.0,40.7,50.0,1494000.0,0.0,0.0,1438370465.0,1438370465.0,1438370465.0,0.0,0.0,,0.0,0.0,0.0
2020-09-25,50.0,0.0,0.0,0.0,0.0,50.0,0.0,0.0,0.0,0.0,40.7,50.0,2156500.0,0.0,0.0,1438370465.0,1438370465.0,1438370465.0,0.0,0.0,,0.0,0.0,0.0
2020-09-28,50.0,0.0,0.0,50.0,50.0,50.0,0.0,7500.0,375000.0,3.0,40.7,50.0,2350800.0,0.0,0.0,1438370465.0,1438370465.0,1438370465.0,0.0,0.0,,0.0,0.0,0.0
2020-09-29,50.0,0.0,0.0,0.0,0.0,50.0,0.0,0.0,0.0,0.0,40.7,50.0,2090700.0,0.0,0.0,1438370465.0,1438370465.0,1438370465.0,0.0,0.0,,0.0,0.0,0.0
2020-09-30,50.0,0.0,0.0,0.0,0.0,50.0,0.0,0.0,0.0,0.0,40.7,50.0,2683000.0,0.0,0.0,1438370465.0,1438370465.0,1438370465.0,0.0,0.0,,0.0,0.0,0.0
2020-10-01,50.0,0.0,0.0,0.0,0.0,50.0,0.0,0.0,0.0,0.0,40.7,50.0,816400.0,0.0,0.0,1438370465.0,1438370465.0,1438370465.0,0.0,0.0,,0.0,0.0,0.0
2020-10-02,50.0,0.0,0.0,50.0,50.0,50.0,0.0,122300.0,6115000.0,7.0,40.7,50.0,782000.0,0.0,0.0,1438370465.0,1438370465.0,1438370465.0,0.0,0.0,,0.0,0.0,0.0
2020-10-05,50.0,0.0,0.0,51.0,50.0,50.0,0.0,73500.0,3675300.0,10.0,40.7,50.0,619700.0,0.0,0.0,1438370465.0,1438370465.0,1438370465.0,0.0,0.0,,0.0,0.0,0.0
2020-10-06,50.0,0.0,0.0,51.0,50.0,50.0,0.0,5200.0,260100.0,4.0,40.7,50.0,202000.0,0.0,0.0,1438370465.0,1438370465.0,1438370465.0,0.0,0.0,,0.0,0.0,0.0
2020-10-07,50.0,0.0,0.0,50.0,50.0,50.0,0.0,25300.0,1265000.0,4.0,40.7,50.0,630100.0,0.0,0.0,1438370465.0,1438370465.0,1438370465.0,0.0,0.0,,0.0,0.0,0.0
2020-10-08,50.0,0.0,0.0,59.0,50.0,55.0,5.0,12498700.0,686049800.0,635.0,44.7,56.0,879500.0,55.0,10202800.0,1438370465.0,1438370465.0,1438370465.0,530000.0,0.0,,0.0,0.0,0.0
2020-10-09,55.0,0.0,0.0,61.0,55.0,59.0,4.0,17667700.0,1026643000.0,662.0,48.0,59.0,449900.0,58.0,381900.0,1438370465.0,1438370465.0,1438370465.0,0.0,0.0,,0.0,0.0,0.0
2020-10-12,59.0,0.0,0.0,63.0,57.0,60.0,1.0,7123100.0,427417900.0,428.0,48.8,60.0,110300.0,59.0,555700.0,1438370465.0,1438370465.0,1438370465.0,0.0,0.0,,0.0,0.0,0.0
2020-10-13,60.0,0.0,0.0,65.0,57.0,63.0,3.0,15754300.0,971528200.0,781.0,51.2,63.0,43100.0,62.0,29100.0,1438370465.0,1438370465.0,1438370465.0,70000.0,25000.0,,0.0,0.0,0.0
2020-10-14,63.0,0.0,0.0,65.0,59.0,59.0,-4.0,1880000.0,112878200.0,115.0,48.0,60.0,59400.0,0.0,0.0,1438370465.0,1438370465.0,1438370465.0,45000.0,20000.0,,0.0,0.0,0.0
2020-10-15,59.0,0.0,0.0,60.0,57.0,57.0,-2.0,465500.0,26731900.0,52.0,46.3,58.0,65000.0,57.0,1200.0,1438370465.0,1438370465.0,1438370465.0,1000.0,150000.0,,0.0,0.0,0.0
2020-10-16,57.0,0.0,0.0,59.0,57.0,57.0,0.0,142300.0,8125400.0,29.0,46.3,58.0,942600.0,57.0,149500.0,1438370465.0,1438370465.0,1438370465.0,0.0,0.0,,0.0,0.0,0.0
2020-10-19,57.0,0.0,0.0,58.0,54.0,56.0,-1.0,658000.0,36351300.0,83.0,45.5,57.0,117700.0,56.0,52300.0,1438370465.0,1438370465.0,1438370465.0,0.0,0.0,,0.0,0.0,0.0
2020-10-20,56.0,0.0,0.0,56.0,54.0,55.0,-1.0,52700.0,2915900.0,31.0,44.7,55.0,25400.0,54.0,7000.0,1438370465.0,1438370465.0,1438370465.0,0.0,0.0,,0.0,0.0,0.0
2020-10-21,55.0,0.0,0.0,62.0,53.0,53.0,-2.0,375000.0,20339300.0,73.0,43.1,53.0,20400.0,52.0,713000.0,1438370465.0,1438370465.0,1438370465.0,0.0,0.0,,0.0,0.0,0.0
2020-10-22,53.0,0.0,0.0,54.0,51.0,52.0,-1.0,927400.0,48484200.0,77.0,42.3,52.0,3100.0,51.0,641600.0,1438370465.0,1438370465.0,1438370465.0,0.0,0.0,,0.0,0.0,0.0
2020-10-23,52.0,0.0,0.0,52.0,50.0,52.0,0.0,726000.0,36661000.0,56.0,42.3,52.0,79100.0,51.0,75100.0,1438370465.0,1438370465.0,1438370465.0,0.0,0.0,,0.0,0.0,0.0
2020-10-26,52.0,0.0,0.0,58.0,52.0,53.0,1.0,1122700.0,60697700.0,227.0,43.1,54.0,77100.0,53.0,175300.0,1438370465.0,1438370465.0,1438370465.0,0.0,0.0,,0.0,0.0,0.0
2020-10-27,53.0,0.0,0.0,56.0,52.0,52.0,-1.0,1201900.0,65181000.0,190.0,42.3,53.0,180000.0,52.0,643100.0,1438370465.0,1438370465.0,1438370465.0,0.0,0.0,,0.0,0.0,0.0
2020-11-02,52.0,0.0,0.0,53.0,51.0,51.0,-1.0,599500.0,30820100.0,57.0,41.5,52.0,228500.0,51.0,20100.0,1438370465.0,1438370465.0,1438370465.0,0.0,0.0,,0.0,0.0,0.0
2020-11-03,51.0,0.0,0.0,61.0,52.0,57.0,6.0,10923500.0,612077700.0,394.0,46.3,59.0,383300.0,57.0,1127900.0,1438370465.0,1438370465.0,1438370465.0,100000.0,100000.0,,0.0,0.0,0.0
2020-11-04,57.0,0.0,0.0,59.0,54.0,54.0,-3.0,439600.0,24043100.0,58.0,43.9,54.0,3900.0,0.0,0.0,1438370465.0,1438370465.0,1438370465.0,0.0,0.0,,0.0,0.0,0.0
2020-11-05,54.0,0.0,0.0,56.0,53.0,54.0,0.0,149900.0,8070600.0,52.0,43.9,55.0,19400.0,54.0,8300.0,1438370465.0,1438370465.0,1438370465.0,0.0,0.0,,0.0,0.0,0.0
2020-11-06,54.0,0.0,0.0,56.0,54.0,56.0,2.0,642700.0,35243400.0,31.0,45.5,56.0,217900.0,55.0,356900.0,1438370465.0,1438370465.0,1438370465.0,0.0,0.0,,0.0,0.0,0.0
2020-11-09,56.0,0.0,0.0,62.0,54.0,57.0,1.0,2821900.0,166629200.0,177.0,46.3,58.0,99300.0,57.0,2004800.0,1438370465.0,1438370465.0,1438370465.0,0.0,0.0,,0.0,0.0,0.0
2020-11-10,57.0,0.0,0.0,60.0,56.0,60.0,3.0,2152800.0,123973000.0,109.0,48.8,60.0,996000.0,59.0,20000.0,1438370465.0,1438370465.0,1438370465.0,0.0,0.0,,200000.0,11600000.0,1.0
2020-11-11,60.0,0.0,0.0,60.0,56.0,57.0,-3.0,1659400.0,95723300.0,107.0,46.3,58.0,20000.0,57.0,199800.0,1438370465.0,1438370465.0,1438370465.0,0.0,0.0,,0.0,0.0,0.0
2020-11-12,57.0,0.0,0.0,69.0,58.0,68.0,11.0,33167300.0,2159172800.0,3163.0,55.3,69.0,876800.0,68.0,10760900.0,1438370465.0,1438370465.0,1438370465.0,810700.0,0.0,,0.0,0.0,0.0
2020-11-13,68.0,0.0,0.0,73.0,64.0,65.0,-3.0,17821000.0,1206004600.0,1313.0,52.8,65.0,41500.0,64.0,156800.0,1438370465.0,1438370465.0,1438370465.0,0.0,0.0,,0.0,0.0,0.0
2020-11-16,65.0,0.0,0.0,67.0,62.0,62.0,-3.0,2580300.0,163855500.0,395.0,50.4,63.0,21600.0,62.0,848700.0,1438370465.0,1438370465.0,1438370465.0,0.0,0.0,,0.0,0.0,0.0
2020-11-17,62.0,0.0,0.0,71.0,63.0,67.0,5.0,10067900.0,686750100.0,1152.0,54.5,68.0,293700.0,67.0,1069200.0,1438370465.0,1438370465.0,1438370465.0,0.0,500000.0,,0.0,0.0,0.0
2020-11-18,67.0,0.0,0.0,68.0,64.0,66.0,-1.0,2672400.0,174196400.0,167.0,53.7,66.0,255000.0,65.0,100.0,1438370465.0,1438370465.0,1438370465.0,0.0,0.0,,0.0,0.0,0.0
2020-11-19,66.0,0.0,0.0,71.0,66.0,70.0,4.0,6846400.0,472716600.0,885.0,56.9,70.0,500.0,69.0,133600.0,1438370465.0,1438370465.0,1438370465.0,0.0,0.0,,0.0,0.0,0.0
2020-11-20,70.0,0.0,0.0,72.0,70.0,71.0,1.0,1592700.0,112448200.0,403.0,57.7,72.0,697300.0,71.0,38700.0,1438370465.0,1438370465.0,1438370465.0,0.0,0.0,,0.0,0.0,0.0
2020-11-23,71.0,0.0,0.0,77.0,71.0,75.0,4.0,3822100.0,283883700.0,353.0,61.0,75.0,150200.0,74.0,454100.0,1438370465.0,1438370465.0,1438370465.0,0.0,0.0,,0.0,0.0,0.0
2020-11-24,75.0,0.0,0.0,77.0,73.0,74.0,-1.0,2853300.0,214707000.0,153.0,60.2,75.0,38100.0,74.0,68400.0,1438370465.0,1438370465.0,1438370465.0,0.0,0.0,,0.0,0.0,0.0
2020-11-25,74.0,0.0,0.0,75.0,69.0,69.0,-5.0,3986200.0,283249000.0,219.0,56.1,73.0,20200.0,69.0,2042500.0,1438370465.0,1438370465.0,1438370465.0,0.0,0.0,,0.0,0.0,0.0
2020-11-26,69.0,0.0,0.0,72.0,69.0,70.0,1.0,1126700.0,78942100.0,61.0,56.9,71.0,94400.0,70.0,11200.0,1438370465.0,1438370465.0,1438370465.0,0.0,0.0,,0.0,0.0,0.0
2020-11-27,70.0,0.0,0.0,74.0,69.0,70.0,0.0,334000.0,23474600.0,61.0,56.9,71.0,188800.0,70.0,362600.0,1438370465.0,1438370465.0,1438370465.0,0.0,0.0,,0.0,0.0,0.0
2020-11-30,70.0,0.0,0.0,73.0,67.0,69.0,-1.0,971000.0,68070700.0,62.0,56.1,70.0,8600.0,69.0,15000.0,1438370465.0,1438370465.0,1438370465.0,0.0,0.0,,0.0,0.0,0.0
2020-12-01,69.0,0.0,0.0,73.0,68.0,68.0,-1.0,466800.0,32382400.0,32.0,55.3,69.0,37600.0,68.0,120300.0,1438370465.0,1438370465.0,1438370465.0,0.0,0.0,,0.0,0.0,0.0
2020-12-02,68.0,0.0,0.0,69.0,66.0,68.0,0.0,140800.0,9535600.0,40.0,55.3,70.0,316200.0,68.0,9700.0,1438370465.0,1438370465.0,1438370465.0,0.0,0.0,,0.0,0.0,0.0
2020-12-03,68.0,0.0,0.0,70.0,67.0,68.0,0.0,350400.0,23722500.0,41.0,55.3,69.0,20000.0,68.0,55000.0,1438370465.0,1438370465.0,1438370465.0,0.0,0.0,,0.0,0.0,0.0
2020-12-04,68.0,0.0,0.0,70.0,67.0,68.0,0.0,173100.0,11743500.0,43.0,55.3,69.0,83600.0,68.0,5000.0,1438370465.0,1438370465.0,1438370465.0,0.0,0.0,,0.0,0.0,0.0
2020-12-07,68.0,0.0,0.0,72.0,67.0,69.0,1.0,1169300.0,81537600.0,66.0,56.1,71.0,487500.0,69.0,161400.0,1438370465.0,1438370465.0,1438370465.0,0.0,0.0,,0.0,0.0,0.0
2020-12-08,69.0,0.0,0.0,69.0,67.0,69.0,0.0,260200.0,17899300.0,37.0,56.1,70.0,782500.0,69.0,316500.0,1438370465.0,1438370465.0,1438370465.0,0.0,0.0,,0.0,0.0,0.0
2020-12-10,69.0,0.0,0.0,70.0,69.0,69.0,0.0,27700.0,1920200.0,20.0,56.1,70.0,251100.0,69.0,28500.0,1438370465.0,1438370465.0,1438370465.0,0.0,0.0,,0.0,0.0,0.0
2020-12-11,69.0,0.0,0.0,83.0,69.0,81.0,12.0,18420300.0,1434158900.0,1285.0,65.9,82.0,30500.0,81.0,78000.0,1438370465.0,1438370465.0,1438370465.0,150000.0,0.0,,0.0,0.0,0.0
2020-12-14,81.0,0.0,0.0,83.0,76.0,77.0,-4.0,6060000.0,480641300.0,514.0,62.6,78.0,18500.0,77.0,1063100.0,1438370465.0,1438370465.0,1438370465.0,0.0,13200.0,,0.0,0.0,0.0
2020-12-15,77.0,0.0,0.0,84.0,74.0,79.0,2.0,5793700.0,467425300.0,512.0,64.2,79.0,31600.0,78.0,205000.0,1438370465.0,1438370465.0,1438370465.0,13200.0,0.0,,0.0,0.0,0.0
2020-12-16,79.0,0.0,0.0,83.0,76.0,78.0,-1.0,294000.0,23405600.0,41.0,63.4,78.0,133300.0,76.0,15000.0,1438370465.0,1438370465.0,1438370465.0,0.0,0.0,,0.0,0.0,0.0
2020-12-17,78.0,0.0,0.0,78.0,73.0,76.0,-2.0,2089400.0,153805600.0,105.0,61.8,76.0,105000.0,74.0,500.0,1438370465.0,1438370465.0,1438370465.0,0.0,0.0,,0.0,0.0,0.0
2020-12-18,76.0,0.0,0.0,76.0,72.0,73.0,-3.0,804800.0,58731200.0,62.0,59.3,74.0,21900.0,73.0,24000.0,1438370465.0,1438370465.0,1438370465.0,0.0,0.0,,0.0,0.0,0.0
2020-12-21,73.0,0.0,0.0,78.0,73.0,74.0,1.0,363400.0,27078000.0,43.0,60.2,77.0,150400.0,74.0,5900.0,1438370465.0,1438370465.0,1438370465.0,0.0,0.0,,0.0,0.0,0.0
2020-12-22,74.0,0.0,0.0,74.0,71.0,72.0,-2.0,368700.0,26910400.0,34.0,58.5,75.0,12200.0,72.0,778400.0,1438370465.0,1438370465.0,1438370465.0,0.0,0.0,,0.0,0.0,0.0
2020-12-23,72.0,0.0,0.0,80.0,71.0,74.0,2.0,3210700.0,246060000.0,145.0,60.2,77.0,311500.0,74.0,3212100.0,1438370465.0,1438370465.0,1438370465.0,0.0,0.0,,1.0,73.0,1.0
2020-12-28,74.0,0.0,0.0,80.0,73.0,76.0,2.0,491900.0,37459500.0,69.0,61.8,76.0,207100.0,73.0,133800.0,1438370465.0,1438370465.0,1438370465.0,0.0,0.0,,0.0,0.0,0.0
2020-12-29,76.0,0.0,0.0,76.0,73.0,73.0,-3.0,229600.0,16817500.0,46.0,59.3,75.0,179200.0,73.0,57600.0,1438370465.0,1438370465.0,1438370465.0,0.0,0.0,,0.0,0.0,0.0
2020-12-30,73.0,0.0,0.0,76.0,68.0,76.0,3.0,1284800.0,93565800.0,72.0,61.8,76.0,164200.0,75.0,82100.0,1438370465.0,1438370465.0,1438370465.0,0.0,0.0,,0.0,0.0,0.0
2021-01-04,76.0,0.0,0.0,76.0,71.0,76.0,0.0,332100.0,24458400.0,48.0,61.8,76.0,14200.0,72.0,36400.0,1438370465.0,1438370465.0,1438370465.0,0.0,0.0,,0.0,0.0,0.0
2021-01-05,76.0,0.0,0.0,76.0,71.0,73.0,-3.0,267900.0,19671400.0,31.0,59.3,74.0,17200.0,73.0,2900.0,1438370465.0,1438370465.0,1438370465.0,0.0,0.0,,0.0,0.0,0.0
2021-01-06,73.0,0.0,0.0,77.0,72.0,73.0,0.0,72800.0,5260500.0,24.0,59.3,73.0,4700.0,72.0,10000.0,1438370465.0,1438370465.0,1438370465.0,0.0,0.0,,0.0,0.0,0.0
2021-01-07,73.0,0.0,0.0,73.0,72.0,72.0,-1.0,92100.0,6655400.0,20.0,58.5,72.0,333300.0,71.0,12700.0,1438370465.0,1438370465.0,1438370465.0,0.0,0.0,,0.0,0.0,0.0
2021-01-08,72.0,0.0,0.0,74.0,69.0,70.0,-2.0,279700.0,19684500.0,71.0,56.9,72.0,44600.0,70.0,85500.0,1438370465.0,1438370465.0,1438370465.0,0.0,0.0,,0.0,0.0,0.0
2021-01-11,70.0,0.0,0.0,70.0,68.0,69.0,-1.0,539800.0,37226600.0,49.0,56.1,69.0,2000.0,68.0,59500.0,1438370465.0,1438370465.0,1438370465.0,0.0,0.0,,0.0,0.0,0.0
2021-01-12,69.0,0.0,0.0,70.0,65.0,65.0,-4.0,750300.0,50553000.0,69.0,52.8,69.0,103800.0,65.0,265100.0,1438370465.0,1438370465.0,1438370465.0,0.0,0.0,,0.0,0.0,0.0
2021-01-13,65.0,0.0,0.0,69.0,64.0,65.0,0.0,150000.0,9732900.0,44.0,52.8,68.0,15500.0,64.0,7600.0,1438370465.0,1438370465.0,1438370465.0,0.0,0.0,,0.0,0.0,0.0
2021-01-14,65.0,0.0,0.0,70.0,63.0,64.0,-1.0,270600.0,17399000.0,42.0,52.0,67.0,66800.0,63.0,12200.0,1438370465.0,1438370465.0,1438370465.0,0.0,0.0,,0.0,0.0,0.0
2021-01-15,64.0,0.0,0.0,65.0,63.0,65.0,1.0,118600.0,7563800.0,35.0,52.8,65.0,20000.0,63.0,12900.0,1438370465.0,1438370465.0,1438370465.0,0.0,0.0,,0.0,0.0,0.0
2021-01-18,65.0,0.0,0.0,65.0,63.0,63.0,-2.0,288800.0,18269700.0,26.0,51.2,65.0,7000.0,63.0,68400.0,1438370465.0,1438370465.0,1438370465.0,0.0,0.0,,0.0,0.0,0.0
2021-01-19,63.0,0.0,0.0,66.0,60.0,61.0,-2.0,357200.0,21904400.0,37.0,49.6,66.0,1000.0,61.0,63000.0,1438370465.0,1438370465.0,1438370465.0,0.0,0.0,,0.0,0.0,0.0
2021-01-20,61.0,0.0,0.0,61.0,58.0,59.0,-2.0,377900.0,22529000.0,46.0,48.0,59.0,24900.0,58.0,130000.0,1438370465.0,1438370465.0,1438370465.0,0.0,0.0,,0.0,0.0,0.0
2021-01-21,59.0,0.0,0.0,62.0,57.0,62.0,3.0,130600.0,7580300.0,19.0,50.4,62.0,17600.0,61.0,4000.0,1438370465.0,1438370465.0,1438370465.0,0.0,0.0,,0.0,0.0,0.0
2021-01-22,62.0,0.0,0.0,83.0,62.0,83.0,21.0,24011100.0,1897691600.0,1328.0,67.5,0.0,0.0,83.0,26155100.0,1438370465.0,1438370465.0,1438370465.0,0.0,0.0,,0.0,0.0,0.0
2021-01-25,83.0,0.0,0.0,97.0,78.0,78.0,-5.0,46377500.0,4171639400.0,2874.0,63.4,78.0,1221400.0,0.0,0.0,1438370465.0,1438370465.0,1438370465.0,82300.0,82300.0,,0.0,0.0,0.0
2021-01-26,78.0,0.0,0.0,82.0,73.0,73.0,-5.0,5161000.0,382494200.0,366.0,59.3,74.0,2800.0,73.0,3700.0,1438370465.0,1438370465.0,1438370465.0,0.0,0.0,,0.0,0.0,0.0
2021-01-27,73.0,0.0,0.0,88.0,71.0,72.0,-1.0,19756700.0,1599942200.0,1833.0,58.5,73.0,94100.0,72.0,300.0,1438370465.0,1438370465.0,1438370465.0,0.0,3000.0,,0.0,0.0,0.0
2021-01-28,72.0,0.0,0.0,73.0,67.0,67.0,-5.0,1323400.0,89434700.0,263.0,54.5,67.0,34400.0,0.0,0.0,1438370465.0,1438370465.0,1438370465.0,0.0,0.0,,0.0,0.0,0.0
2021-01-29,67.0,0.0,0.0,70.0,63.0,64.0,-3.0,2744500.0,176693000.0,203.0,52.0,65.0,63600.0,64.0,27800.0,1438370465.0,1438370465.0,1438370465.0,0.0,0.0,,0.0,0.0,0.0
2021-02-01,64.0,0.0,0.0,65.0,60.0,61.0,-3.0,920700.0,55798700.0,161.0,49.6,62.0,7500.0,61.0,39600.0,1438370465.0,1438370465.0,1438370465.0,0.0,0.0,,0.0,0.0,0.0
2021-02-02,61.0,0.0,0.0,69.0,58.0,65.0,4.0,1192100.0,76748800.0,172.0,52.8,67.0,39800.0,65.0,13700.0,1438370465.0,1438370465.0,1438370465.0,0.0,0.0,,0.0,0.0,0.0
2021-02-03,65.0,0.0,0.0,65.0,61.0,61.0,-4.0,2223700.0,136611200.0,112.0,49.6,62.0,700.0,61.0,413800.0,1438370465.0,1438370465.0,1438370465.0,0.0,0.0,,0.0,0.0,0.0
2021-02-04,61.0,0.0,0.0,64.0,58.0,63.0,2.0,194200.0,12022200.0,71.0,51.2,63.0,401700.0,62.0,2500.0,1438370465.0,1438370465.0,1438370465.0,0.0,0.0,,0.0,0.0,0.0
2021-02-05,63.0,0.0,0.0,63.0,60.0,61.0,-2.0,150700.0,9106600.0,48.0,49.6,62.0,4900.0,61.0,5800.0,1438370465.0,1438370465.0,1438370465.0,0.0,0.0,,0.0,0.0,0.0
2021-02-08,61.0,0.0,0.0,65.0,61.0,63.0,2.0,2857000.0,181115600.0,143.0,51.2,64.0,560300.0,63.0,1761700.0,1438370465.0,1438370465.0,1438370465.0,0.0,0.0,,0.0,0.0,0.0
2021-02-09,63.0,0.0,0.0,68.0,62.0,63.0,0.0,4452700.0,287586500.0,199.0,51.2,64.0,56100.0,63.0,133800.0,1438370465.0,1438370465.0,1438370465.0,0.0,0.0,,0.0,0.0,0.0
2021-02-10,63.0,0.0,0.0,65.0,62.0,64.0,1.0,2391600.0,152268800.0,70.0,52.0,65.0,499000.0,64.0,100.0,1438370465.0,1438370465.0,1438370465.0,0.0,0.0,,0.0,0.0,0.0
2021-02-11,64.0,0.0,0.0,80.0,64.0,69.0,5.0,12886200.0,913332200.0,669.0,56.1,71.0,63100.0,69.0,130000.0,1438370465.0,1438370465.0,1438370465.0,500000.0,0.0,,0.0,0.0,0.0
2021-02-15,69.0,0.0,0.0,80.0,68.0,80.0,11.0,5957800.0,451805400.0,1298.0,65.0,81.0,270400.0,80.0,1387100.0,1438370465.0,1438370465.0,1438370465.0,0.0,0.0,,0.0,0.0,0.0
2021-02-16,80.0,0.0,0.0,82.0,80.0,81.0,1.0,2621200.0,212573200.0,280.0,65.9,82.0,702100.0,81.0,139800.0,1438370465.0,1438370465.0,1438370465.0,0.0,0.0,,0.0,0.0,0.0
2021-02-17,81.0,0.0,0.0,90.0,81.0,83.0,2.0,2937100.0,248909400.0,1318.0,67.5,84.0,5900.0,83.0,100.0,1438370465.0,1438370465.0,1438370465.0,0.0,0.0,,0.0,0.0,0.0
2021-02-18,83.0,0.0,0.0,83.0,78.0,83.0,0.0,1491000.0,120075800.0,165.0,67.5,83.0,5400.0,82.0,50000.0,1438370465.0,1438370465.0,1438370465.0,0.0,0.0,,0.0,0.0,0.0
2021-02-19,83.0,0.0,0.0,88.0,81.0,81.0,-2.0,380100.0,31702800.0,96.0,65.9,81.0,3800.0,80.0,300000.0,1438370465.0,1438370465.0,1438370465.0,0.0,0.0,,0.0,0.0,0.0
2021-02-22,81.0,0.0,0.0,81.0,78.0,78.0,-3.0,308600.0,24114800.0,35.0,63.4,80.0,4800.0,78.0,2000.0,1438370465.0,1438370465.0,1438370465.0,0.0,0.0,,0.0,0.0,0.0
2021-02-23,78.0,0.0,0.0,91.0,74.0,89.0,11.0,1894200.0,164963800.0,275.0,72.4,89.0,170000.0,88.0,9900.0,1438370465.0,1438370465.0,1438370465.0,0.0,0.0,,0.0,0.0,0.0
2021-02-24,89.0,0.0,0.0,91.0,85.0,85.0,-4.0,972100.0,84212300.0,140.0,69.1,85.0,2200.0,84.0,135800.0,1438370465.0,1438370465.0,1438370465.0,0.0,0.0,,0.0,0.0,0.0
2021-02-25,85.0,0.0,0.0,89.0,80.0,86.0,1.0,855200.0,73473800.0,61.0,69.9,89.0,281300.0,86.0,218500.0,1438370465.0,1438370465.0,1438370465.0,0.0,0.0,,0.0,0.0,0.0
2021-02-26,86.0,0.0,0.0,93.0,85.0,90.0,4.0,3667300.0,333285000.0,216.0,73.2,90.0,8900.0,89.0,50000.0,1438370465.0,1438370465.0,1438370465.0,0.0,0.0,,0.0,0.0,0.0
2021-03-01,90.0,0.0,0.0,96.0,90.0,94.0,4.0,2751400.0,255688700.0,284.0,76.4,95.0,46800.0,94.0,162300.0,1438370465.0,1438370465.0,1438370465.0,0.0,0.0,,0.0,0.0,0.0
2021-03-02,94.0,0.0,0.0,126.0,94.0,105.0,11.0,45020200.0,5141916800.0,3218.0,85.4,106.0,7300.0,105.0,1045800.0,1438370465.0,1438370465.0,1438370465.0,0.0,0.0,,0.0,0.0,0.0
2021-03-03,105.0,0.0,0.0,120.0,100.0,118.0,13.0,12673700.0,1411585800.0,1168.0,95.9,119.0,23600.0,118.0,10000.0,1438370465.0,1438370465.0,1438370465.0,0.0,0.0,,0.0,0.0,0.0
2021-03-04,118.0,0.0,0.0,120.0,110.0,114.0,-4.0,5130400.0,578601000.0,485.0,92.7,114.0,83000.0,113.0,150000.0,1438370465.0,1438370465.0,1438370465.0,0.0,0.0,,0.0,0.0,0.0
2021-03-05,114.0,0.0,0.0,114.0,107.0,107.0,-7.0,988800.0,106367200.0,163.0,87.0,108.0,43500.0,107.0,33500.0,1438370465.0,1438370465.0,1438370465.0,0.0,0.0,,0.0,0.0,0.0
2021-03-08,107.0,0.0,0.0,112.0,100.0,108.0,1.0,1634900.0,170343700.0,239.0,87.8,108.0,600.0,107.0,58600.0,1438370465.0,1438370465.0,1438370465.0,0.0,0.0,,0.0,0.0,0.0
2021-03-09,108.0,0.0,0.0,110.0,105.0,105.0,-3.0,642000.0,68080400.0,73.0,85.4,105.0,530000.0,103.0,1000.0,1438370465.0,1438370465.0,1438370465.0,0.0,0.0,,0.0,0.0,0.0
2021-03-10,105.0,0.0,0.0,108.0,100.0,106.0,1.0,477900.0,49464800.0,57.0,86.2,105.0,20100.0,102.0,5000.0,1438370465.0,1438370465.0,1438370465.0,0.0,0.0,,0.0,0.0,0.0
2021-03-12,106.0,0.0,0.0,106.0,99.0,104.0,-2.0,145100.0,14601700.0,55.0,84.6,104.0,98200.0,101.0,14400.0,1438370465.0,1438370465.0,1438370465.0,0.0,0.0,,0.0,0.0,0.0
2021-03-15,104.0,0.0,0.0,104.0,97.0,97.0,-7.0,2475900.0,241505300.0,131.0,78.9,97.0,960300.0,0.0,0.0,1438370465.0,1438370465.0,1438370465.0,0.0,0.0,,0.0,0.0,0.0
2021-03-16,97.0,0.0,0.0,98.0,91.0,91.0,-6.0,863400.0,78730000.0,130.0,74.0,91.0,292600.0,0.0,0.0,1438370465.0,1438370465.0,1438370465.0,0.0,0.0,,0.0,0.0,0.0
2021-03-17,91.0,0.0,0.0,91.0,85.0,85.0,-6.0,989200.0,84219500.0,87.0,69.1,90.0,52200.0,85.0,361000.0,1438370465.0,1438370465.0,1438370465.0,0.0,0.0,,0.0,0.0,0.0
2021-03-18,85.0,0.0,0.0,114.0,85.0,104.0,19.0,32457400.0,3447597600.0,3435.0,84.6,106.0,23700.0,104.0,318200.0,1438370465.0,1438370465.0,1438370465.0,0.0,0.0,,0.0,0.0,0.0
2021-03-19,104.0,0.0,0.0,109.0,97.0,99.0,-5.0,4208000.0,415337400.0,443.0,80.5,99.0,59500.0,98.0,100000.0,1438370465.0,1438370465.0,1438370465.0,0.0,0.0,,0.0,0.0,0.0
2021-03-22,99.0,0.0,0.0,104.0,93.0,94.0,-5.0,2268800.0,214933100.0,143.0,76.4,96.0,69100.0,94.0,121300.0,1438370465.0,1438370465.0,1438370465.0,0.0,0.0,,0.0,0.0,0.0
2021-03-23,94.0,0.0,0.0,94.0,90.0,92.0,-2.0,442300.0,40611300.0,72.0,74.8,93.0,12400.0,92.0,596200.0,1438370465.0,1438370465.0,1438370465.0,0.0,0.0,,0.0,0.0,0.0
2021-03-24,92.0,0.0,0.0,115.0,86.0,90.0,-2.0,11043000.0,1128345500.0,1364.0,73.2,93.0,10000.0,90.0,16900.0,1438370465.0,1438370465.0,1438370465.0,0.0,0.0,,0.0,0.0,0.0
2021-03-25,90.0,0.0,0.0,95.0,88.0,89.0,-1.0,1416300.0,129041200.0,243.0,72.4,91.0,59800.0,89.0,50000.0,1438370465.0,1438370465.0,1438370465.0,0.0,0.0,,0.0,0.0,0.0
2021-03-26,89.0,0.0,0.0,107.0,88.0,92.0,3.0,5821100.0,575583100.0,930.0,74.8,93.0,52500.0,92.0,26000.0,1438370465.0,1438370465.0,1438370465.0,0.0,0.0,,0.0,0.0,0.0
2021-03-29,92.0,0.0,0.0,104.0,90.0,98.0,6.0,5057000.0,499219500.0,659.0,79.7,99.0,89900.0,98.0,10000.0,1438370465.0,1438370465.0,1438370465.0,0.0,0.0,,0.0,0.0,0.0
2021-03-30,98.0,0.0,0.0,101.0,92.0,92.0,-6.0,1617200.0,151671700.0,211.0,74.8,92.0,61000.0,0.0,0.0,1438370465.0,1438370465.0,1438370465.0,0.0,0.0,,0.0,0.0,0.0
2021-03-31,92.0,0.0,0.0,98.0,91.0,91.0,-1.0,437100.0,40497200.0,90.0,74.0,92.0,33100.0,91.0,375000.0,1438370465.0,1438370465.0,1438370465.0,0.0,0.0,,0.0,0.0,0.0
2021-04-01,91.0,0.0,0.0,95.0,91.0,95.0,4.0,457900.0,42532500.0,84.0,77.2,95.0,403900.0,93.0,5900.0,1438370465.0,1438370465.0,1438370465.0,0.0,0.0,,0.0,0.0,0.0
2021-04-05,95.0,0.0,0.0,98.0,90.0,93.0,-2.0,351400.0,32675200.0,87.0,75.6,94.0,61000.0,93.0,81500.0,1438370465.0,1438370465.0,1438370465.0,0.0,0.0,,0.0,0.0,0.0
2021-04-06,93.0,0.0,0.0,99.0,90.0,95.0,2.0,498700.0,47604700.0,82.0,77.2,95.0,336300.0,93.0,23100.0,1438370465.0,1438370465.0,1438370465.0,0.0,0.0,,0.0,0.0,0.0
2021-04-07,95.0,0.0,0.0,101.0,92.0,92.0,-3.0,974300.0,93025600.0,81.0,74.8,95.0,62500.0,92.0,655700.0,1438370465.0,1438370465.0,1438370465.0,0.0,0.0,,0.0,0.0,0.0
2021-04-08,92.0,0.0,0.0,108.0,93.0,103.0,11.0,16667700.0,1711741700.0,1160.0,83.7,103.0,568200.0,102.0,254000.0,1438370465.0,1438370465.0,1438370465.0,0.0,0.0,,0.0,0.0,0.0
2021-04-09,103.0,0.0,0.0,110.0,97.0,98.0,-5.0,14494100.0,1488496500.0,1446.0,79.7,98.0,1276300.0,97.0,677400.0,1438370465.0,1438370465.0,1438370465.0,0.0,0.0,,0.0,0.0,0.0
2021-04-12,98.0,0.0,0.0,100.0,93.0,93.0,-5.0,1726300.0,163358000.0,223.0,75.6,93.0,67800.0,92.0,669700.0,1438370465.0,1438370465.0,1438370465.0,0.0,0.0,,0.0,0.0,0.0
2021-04-13,93.0,0.0,0.0,95.0,91.0,93.0,0.0,810600.0,74902200.0,125.0,75.6,93.0,127800.0,92.0,4700.0,1438370465.0,1438370465.0,1438370465.0,0.0,0.0,,0.0,0.0,0.0
2021-04-14,93.0,0.0,0.0,98.0,90.0,93.0,0.0,1238800.0,114482500.0,132.0,75.6,94.0,170000.0,93.0,6615700.0,1438370465.0,1438370465.0,1438370465.0,0.0,0.0,,0.0,0.0,0.0
2021-04-15,93.0,0.0,0.0,106.0,93.0,95.0,2.0,9975500.0,988945800.0,1144.0,77.2,96.0,32500.0,95.0,63700.0,1438370465.0,1438370465.0,1438370465.0,0.0,0.0,,0.0,0.0,0.0
2021-04-16,95.0,0.0,0.0,96.0,92.0,92.0,-3.0,1524700.0,141194000.0,185.0,74.8,93.0,82300.0,92.0,126200.0,1438370465.0,1438370465.0,1438370465.0,0.0,0.0,,0.0,0.0,0.0
2021-04-19,92.0,0.0,0.0,97.0,92.0,92.0,0.0,1627900.0,153570800.0,242.0,74.8,95.0,17700.0,92.0,480500.0,1438370465.0,1438370465.0,1438370465.0,0.0,0.0,,0.0,0.0,0.0
2021-04-20,92.0,0.0,0.0,97.0,90.0,94.0,2.0,1449400.0,138100000.0,215.0,76.4,95.0,71300.0,94.0,192400.0,1438370465.0,1438370465.0,1438370465.0,0.0,0.0,,0.0,0.0,0.0
2021-04-21,94.0,0.0,0.0,97.0,93.0,94.0,0.0,892200.0,84914900.0,102.0,76.4,95.0,131500.0,94.0,91900.0,1438370465.0,1438370465.0,1438370465.0,0.0,0.0,,0.0,0.0,0.0
2021-04-22,94.0,0.0,0.0,97.0,93.0,94.0,0.0,339200.0,31942300.0,65.0,76.4,94.0,6800.0,93.0,161600.0,1438370465.0,1438370465.0,1438370465.0,0.0,0.0,,0.0,0.0,0.0
2021-04-23,94.0,0.0,0.0,97.0,88.0,92.0,-2.0,721500.0,65495700.0,85.0,74.8,92.0,37100.0,90.0,99800.0,1438370465.0,1438370465.0,1438370465.0,0.0,0.0,,0.0,0.0,0.0
2021-04-26,92.0,0.0,0.0,93.0,90.0,91.0,-1.0,455400.0,41763000.0,85.0,74.0,91.0,82800.0,90.0,162400.0,1438370465.0,1438370465.0,1438370465.0,0.0,0.0,,0.0,0.0,0.0
2021-04-27,91.0,0.0,0.0,93.0,89.0,89.0,-2.0,308000.0,27722100.0,71.0,72.4,91.0,115800.0,89.0,35900.0,1438370465.0,1438370465.0,1438370465.0,0.0,0.0,,0.0,0.0,0.0
2021-04-28,89.0,0.0,0.0,111.0,88.0,100.0,11.0,32095000.0,3369482200.0,2857.0,81.3,100.0,128500.0,99.0,50000.0,1438370465.0,1438370465.0,1438370465.0,0.0,0.0,,0.0,0.0,0.0
2021-04-29,100.0,0.0,0.0,102.0,93.0,93.0,-7.0,4220400.0,398367200.0,433.0,75.6,94.0,5900.0,93.0,1039800.0,1438370465.0,1438370465.0,1438370465.0,0.0,0.0,,0.0,0.0,0.0
2021-04-30,93.0,0.0,0.0,98.0,94.0,95.0,2.0,1203700.0,114964300.0,223.0,77.2,95.0,115800.0,94.0,300100.0,1438370465.0,1438370465.0,1438370465.0,0.0,0.0,,0.0,0.0,0.0
2021-05-03,95.0,0.0,0.0,97.0,94.0,95.0,0.0,591000.0,56181700.0,106.0,77.2,96.0,42300.0,94.0,123700.0,1438370465.0,1438370465.0,1438370465.0,0.0,0.0,,0.0,0.0,0.0
2021-05-04,95.0,0.0,0.0,97.0,93.0,94.0,-1.0,465600.0,44123600.0,67.0,76.4,95.0,193200.0,94.0,210500.0,1438370465.0,1438370465.0,1438370465.0,0.0,0.0,,0.0,0.0,0.0
2021-05-05,94.0,0.0,0.0,95.0,93.0,94.0,0.0,530900.0,49753200.0,69.0,76.4,95.0,37400.0,93.0,336200.0,1438370465.0,1438370465.0,1438370465.0,0.0,0.0,,0.0,0.0,0.0
2021-05-06,94.0,0.0,0.0,103.0,94.0,103.0,9.0,12380200.0,1230455200.0,860.0,83.7,104.0,107200.0,103.0,110000.0,1438370465.0,1438370465.0,1438370465.0,0.0,0.0,,0.0,0.0,0.0
2021-05-07,103.0,0.0,0.0,105.0,97.0,97.0,-6.0,7323600.0,735409900.0,670.0,78.9,98.0,200000.0,97.0,461000.0,1438370465.0,1438370465.0,1438370465.0,0.0,0.0,,0.0,0.0,0.0
2021-05-10,97.0,0.0,0.0,124.0,97.0,107.0,10.0,25454500.0,2869348800.0,2827.0,87.0,109.0,1700.0,107.0,8000.0,1438370465.0,1438370465.0,1438370465.0,0.0,0.0,,0.0,0.0,0.0
2021-05-11,107.0,0.0,0.0,109.0,102.0,102.0,-5.0,2195800.0,228155100.0,361.0,82.9,102.0,309800.0,101.0,219600.0,1438370465.0,1438370465.0,1438370465.0,0.0,0.0,,0.0,0.0,0.0
2021-05-17,102.0,0.0,0.0,108.0,99.0,106.0,4.0,1312600.0,136942900.0,206.0,86.2,106.0,85500.0,103.0,124500.0,1438370465.0,1438370465.0,1438370465.0,0.0,0.0,,0.0,0.0,0.0
2021-05-18,106.0,0.0,0.0,106.0,100.0,104.0,-2.0,818700.0,84014600.0,181.0,84.6,104.0,114100.0,103.0,100.0,1438370465.0,1438370465.0,1438370465.0,0.0,0.0,,0.0,0.0,0.0
2021-05-19,104.0,0.0,0.0,105.0,100.0,101.0,-3.0,1167800.0,118829500.0,115.0,82.1,103.0,32500.0,101.0,180300.0,1438370465.0,1438370465.0,1438370465.0,0.0,0.0,,0.0,0.0,0.0
2021-05-20,101.0,0.0,0.0,105.0,101.0,102.0,1.0,533100.0,54660200.0,67.0,82.9,104.0,97000.0,102.0,167000.0,1438370465.0,1438370465.0,1438370465.0,0.0,0.0,,0.0,0.0,0.0
2021-05-21,102.0,0.0,0.0,104.0,101.0,102.0,0.0,334400.0,34170400.0,71.0,82.9,103.0,70400.0,102.0,300.0,1438370465.0,1438370465.0,1438370465.0,0.0,0.0,,0.0,0.0,0.0
2021-05-22,102.0,0.0,0.0,0.0,0.0,102.0,0.0,0.0,0.0,0.0,82.9,0.0,0.0,0.0,0.0,1438370465.0,1438370465.0,1438370465.0,0.0,0.0,,0.0,0.0,0.0
2021-05-24,102.0,0.0,0.0,106.0,100.0,102.0,0.0,319600.0,32242200.0,76.0,82.9,104.0,70500.0,102.0,12100.0,1438370465.0,1438370465.0,1438370465.0,0.0,0.0,,0.0,0.0,0.0
2021-05-25,102.0,0.0,0.0,103.0,100.0,103.0,1.0,47300.0,4817100.0,28.0,83.7,103.0,154200.0,101.0,74300.0,1438370465.0,1438370465.0,1438370465.0,0.0,0.0,,0.0,0.0,0.0
2021-05-27,103.0,0.0,0.0,102.0,100.0,100.0,-3.0,497700.0,50212100.0,77.0,81.3,101.0,14900.0,100.0,80000.0,1438370465.0,1438370465.0,1438370465.0,0.0,0.0,,0.0,0.0,0.0
2021-05-28,100.0,0.0,0.0,105.0,99.0,99.0,-1.0,251300.0,25312500.0,67.0,80.5,100.0,10000.0,99.0,59500.0,1438370465.0,1438370465.0,1438370465.0,0.0,0.0,,0.0,0.0,0.0
2021-05-31,99.0,0.0,0.0,124.0,99.0,102.0,3.0,9548900.0,1047310700.0,1056.0,82.9,105.0,25100.0,102.0,75300.0,1438370465.0,1438370465.0,1438370465.0,0.0,0.0,,0.0,0.0,0.0
2021-06-02,102.0,0.0,0.0,129.0,101.0,122.0,20.0,20931300.0,2508274900.0,1976.0,99.2,123.0,36600.0,122.0,9999600.0,1438370465.0,1438370465.0,1438370465.0,2500.0,2500.0,,0.0,0.0,0.0
2021-06-03,122.0,0.0,0.0,124.0,114.0,115.0,-7.0,6712400.0,789940900.0,794.0,93.5,116.0,4100.0,115.0,200000.0,1438370465.0,1438370465.0,1438370465.0,0.0,0.0,,0.0,0.0,0.0
2021-06-04,115.0,0.0,0.0,121.0,113.0,113.0,-2.0,1358800.0,158556400.0,240.0,91.9,117.0,89100.0,113.0,96600.0,1438370465.0,1438370465.0,1438370465.0,0.0,0.0,,0.0,0.0,0.0
2021-06-07,113.0,0.0,0.0,116.0,108.0,110.0,-3.0,970900.0,107433300.0,180.0,89.4,112.0,122800.0,110.0,8900.0,1438370465.0,1438370465.0,1438370465.0,0.0,0.0,,0.0,0.0,0.0
2021-06-08,110.0,0.0,0.0,114.0,106.0,111.0,1.0,734000.0,80051600.0,137.0,90.2,111.0,13000.0,110.0,100.0,1438370465.0,1438370465.0,1438370465.0,0.0,0.0,,0.0,0.0,0.0
2021-06-09,111.0,0.0,0.0,114.0,108.0,111.0,0.0,317600.0,34749800.0,77.0,90.2,110.0,5200.0,108.0,164100.0,1438370465.0,1438370465.0,1438370465.0,0.0,0.0,,0.0,0.0,0.0
2021-06-10,111.0,0.0,0.0,114.0,110.0,112.0,1.0,603900.0,67223500.0,100.0,91.1,112.0,355000.0,111.0,25000.0,1438370465.0,1438370465.0,1438370465.0,0.0,0.0,,0.0,0.0,0.0
2021-06-11,112.0,0.0,0.0,119.0,107.0,110.0,-2.0,453900.0,49419000.0,113.0,89.4,110.0,157000.0,108.0,19500.0,1438370465.0,1438370465.0,1438370465.0,0.0,0.0,,0.0,0.0,0.0
2021-06-14,110.0,0.0,0.0,110.0,107.0,108.0,-2.0,588600.0,63693400.0,114.0,87.8,109.0,14700.0,108.0,11400.0,1438370465.0,1438370465.0,1438370465.0,0.0,0.0,,0.0,0.0,0.0
2021-06-15,108.0,0.0,0.0,116.0,107.0,108.0,0.0,1449100.0,160956700.0,261.0,87.8,110.0,5000.0,108.0,7600.0,1438370465.0,1438370465.0,1438370465.0,0.0,0.0,,0.0,0.0,0.0
2021-06-16,108.0,0.0,0.0,111.0,107.0,108.0,0.0,277400.0,30090900.0,86.0,87.8,109.0,50000.0,108.0,103300.0,1438370465.0,1438370465.0,1438370465.0,0.0,0.0,,0.0,0.0,0.0
2021-06-17,108.0,0.0,0.0,111.0,107.0,107.0,-1.0,626200.0,67225000.0,72.0,87.0,107.0,1800.0,106.0,12600.0,1438370465.0,1438370465.0,1438370465.0,0.0,0.0,,0.0,0.0,0.0
2021-06-18,107.0,0.0,0.0,115.0,102.0,107.0,0.0,818300.0,86948000.0,128.0,87.0,107.0,6000.0,104.0,4300.0,1438370465.0,1438370465.0,1438370465.0,0.0,0.0,,0.0,0.0,0.0
2021-06-21,107.0,0.0,0.0,107.0,101.0,102.0,-5.0,332800.0,34571800.0,72.0,82.9,102.0,36900.0,101.0,168200.0,1438370465.0,1438370465.0,1438370465.0,0.0,0.0,,0.0,0.0,0.0
2021-06-22,102.0,0.0,0.0,110.0,100.0,103.0,1.0,263500.0,26888600.0,80.0,83.7,103.0,74700.0,102.0,15600.0,1438370465.0,1438370465.0,1438370465.0,0.0,0.0,,0.0,0.0,0.0
2021-06-23,103.0,0.0,0.0,109.0,102.0,102.0,-1.0,461400.0,48154100.0,94.0,82.9,103.0,300.0,102.0,45400.0,1438370465.0,1438370465.0,1438370465.0,0.0,0.0,,0.0,0.0,0.0
2021-06-24,102.0,0.0,0.0,111.0,102.0,105.0,3.0,1195200.0,128429600.0,211.0,85.4,106.0,15000.0,105.0,103900.0,1438370465.0,1438370465.0,1438370465.0,0.0,0.0,,100000.0,10600000.0,1.0
2021-06-25,105.0,0.0,0.0,107.0,103.0,103.0,-2.0,323900.0,34095300.0,82.0,83.7,106.0,124500.0,103.0,15300.0,1438370465.0,1438370465.0,1438370465.0,0.0,0.0,,0.0,0.0,0.0
2021-06-28,103.0,0.0,0.0,109.0,99.0,100.0,-3.0,1005700.0,102449500.0,90.0,81.3,105.0,16000.0,100.0,84800.0,1438370465.0,1438370465.0,1438370465.0,0.0,0.0,,0.0,0.0,0.0
2021-06-29,100.0,0.0,0.0,104.0,100.0,104.0,4.0,157400.0,15875500.0,62.0,84.6,104.0,236100.0,102.0,6500.0,1438370465.0,1438370465.0,1438370465.0,0.0,0.0,,0.0,0.0,0.0
2021-06-30,104.0,0.0,0.0,108.0,101.0,104.0,0.0,365300.0,38131500.0,68.0,84.6,104.0,24500.0,102.0,103200.0,1438370465.0,1438370465.0,1438370465.0,0.0,0.0,,0.0,0.0,0.0
2021-07-01,104.0,0.0,0.0,106.0,102.0,104.0,0.0,341400.0,35655400.0,31.0,84.6,105.0,1100.0,104.0,36200.0,1438370465.0,1438370465.0,1438370465.0,0.0,0.0,,0.0,0.0,0.0
2021-07-02,104.0,0.0,0.0,109.0,101.0,103.0,-1.0,42100.0,4294200.0,26.0,83.7,104.0,24400.0,101.0,23200.0,1438370465.0,1438370465.0,1438370465.0,0.0,0.0,,0.0,0.0,0.0
2021-07-05,103.0,0.0,0.0,104.0,101.0,102.0,-1.0,116600.0,11857700.0,36.0,82.9,102.0,12400.0,101.0,86300.0,1438370465.0,1438370465.0,1438370465.0,0.0,0.0,,0.0,0.0,0.0
2021-07-06,102.0,0.0,0.0,104.0,101.0,104.0,2.0,26300.0,2674000.0,20.0,84.6,104.0,10300.0,102.0,100.0,1438370465.0,1438370465.0,1438370465.0,0.0,0.0,,0.0,0.0,0.0
2021-07-07,104.0,0.0,0.0,104.0,99.0,102.0,-2.0,174800.0,17374300.0,34.0,82.9,104.0,20600.0,100.0,2000.0,1438370465.0,1438370465.0,1438370465.0,0.0,0.0,,0.0,0.0,0.0
2021-07-08,102.0,0.0,0.0,102.0,100.0,101.0,-1.0,21600.0,2183700.0,8.0,82.1,102.0,600.0,101.0,900.0,1438370465.0,1438370465.0,1438370465.0,0.0,0.0,,0.0,0.0,0.0
2021-07-09,101.0,0.0,0.0,105.0,101.0,101.0,0.0,89700.0,9062600.0,25.0,82.1,101.0,2979700.0,100.0,58400.0,1438370465.0,1438370465.0,1438370465.0,0.0,0.0,,0.0,0.0,0.0
2021-07-12,101.0,0.0,0.0,101.0,100.0,100.0,-1.0,285900.0,28597100.0,34.0,81.3,100.0,2702800.0,99.0,110000.0,1438370465.0,1438370465.0,1438370465.0,0.0,0.0,,0.0,0.0,0.0
2021-07-13,100.0,0.0,0.0,100.0,98.0,98.0,-2.0,347800.0,34153500.0,40.0,79.7,100.0,323500.0,98.0,8400.0,1438370465.0,1438370465.0,1438370465.0,0.0,0.0,,0.0,0.0,0.0
2021-07-14,98.0,0.0,0.0,101.0,99.0,99.0,1.0,32600.0,3239300.0,19.0,80.5,100.0,20200.0,98.0,1100.0,1438370465.0,1438370465.0,1438370465.0,0.0,0.0,,0.0,0.0,0.0
2021-07-15,99.0,0.0,0.0,100.0,93.0,100.0,1.0,61700.0,5931400.0,52.0,81.3,100.0,42200.0,98.0,100.0,1438370465.0,1438370465.0,1438370465.0,0.0,0.0,,0.0,0.0,0.0
2021-07-16,100.0,0.0,0.0,100.0,98.0,98.0,-2.0,35700.0,3516700.0,20.0,79.7,98.0,3100.0,97.0,10000.0,1438370465.0,1438370465.0,1438370465.0,0.0,0.0,,0.0,0.0,0.0
2021-07-19,98.0,0.0,0.0,98.0,95.0,96.0,-2.0,16300.0,1564900.0,17.0,78.0,99.0,100.0,96.0,14800.0,1438370465.0,1438370465.0,1438370465.0,0.0,0.0,,0.0,0.0,0.0
2021-07-21,96.0,0.0,0.0,102.0,95.0,100.0,4.0,25900.0,2588000.0,41.0,81.3,101.0,11900.0,100.0,400.0,1438370465.0,1438370465.0,1438370465.0,0.0,0.0,,0.0,0.0,0.0
2021-07-22,100.0,0.0,0.0,101.0,98.0,100.0,0.0,12000.0,1200700.0,8.0,81.3,101.0,9700.0,100.0,41500.0,1438370465.0,1438370465.0,1438370465.0,0.0,0.0,,0.0,0.0,0.0
2021-07-23,100.0,0.0,0.0,101.0,98.0,101.0,1.0,76600.0,7658100.0,27.0,82.1,101.0,74800.0,99.0,19600.0,1438370465.0,1438370465.0,1438370465.0,0.0,0.0,,0.0,0.0,0.0
2021-07-26,101.0,0.0,0.0,101.0,97.0,97.0,-4.0,70600.0,6928100.0,33.0,78.9,100.0,2100.0,97.0,59400.0,1438370465.0,1438370465.0,1438370465.0,0.0,0.0,,0.0,0.0,0.0
2021-07-27,97.0,0.0,0.0,115.0,95.0,112.0,15.0,2106800.0,231032200.0,277.0,91.1,112.0,113900.0,111.0,6500.0,1438370465.0,1438370465.0,1438370465.0,0.0,0.0,,0.0,0.0,0.0
2021-07-28,112.0,0.0,0.0,118.0,109.0,109.0,-3.0,1396200.0,155146200.0,148.0,88.6,109.0,4600.0,108.0,214500.0,1438370465.0,1438370465.0,1438370465.0,0.0,0.0,,0.0,0.0,0.0
2021-07-29,109.0,0.0,0.0,109.0,107.0,108.0,-1.0,426400.0,46094100.0,39.0,87.8,108.0,4900.0,107.0,158300.0,1438370465.0,1438370465.0,1438370465.0,0.0,0.0,,0.0,0.0,0.0
2021-07-30,108.0,0.0,0.0,112.0,102.0,109.0,1.0,356600.0,38914700.0,78.0,88.6,110.0,48400.0,109.0,1166600.0,1438370465.0,1438370465.0,1438370465.0,0.0,0.0,,0.0,0.0,0.0
2021-08-02,109.0,0.0,0.0,120.0,110.0,115.0,6.0,2519700.0,292900400.0,458.0,93.5,117.0,5100.0,115.0,245800.0,1438370465.0,1438370465.0,1438370465.0,0.0,0.0,,0.0,0.0,0.0
2021-08-03,115.0,0.0,0.0,118.0,110.0,115.0,0.0,545100.0,62312300.0,103.0,93.5,115.0,5500.0,114.0,300100.0,1438370465.0,1438370465.0,1438370465.0,0.0,0.0,,0.0,0.0,0.0
2021-08-04,115.0,0.0,0.0,115.0,109.0,110.0,-5.0,293200.0,32489700.0,68.0,89.4,111.0,27000.0,110.0,41600.0,1438370465.0,1438370465.0,1438370465.0,0.0,0.0,,0.0,0.0,0.0
2021-08-05,110.0,0.0,0.0,116.0,106.0,112.0,2.0,265700.0,29275200.0,74.0,91.1,112.0,32200.0,111.0,6500.0,1438370465.0,1438370465.0,1438370465.0,0.0,0.0,,0.0,0.0,0.0
2021-08-06,112.0,0.0,0.0,117.0,110.0,114.0,2.0,479500.0,54684400.0,114.0,92.7,115.0,8000.0,113.0,2000.0,1438370465.0,1438370465.0,1438370465.0,0.0,0.0,,0.0,0.0,0.0
2021-08-09,114.0,0.0,0.0,118.0,114.0,115.0,1.0,676200.0,77311000.0,51.0,93.5,115.0,331100.0,114.0,372200.0,1438370465.0,1438370465.0,1438370465.0,0.0,0.0,,0.0,0.0,0.0
2021-08-10,115.0,0.0,0.0,115.0,108.0,108.0,-7.0,1465600.0,159638500.0,49.0,87.8,115.0,44500.0,108.0,2240500.0,1438370465.0,1438370465.0,1438370465.0,0.0,0.0,,0.0,0.0,0.0
2021-08-12,108.0,0.0,0.0,145.0,108.0,145.0,37.0,8490200.0,1137372000.0,1593.0,117.9,0.0,0.0,145.0,9789200.0,1438370465.0,1438370465.0,1438370465.0,0.0,20000.0,,0.0,0.0,0.0
2021-08-13,145.0,0.0,0.0,195.0,166.0,195.0,50.0,2653400.0,505543800.0,339.0,158.5,0.0,0.0,195.0,3177900.0,1438370465.0,1438370465.0,1438370465.0,0.0,0.0,,0.0,0.0,0.0
2021-08-16,195.0,0.0,0.0,262.0,182.0,182.0,-13.0,26295500.0,5856584500.0,5613.0,148.0,182.0,17200.0,0.0,0.0,1438370465.0,1438370465.0,1438370465.0,20000.0,0.0,,0.0,0.0,0.0
2021-08-18,182.0,0.0,0.0,182.0,170.0,170.0,-12.0,314600.0,53631500.0,99.0,138.2,170.0,6879100.0,0.0,0.0,1438370465.0,1438370465.0,1438370465.0,0.0,0.0,,0.0,0.0,0.0
2021-08-19,170.0,0.0,0.0,159.0,159.0,159.0,-11.0,71500.0,11368500.0,44.0,129.3,159.0,1790800.0,0.0,0.0,1438370465.0,1438370465.0,1438370465.0,0.0,0.0,,0.0,0.0,0.0
2021-08-20,159.0,0.0,0.0,148.0,148.0,148.0,-11.0,303100.0,44858800.0,66.0,120.3,148.0,1056400.0,0.0,0.0,1438370465.0,1438370465.0,1438370465.0,0.0,0.0,,0.0,0.0,0.0
2021-08-23,148.0,0.0,0.0,166.0,138.0,141.0,-7.0,9274900.0,1372677500.0,2203.0,114.6,142.0,40200.0,141.0,67800.0,1438370465.0,1438370465.0,1438370465.0,0.0,0.0,,0.0,0.0,0.0
2021-08-24,141.0,0.0,0.0,148.0,133.0,134.0,-7.0,1403700.0,193777400.0,386.0,108.9,137.0,28000.0,134.0,231100.0,1438370465.0,1438370465.0,1438370465.0,0.0,0.0,,0.0,0.0,0.0
2021-08-25,134.0,0.0,0.0,140.0,125.0,126.0,-8.0,2412600.0,306352400.0,512.0,102.4,126.0,944900.0,0.0,0.0,1438370465.0,1438370465.0,1438370465.0,0.0,0.0,,0.0,0.0,0.0
2021-08-26,126.0,0.0,0.0,165.0,120.0,136.0,10.0,11967300.0,1737943900.0,2667.0,110.6,137.0,94400.0,136.0,294900.0,1438370465.0,1438370465.0,1438370465.0,0.0,0.0,,0.0,0.0,0.0
2021-08-27,136.0,0.0,0.0,158.0,138.0,142.0,6.0,6092800.0,878753700.0,1420.0,115.4,143.0,8400.0,142.0,12300.0,1438370465.0,1438370465.0,1438370465.0,0.0,0.0,,0.0,0.0,0.0
2021-08-30,142.0,0.0,0.0,145.0,133.0,138.0,-4.0,2442700.0,337434900.0,465.0,112.2,139.0,12200.0,138.0,303700.0,1438370465.0,1438370465.0,1438370465.0,0.0,0.0,,0.0,0.0,0.0
2021-08-31,138.0,0.0,0.0,144.0,131.0,135.0,-3.0,1280700.0,172622100.0,290.0,109.8,136.0,8100.0,135.0,100.0,1438370465.0,1438370465.0,1438370465.0,0.0,0.0,,0.0,0.0,0.0
2021-09-01,135.0,0.0,0.0,142.0,131.0,136.0,1.0,1817400.0,249834500.0,485.0,110.6,137.0,8700.0,136.0,11000.0,1438370465.0,1438370465.0,1438370465.0,0.0,0.0,,0.0,0.0,0.0
2021-09-02,136.0,0.0,0.0,164.0,136.0,145.0,9.0,12068500.0,1841416600.0,2551.0,117.9,150.0,93000.0,145.0,1000.0,1438370465.0,1438370465.0,1438370465.0,0.0,0.0,,0.0,0.0,0.0
2021-09-03,145.0,0.0,0.0,161.0,135.0,138.0,-7.0,11430400.0,1666178400.0,1336.0,112.2,138.0,40000.0,137.0,49000.0,1438370465.0,1438370465.0,1438370465.0,0.0,0.0,,0.0,0.0,0.0
2021-09-06,138.0,0.0,0.0,138.0,133.0,135.0,-3.0,1333700.0,179520100.0,219.0,109.8,137.0,223300.0,135.0,55900.0,1438370465.0,1438370465.0,1438370465.0,0.0,0.0,,0.0,0.0,0.0
2021-09-07,135.0,0.0,0.0,152.0,134.0,141.0,6.0,3387900.0,486989200.0,1171.0,114.6,142.0,12500.0,141.0,128900.0,1438370465.0,1438370465.0,1438370465.0,0.0,0.0,,0.0,0.0,0.0
2021-09-08,141.0,0.0,0.0,146.0,137.0,138.0,-3.0,1957000.0,273971000.0,309.0,112.2,141.0,22600.0,138.0,207500.0,1438370465.0,1438370465.0,1438370465.0,0.0,0.0,,0.0,0.0,0.0
2021-09-09,138.0,0.0,0.0,180.0,139.0,167.0,29.0,18509800.0,2865393300.0,2470.0,135.8,168.0,13400.0,167.0,3400.0,1438370465.0,1438370465.0,1438370465.0,0.0,0.0,,0.0,0.0,0.0
2021-09-10,167.0,0.0,0.0,179.0,156.0,167.0,0.0,4311700.0,722068300.0,752.0,135.8,169.0,195100.0,167.0,458600.0,1438370465.0,1438370465.0,1438370465.0,0.0,0.0,,0.0,0.0,0.0
2021-09-13,167.0,0.0,0.0,196.0,167.0,192.0,25.0,8123400.0,1489604600.0,1735.0,156.1,193.0,101000.0,192.0,99300.0,1438370465.0,1438370465.0,1438370465.0,1000.0,1000.0,,0.0,0.0,0.0
2021-09-14,192.0,0.0,0.0,258.0,196.0,258.0,66.0,15149500.0,3609802900.0,3130.0,209.8,0.0,0.0,258.0,4006400.0,1438370465.0,1438370465.0,1438370465.0,1000.0,1000.0,,0.0,0.0,0.0
2021-09-15,258.0,0.0,0.0,290.0,240.0,240.0,-18.0,11788600.0,2993565200.0,2244.0,195.1,242.0,22900.0,240.0,326900.0,1438370465.0,1438370465.0,1438370465.0,0.0,0.0,,0.0,0.0,0.0
2021-09-16,240.0,0.0,0.0,254.0,242.0,242.0,2.0,1833700.0,452871600.0,418.0,196.7,242.0,29300.0,240.0,454400.0,1438370465.0,1438370465.0,1438370465.0,0.0,0.0,,0.0,0.0,0.0
2021-09-17,242.0,0.0,0.0,256.0,228.0,252.0,10.0,2232500.0,552931000.0,568.0,204.9,254.0,30200.0,252.0,134000.0,1438370465.0,1438370465.0,1438370465.0,0.0,500.0,,0.0,0.0,0.0
2021-09-20,252.0,0.0,0.0,280.0,238.0,264.0,12.0,2486300.0,649082800.0,868.0,214.6,266.0,87800.0,264.0,6000.0,1438370465.0,1438370465.0,1438370465.0,500.0,0.0,,0.0,0.0,0.0
2021-09-21,264.0,0.0,0.0,276.0,260.0,270.0,6.0,923600.0,249461000.0,417.0,219.5,270.0,85200.0,262.0,700.0,1438370465.0,1438370465.0,1438370465.0,0.0,0.0,,0.0,0.0,0.0
2021-09-22,270.0,0.0,0.0,274.0,262.0,274.0,4.0,1186200.0,319071800.0,334.0,222.8,274.0,49900.0,272.0,8500.0,1438370465.0,1438370465.0,1438370465.0,0.0,500.0,,0.0,0.0,0.0
2021-09-23,274.0,0.0,0.0,342.0,260.0,342.0,68.0,10857000.0,3492982000.0,2435.0,278.0,0.0,0.0,342.0,6888700.0,1438370465.0,1438370465.0,1438370465.0,112500.0,113000.0,,0.0,0.0,0.0
2021-09-24,342.0,0.0,0.0,426.0,320.0,426.0,84.0,10562600.0,4116057200.0,3341.0,346.3,0.0,0.0,426.0,1711600.0,1438370465.0,1438370465.0,1438370465.0,91000.0,148900.0,,0.0,0.0,0.0
2021-09-27,426.0,0.0,0.0,530.0,430.0,460.0,34.0,9902500.0,4926077500.0,3323.0,374.0,462.0,5500.0,460.0,71700.0,1438370465.0,1438370465.0,1438370465.0,1000.0,33100.0,,0.0,0.0,0.0
2021-09-28,460.0,0.0,0.0,470.0,428.0,428.0,-32.0,2374100.0,1029533000.0,734.0,348.0,428.0,8900.0,0.0,0.0,1438370465.0,1438370465.0,1438370465.0,0.0,10000.0,,0.0,0.0,0.0
2021-09-29,428.0,0.0,0.0,426.0,400.0,400.0,-28.0,1339100.0,537641000.0,287.0,325.2,400.0,614600.0,0.0,0.0,1438370465.0,1438370465.0,1438370465.0,0.0,0.0,,0.0,0.0,0.0
2021-09-30,400.0,0.0,0.0,468.0,372.0,412.0,12.0,4317800.0,1776209800.0,2100.0,335.0,412.0,212900.0,408.0,6000.0,1438370465.0,1438370465.0,1438370465.0,0.0,12600.0,,0.0,0.0,0.0
2021-10-01,412.0,0.0,0.0,438.0,400.0,412.0,0.0,1026100.0,434078800.0,388.0,335.0,412.0,900.0,410.0,1000.0,1438370465.0,1438370465.0,1020811519.0,0.0,5000.0,,0.0,0.0,0.0
2021-10-04,412.0,0.0,0.0,420.0,384.0,390.0,-22.0,833000.0,324325400.0,335.0,317.1,390.0,107700.0,0.0,0.0,1438370465.0,1438370465.0,1020811519.0,35000.0,0.0,,0.0,0.0,0.0
2021-10-05,390.0,0.0,0.0,390.0,364.0,364.0,-26.0,1750200.0,641886400.0,327.0,295.9,364.0,1700.0,0.0,0.0,1438370465.0,1438370465.0,1020811519.0,0.0,0.0,,0.0,0.0,0.0
2021-10-06,364.0,0.0,0.0,380.0,344.0,346.0,-18.0,594600.0,213501200.0,372.0,281.3,346.0,6200.0,344.0,6100.0,1438370465.0,1438370465.0,1020811519.0,0.0,0.0,,0.0,0.0,0.0
2021-10-07,346.0,0.0,0.0,372.0,322.0,332.0,-14.0,1126000.0,368116000.0,528.0,269.9,332.0,37300.0,322.0,33900.0,1438370465.0,1438370465.0,1020811519.0,0.0,0.0,,0.0,0.0,0.0
2021-10-08,332.0,0.0,0.0,322.0,310.0,310.0,-22.0,1255500.0,390387800.0,313.0,252.0,310.0,94700.0,0.0,0.0,1438370465.0,1438370465.0,1020811519.0,0.0,0.0,,0.0,0.0,0.0
2021-10-11,310.0,0.0,0.0,310.0,292.0,292.0,-18.0,726100.0,216103200.0,191.0,237.4,304.0,40900.0,292.0,5400.0,1438370465.0,1438370465.0,1020811519.0,0.0,0.0,,0.0,0.0,0.0
2021-10-12,292.0,0.0,0.0,364.0,292.0,364.0,72.0,4875000.0,1730826800.0,1344.0,295.9,0.0,0.0,364.0,889900.0,1438370465.0,1438370465.0,1020811519.0,3000.0,45300.0,,0.0,0.0,0.0
2021-10-13,364.0,0.0,0.0,430.0,370.0,380.0,16.0,7521000.0,2993661400.0,3069.0,308.9,380.0,69400.0,378.0,17600.0,1438370465.0,1438370465.0,1020811519.0,1100.0,300.0,,0.0,0.0,0.0
2021-10-14,380.0,0.0,0.0,380.0,354.0,354.0,-26.0,1240900.0,440071200.0,340.0,287.8,354.0,388300.0,0.0,0.0,1438370465.0,1438370465.0,1020811519.0,0.0,0.0,,0.0,0.0,0.0
2021-10-15,354.0,0.0,0.0,354.0,330.0,340.0,-14.0,1125600.0,380269000.0,355.0,276.4,340.0,280900.0,338.0,104000.0,1438370465.0,1438370465.0,1020811519.0,100.0,0.0,,0.0,0.0,0.0
2021-10-18,340.0,0.0,0.0,366.0,326.0,336.0,-4.0,1091300.0,369855600.0,577.0,273.2,336.0,5400.0,334.0,200.0,1438370465.0,1438370465.0,1020811519.0,0.0,0.0,,20000000.0,6600000000.0,4.0
2021-10-19,336.0,0.0,0.0,360.0,340.0,342.0,6.0,330700.0,114663600.0,357.0,278.0,344.0,14300.0,342.0,2300.0,1438370465.0,1438370465.0,1020811519.0,0.0,0.0,,0.0,0.0,0.0
2021-10-21,342.0,0.0,0.0,394.0,344.0,392.0,50.0,2201300.0,831109800.0,1145.0,318.7,394.0,18800.0,392.0,50800.0,1438370465.0,1438370465.0,1020811519.0,0.0,0.0,,0.0,0.0,0.0
2021-10-22,392.0,0.0,0.0,450.0,378.0,402.0,10.0,5335400.0,2221129800.0,3035.0,326.8,402.0,81400.0,392.0,1000.0,1438370465.0,1438370465.0,1020811519.0,900.0,0.0,,0.0,0.0,0.0
2021-10-25,402.0,0.0,0.0,406.0,388.0,398.0,-4.0,673100.0,266777600.0,308.0,323.6,398.0,19600.0,392.0,5000.0,1438370465.0,1438370465.0,1020811519.0,0.0,0.0,,0.0,0.0,0.0
2021-10-26,398.0,0.0,0.0,496.0,394.0,496.0,98.0,2831100.0,1333102600.0,616.0,403.3,0.0,0.0,496.0,65100.0,1438370465.0,1438370465.0,1020811519.0,102000.0,0.0,,0.0,0.0,0.0
2021-10-27,496.0,0.0,0.0,510.0,472.0,488.0,-8.0,4021700.0,1942491000.0,1284.0,396.7,488.0,60000.0,472.0,27400.0,1438370465.0,1438370465.0,1020811519.0,3000.0,3000.0,,0.0,0.0,0.0
2021-10-28,488.0,0.0,0.0,498.0,470.0,488.0,0.0,476800.0,229164600.0,345.0,396.7,488.0,67000.0,482.0,5000.0,1438370465.0,1438370465.0,1020811519.0,0.0,0.0,,0.0,0.0,0.0
2021-10-29,488.0,0.0,0.0,496.0,468.0,472.0,-16.0,515700.0,247965200.0,293.0,383.7,472.0,13900.0,470.0,4100.0,1438370465.0,1438370465.0,1020811519.0,8000.0,8000.0,,0.0,0.0,0.0
2021-11-01,472.0,0.0,0.0,492.0,442.0,474.0,2.0,2593100.0,1233704200.0,1007.0,385.4,476.0,2200.0,474.0,51800.0,1438370465.0,1438370465.0,1020811519.0,0.0,0.0,,0.0,0.0,0.0
2021-11-02,474.0,0.0,0.0,575.0,454.0,575.0,101.0,2693700.0,1459478800.0,728.0,467.5,575.0,375200.0,570.0,2500.0,1438370465.0,1438370465.0,1020811519.0,0.0,0.0,,0.0,0.0,0.0
2021-11-03,575.0,0.0,0.0,600.0,535.0,550.0,-25.0,1183500.0,649844000.0,640.0,447.2,550.0,40900.0,535.0,7400.0,1438370465.0,1438370465.0,1020811519.0,10000.0,10000.0,,0.0,0.0,0.0
2021-11-04,550.0,0.0,0.0,570.0,515.0,570.0,20.0,3901700.0,2162905000.0,797.0,463.4,570.0,226600.0,565.0,20900.0,1438370465.0,1438370465.0,1020811519.0,4500.0,4500.0,,0.0,0.0,0.0
2021-11-05,570.0,0.0,0.0,570.0,550.0,550.0,-20.0,594200.0,330292500.0,318.0,447.2,550.0,33500.0,545.0,20000.0,1438370465.0,1438370465.0,1020811519.0,0.0,0.0,,0.0,0.0,0.0
2021-11-08,550.0,0.0,0.0,595.0,545.0,555.0,5.0,1053900.0,599935500.0,499.0,451.2,555.0,5900.0,550.0,16500.0,1438370465.0,1438370465.0,1020811519.0,0.0,0.0,,0.0,0.0,0.0
2021-11-09,555.0,0.0,0.0,590.0,550.0,575.0,20.0,744600.0,427379500.0,464.0,467.5,575.0,44800.0,570.0,2500.0,1438370465.0,1438370465.0,1020811519.0,0.0,20000.0,,0.0,0.0,0.0
2021-11-10,575.0,0.0,0.0,580.0,545.0,560.0,-15.0,268600.0,148506000.0,185.0,455.3,560.0,11300.0,545.0,37000.0,1438370465.0,1438370465.0,1020811519.0,0.0,0.0,,0.0,0.0,0.0
2021-11-11,560.0,0.0,0.0,565.0,530.0,535.0,-25.0,471200.0,254108500.0,213.0,435.0,540.0,100.0,535.0,31200.0,1438370465.0,1438370465.0,1020811519.0,0.0,0.0,,0.0,0.0,0.0
2021-11-12,535.0,0.0,0.0,640.0,500.0,640.0,105.0,1094800.0,667100000.0,413.0,520.3,640.0,661400.0,560.0,4300.0,1438370465.0,1438370465.0,1020811519.0,0.0,0.0,,0.0,0.0,0.0
2021-11-15,640.0,0.0,0.0,645.0,600.0,635.0,-5.0,1414100.0,876373500.0,552.0,516.3,635.0,3500.0,630.0,36300.0,1438370465.0,1438370465.0,1020811519.0,8000.0,8000.0,,0.0,0.0,0.0
2021-11-16,635.0,0.0,0.0,660.0,625.0,640.0,5.0,1159500.0,744432000.0,515.0,520.3,640.0,9400.0,635.0,43500.0,1438370465.0,1438370465.0,1020811519.0,16600.0,16600.0,,0.0,0.0,0.0
2021-11-17,640.0,0.0,0.0,665.0,635.0,635.0,-5.0,1632600.0,1061509500.0,732.0,516.3,645.0,27200.0,635.0,22500.0,1438370465.0,1438370465.0,1020811519.0,0.0,0.0,,0.0,0.0,0.0
2021-11-18,635.0,0.0,0.0,645.0,615.0,630.0,-5.0,839400.0,528205500.0,397.0,512.2,630.0,33300.0,625.0,40900.0,1438370465.0,1438370465.0,1020811519.0,0.0,0.0,,0.0,0.0,0.0
2021-11-19,630.0,0.0,0.0,640.0,620.0,635.0,5.0,660800.0,417548000.0,348.0,516.3,635.0,15700.0,630.0,16100.0,1438370465.0,1438370465.0,1020811519.0,0.0,0.0,,0.0,0.0,0.0
2021-11-22,635.0,0.0,0.0,640.0,610.0,610.0,-25.0,383200.0,238965500.0,162.0,495.9,625.0,8000.0,610.0,7700.0,1438370465.0,1438370465.0,1020811519.0,0.0,0.0,,0.0,0.0,0.0
2021-11-23,610.0,0.0,0.0,625.0,580.0,585.0,-25.0,189900.0,112714500.0,142.0,475.6,585.0,8700.0,580.0,2700.0,1438370465.0,1438370465.0,1020811519.0,0.0,0.0,,0.0,0.0,0.0
2021-11-24,585.0,0.0,0.0,610.0,555.0,555.0,-30.0,209400.0,118890000.0,114.0,451.2,595.0,8800.0,555.0,6400.0,1438370465.0,1438370465.0,1020811519.0,0.0,0.0,,0.0,0.0,0.0
2021-11-25,555.0,0.0,0.0,595.0,525.0,555.0,0.0,122600.0,67387000.0,112.0,451.2,555.0,117500.0,550.0,2500.0,1438370465.0,1438370465.0,1020811519.0,0.0,0.0,,0.0,0.0,0.0
2021-11-26,555.0,0.0,0.0,560.0,520.0,560.0,5.0,354000.0,186361000.0,141.0,455.3,560.0,41700.0,530.0,8600.0,1438370465.0,1438370465.0,1020811519.0,0.0,0.0,,0.0,0.0,0.0
2021-11-29,560.0,0.0,0.0,560.0,525.0,525.0,-35.0,111700.0,59360500.0,80.0,426.8,550.0,35900.0,525.0,800.0,1438370465.0,1438370465.0,1020811519.0,0.0,0.0,,0.0,0.0,0.0
2021-11-30,525.0,0.0,0.0,535.0,490.0,490.0,-35.0,117500.0,58243100.0,119.0,398.4,490.0,22100.0,0.0,0.0,1438370465.0,1438370465.0,1020811519.0,0.0,0.0,,0.0,0.0,0.0
2021-12-01,490.0,0.0,0.0,462.0,456.0,456.0,-34.0,187600.0,85732800.0,70.0,370.7,456.0,149800.0,0.0,0.0,1438370465.0,1438370465.0,1020811519.0,0.0,0.0,,0.0,0.0,0.0
2021-12-02,456.0,0.0,0.0,488.0,426.0,488.0,32.0,620200.0,267946400.0,181.0,396.7,488.0,146400.0,430.0,3300.0,1438370465.0,1438370465.0,1020811519.0,0.0,0.0,,0.0,0.0,0.0
2021-12-03,488.0,0.0,0.0,486.0,454.0,460.0,-28.0,143800.0,66409400.0,80.0,374.0,460.0,2000.0,458.0,5000.0,1438370465.0,1438370465.0,1020811519.0,0.0,0.0,,0.0,0.0,0.0
2021-12-06,460.0,0.0,0.0,480.0,460.0,460.0,0.0,14400.0,6685200.0,33.0,374.0,462.0,1700.0,460.0,15900.0,1438370465.0,1438370465.0,1020811519.0,0.0,0.0,,0.0,0.0,0.0
2021-12-07,460.0,0.0,0.0,464.0,460.0,464.0,4.0,18000.0,8284800.0,17.0,377.2,466.0,30000.0,464.0,900.0,1438370465.0,1438370465.0,1020811519.0,0.0,0.0,,0.0,0.0,0.0
2021-12-08,464.0,0.0,0.0,468.0,436.0,436.0,-28.0,27400.0,12741400.0,21.0,354.5,466.0,2900.0,436.0,40600.0,1438370465.0,1438370465.0,1020811519.0,0.0,0.0,,0.0,0.0,0.0
2021-12-09,436.0,0.0,0.0,458.0,438.0,438.0,2.0,199200.0,88965400.0,132.0,356.1,446.0,4400.0,438.0,19700.0,1438370465.0,1438370465.0,1020811519.0,0.0,0.0,,0.0,0.0,0.0
2021-12-10,438.0,0.0,0.0,456.0,440.0,442.0,4.0,14800.0,6607400.0,26.0,359.3,442.0,2200.0,438.0,20900.0,1438370465.0,1438370465.0,1020811519.0,0.0,0.0,,0.0,0.0,0.0
2021-12-13,442.0,0.0,0.0,460.0,418.0,442.0,0.0,29600.0,12979400.0,41.0,359.3,458.0,7700.0,442.0,8900.0,1438370465.0,1438370465.0,1020811519.0,0.0,0.0,,0.0,0.0,0.0
2021-12-14,442.0,0.0,0.0,450.0,422.0,434.0,-8.0,28600.0,12568400.0,23.0,352.8,438.0,1000.0,434.0,400.0,1438370465.0,1438370465.0,1020811519.0,0.0,0.0,,0.0,0.0,0.0
2021-12-15,434.0,0.0,0.0,458.0,434.0,436.0,2.0,96900.0,42414400.0,25.0,354.5,436.0,800.0,434.0,17500.0,1438370465.0,1438370465.0,1020811519.0,0.0,0.0,,0.0,0.0,0.0
2021-12-16,436.0,0.0,0.0,450.0,428.0,444.0,8.0,13700.0,5920200.0,26.0,361.0,444.0,3700.0,430.0,9900.0,1438370465.0,1438370465.0,1020811519.0,0.0,0.0,,0.0,0.0,0.0
2021-12-17,444.0,0.0,0.0,442.0,418.0,430.0,-14.0,24100.0,10400800.0,27.0,349.6,442.0,257000.0,430.0,8400.0,1438370465.0,1438370465.0,1020811519.0,0.0,0.0,,0.0,0.0,0.0
2021-12-20,430.0,0.0,0.0,442.0,418.0,428.0,-2.0,17500.0,7621800.0,26.0,348.0,440.0,29100.0,428.0,400.0,1438370465.0,1438370465.0,1020811519.0,0.0,0.0,,0.0,0.0,0.0
2021-12-21,428.0,0.0,0.0,438.0,418.0,436.0,8.0,11300.0,4864200.0,19.0,354.5,438.0,14700.0,436.0,400.0,1438370465.0,1438370465.0,1020811519.0,0.0,0.0,,0.0,0.0,0.0
2021-12-22,436.0,0.0,0.0,438.0,406.0,418.0,-18.0,334900.0,139622800.0,80.0,339.8,416.0,29900.0,406.0,31300.0,1438370465.0,1438370465.0,1020811519.0,0.0,0.0,,0.0,0.0,0.0
2021-12-23,418.0,0.0,0.0,414.0,390.0,390.0,-28.0,304900.0,119165600.0,94.0,317.1,390.0,54200.0,0.0,0.0,1438370465.0,1438370465.0,1020811519.0,0.0,0.0,,0.0,0.0,0.0
2021-12-24,390.0,0.0,0.0,390.0,364.0,364.0,-26.0,536500.0,195737000.0,119.0,295.9,364.0,44800.0,0.0,0.0,1438370465.0,1438370465.0,1020811519.0,0.0,0.0,,0.0,0.0,0.0
2021-12-27,364.0,0.0,0.0,438.0,340.0,340.0,-24.0,7407400.0,2689607200.0,914.0,276.4,340.0,67200.0,0.0,0.0,1438370465.0,1438370465.0,1020811519.0,0.0,2500.0,,0.0,0.0,0.0
2021-12-28,340.0,0.0,0.0,372.0,318.0,318.0,-22.0,5713800.0,1975282400.0,596.0,258.5,318.0,178300.0,0.0,0.0,1438370465.0,1438370465.0,1020811519.0,2500.0,0.0,,0.0,0.0,0.0
2021-12-29,318.0,0.0,0.0,318.0,296.0,296.0,-22.0,665200.0,197888200.0,335.0,240.7,296.0,154700.0,0.0,0.0,1438370465.0,1438370465.0,1020811519.0,0.0,0.0,,0.0,0.0,0.0
2021-12-30,296.0,0.0,0.0,332.0,276.0,276.0,-20.0,13182500.0,3955069000.0,777.0,224.4,276.0,951300.0,0.0,0.0,1438370465.0,1438370465.0,1020811519.0,0.0,0.0,,0.0,0.0,0.0
2022-01-03,276.0,0.0,0.0,270.0,258.0,258.0,-18.0,154700.0,40254600.0,86.0,209.8,258.0,141800.0,0.0,0.0,1438370465.0,1438370465.0,613033492.0,0.0,0.0,,0.0,0.0,0.0
2022-01-04,258.0,0.0,0.0,274.0,240.0,240.0,-18.0,9454700.0,2374994200.0,625.0,195.1,240.0,67100.0,0.0,0.0,1438370465.0,1438370465.0,613033492.0,0.0,0.0,,0.0,0.0,0.0
2022-01-05,240.0,0.0,0.0,258.0,224.0,224.0,-16.0,10056300.0,2413783400.0,733.0,182.1,224.0,440900.0,0.0,0.0,1438370465.0,1438370465.0,613033492.0,0.0,0.0,,0.0,0.0,0.0
2022-01-06,224.0,0.0,0.0,248.0,210.0,210.0,-14.0,19267600.0,4279895400.0,1218.0,170.7,210.0,184500.0,0.0,0.0,1438370465.0,1438370465.0,613033492.0,0.0,0.0,,0.0,0.0,0.0
2022-01-07,210.0,0.0,0.0,214.0,196.0,196.0,-14.0,31330200.0,6424208100.0,761.0,159.3,196.0,455300.0,0.0,0.0,1438370465.0,1438370465.0,613033492.0,0.0,0.0,,0.0,0.0,0.0
2022-01-10,196.0,0.0,0.0,264.0,183.0,183.0,-13.0,41078000.0,8497343600.0,4250.0,148.8,183.0,1701300.0,0.0,0.0,1438370465.0,1438370465.0,613033492.0,3000.0,51100.0,,0.0,0.0,0.0
2022-01-11,183.0,0.0,0.0,192.0,171.0,171.0,-12.0,83112000.0,15087090100.0,15330.0,139.0,171.0,1934200.0,0.0,0.0,1438370465.0,1438370465.0,613033492.0,48100.0,0.0,,0.0,0.0,0.0
2022-01-12,171.0,0.0,0.0,176.0,160.0,160.0,-11.0,30514500.0,4964557400.0,2225.0,130.1,160.0,2517800.0,0.0,0.0,1438370465.0,1438370465.0,613033492.0,0.0,0.0,,0.0,0.0,0.0
2022-01-13,160.0,0.0,0.0,158.0,149.0,149.0,-11.0,12192400.0,1817480900.0,601.0,121.1,149.0,2244000.0,0.0,0.0,1438370465.0,1438370465.0,613033492.0,0.0,0.0,,0.0,0.0,0.0
2022-01-14,149.0,0.0,0.0,147.0,139.0,139.0,-10.0,7213000.0,1004247800.0,581.0,113.0,139.0,3282500.0,0.0,0.0,1438370465.0,1438370465.0,613033492.0,0.0,0.0,,0.0,0.0,0.0
2022-01-17,139.0,0.0,0.0,142.0,130.0,130.0,-9.0,118496900.0,15939680400.0,1300.0,105.7,130.0,4112200.0,0.0,0.0,1438370465.0,1438370465.0,613033492.0,0.0,0.0,,0.0,0.0,0.0
2022-01-18,130.0,0.0,0.0,128.0,121.0,121.0,-9.0,17410700.0,2114604800.0,1302.0,98.4,121.0,3010600.0,0.0,0.0,1438370465.0,1438370465.0,613033492.0,0.0,0.0,,0.0,0.0,0.0
2022-01-19,121.0,0.0,0.0,117.0,113.0,113.0,-8.0,9681800.0,1097078400.0,593.0,91.9,113.0,3432400.0,0.0,0.0,1438370465.0,1438370465.0,613033492.0,0.0,0.0,,0.0,0.0,0.0
2022-01-20,113.0,0.0,0.0,106.0,106.0,106.0,-7.0,7067300.0,749133800.0,237.0,86.2,106.0,7239000.0,0.0,0.0,1438370465.0,1438370465.0,613033492.0,0.0,0.0,,0.0,0.0,0.0
2022-01-21,106.0,0.0,0.0,104.0,99.0,99.0,-7.0,5250700.0,520605700.0,409.0,80.5,99.0,2561700.0,0.0,0.0,1438370465.0,1438370465.0,613033492.0,0.0,284000.0,,0.0,0.0,0.0
2022-01-24,99.0,0.0,0.0,121.0,93.0,93.0,-6.0,95440900.0,9698441900.0,7785.0,75.6,93.0,4754400.0,0.0,0.0,1438370465.0,1438370465.0,613033492.0,0.0,0.0,,0.0,0.0,0.0
2022-01-25,93.0,0.0,0.0,98.0,87.0,87.0,-6.0,71133200.0,6428120600.0,5030.0,70.7,87.0,4219200.0,0.0,0.0,1438370465.0,1438370465.0,613033492.0,0.0,12000.0,,0.0,0.0,0.0
2022-01-26,87.0,0.0,0.0,91.0,81.0,84.0,-3.0,18528100.0,1572177500.0,1865.0,68.3,85.0,20500.0,84.0,12437100.0,1438370465.0,1438370465.0,613033492.0,0.0,12000.0,,0.0,0.0,0.0
2022-01-27,84.0,0.0,0.0,113.0,87.0,113.0,29.0,77959100.0,8353528600.0,7285.0,91.9,0.0,0.0,113.0,17977100.0,1438370465.0,1438370465.0,613033492.0,24000.0,60000.0,,0.0,0.0,0.0
2022-01-28,113.0,0.0,0.0,145.0,106.0,106.0,-7.0,174050700.0,20898007700.0,15786.0,86.2,106.0,510000.0,0.0,0.0,1438370465.0,1438370465.0,613033492.0,10000.0,100000.0,,0.0,0.0,0.0
2022-01-31,106.0,0.0,0.0,108.0,99.0,99.0,-7.0,51606100.0,5191795500.0,3410.0,80.5,99.0,10723800.0,0.0,0.0,1438370465.0,1438370465.0,613033492.0,0.0,0.0,,0.0,0.0,0.0
2022-02-02,99.0,0.0,0.0,100.0,93.0,93.0,-6.0,27747500.0,2610383300.0,2714.0,75.6,93.0,1654000.0,0.0,0.0,1438370465.0,1438370465.0,613033492.0,0.0,50000.0,,0.0,0.0,0.0
2022-02-03,93.0,0.0,0.0,104.0,87.0,87.0,-6.0,94943900.0,8803093000.0,6554.0,70.7,87.0,708900.0,0.0,0.0,1438370465.0,1438370465.0,613033492.0,1700.0,13700.0,,0.0,0.0,0.0
2022-02-04,87.0,0.0,0.0,91.0,84.0,84.0,-3.0,53832500.0,4652008600.0,4595.0,68.3,85.0,1463300.0,84.0,18705600.0,1438370465.0,1438370465.0,613033492.0,0.0,520000.0,,0.0,0.0,0.0
2022-02-07,84.0,0.0,0.0,90.0,82.0,84.0,0.0,55478600.0,4710880900.0,3892.0,68.3,84.0,1300800.0,83.0,3180800.0,1438370465.0,1438370465.0,613033492.0,500000.0,520000.0,,0.0,0.0,0.0
2022-02-08,84.0,0.0,0.0,86.0,80.0,81.0,-3.0,36215600.0,2988852000.0,2700.0,65.9,82.0,478900.0,81.0,160100.0,1438370465.0,1438370465.0,613033492.0,0.0,250000.0,,0.0,0.0,0.0
2022-02-09,81.0,0.0,0.0,82.0,77.0,82.0,1.0,34179600.0,2709717700.0,2965.0,66.7,82.0,1599400.0,81.0,186300.0,1438370465.0,1438370465.0,613033492.0,888800.0,888800.0,,0.0,0.0,0.0
2022-02-10,82.0,0.0,0.0,84.0,79.0,80.0,-2.0,18877300.0,1532882400.0,1640.0,65.0,81.0,122000.0,80.0,50400.0,1438370465.0,1438370465.0,613033492.0,0.0,53700.0,,0.0,0.0,0.0
2022-02-11,80.0,0.0,0.0,93.0,78.0,80.0,0.0,175641400.0,14755399600.0,10823.0,65.0,80.0,1734900.0,79.0,1391500.0,1438370465.0,1438370465.0,613033492.0,500000.0,0.0,,0.0,0.0,0.0
2022-02-14,80.0,0.0,0.0,80.0,75.0,77.0,-3.0,22845200.0,1776866100.0,1898.0,62.6,78.0,713800.0,77.0,5237200.0,1438370465.0,1438370465.0,613033492.0,0.0,0.0,,0.0,0.0,0.0
2022-02-15,77.0,0.0,0.0,83.0,77.0,79.0,2.0,27020800.0,2142897300.0,2512.0,64.2,80.0,1719900.0,79.0,532600.0,1438370465.0,1438370465.0,613033492.0,0.0,0.0,,0.0,0.0,0.0
2022-02-16,79.0,0.0,0.0,81.0,77.0,79.0,0.0,9641400.0,755508500.0,916.0,64.2,79.0,1736200.0,78.0,1375300.0,1438370465.0,1438370465.0,613033492.0,53700.0,15000.0,,0.0,0.0,0.0
2022-02-17,79.0,0.0,0.0,79.0,76.0,77.0,-2.0,14178400.0,1092730200.0,1231.0,62.6,78.0,966700.0,77.0,511800.0,1438370465.0,1438370465.0,613033492.0,0.0,0.0,,0.0,0.0,0.0
2022-02-18,77.0,0.0,0.0,79.0,76.0,78.0,1.0,9255000.0,718346300.0,823.0,63.4,79.0,514800.0,78.0,464300.0,1438370465.0,1438370465.0,613033492.0,32600.0,32600.0,,0.0,0.0,0.0
2022-02-21,78.0,0.0,0.0,78.0,73.0,77.0,-1.0,9491000.0,727102500.0,872.0,62.6,77.0,1879300.0,76.0,485400.0,1438370465.0,1438370465.0,613033492.0,267700.0,287800.0,,0.0,0.0,0.0
2022-02-22,77.0,0.0,0.0,78.0,75.0,76.0,-1.0,10938600.0,835480500.0,715.0,61.8,77.0,101000.0,76.0,2325100.0,1438370465.0,1438370465.0,613033492.0,20100.0,539300.0,,0.0,0.0,0.0
2022-02-23,76.0,0.0,0.0,87.0,75.0,75.0,-1.0,226906600.0,18382046800.0,10526.0,61.0,75.0,2212800.0,74.0,1514200.0,1438370465.0,1438370465.0,613033492.0,6348900.0,6006200.0,,0.0,0.0,0.0
2022-02-24,75.0,0.0,0.0,77.0,70.0,72.0,-3.0,42195900.0,3027374000.0,2210.0,58.5,73.0,552800.0,72.0,3926400.0,1438370465.0,1438370465.0,613033492.0,64200.0,401500.0,,0.0,0.0,0.0
2022-02-25,72.0,0.0,0.0,76.0,69.0,72.0,0.0,20718200.0,1503532200.0,980.0,58.5,73.0,112200.0,72.0,1807300.0,1438370465.0,1438370465.0,613033492.0,479800.0,355900.0,,0.0,0.0,0.0
2022-03-01,72.0,0.0,0.0,79.0,72.0,74.0,2.0,40428200.0,3056229500.0,2244.0,60.2,75.0,273200.0,74.0,113800.0,1438370465.0,1438370465.0,613033492.0,1476000.0,1346000.0,,0.0,0.0,0.0
2022-03-02,74.0,0.0,0.0,76.0,70.0,72.0,-2.0,23265600.0,1680557500.0,1066.0,58.5,72.0,140800.0,71.0,351500.0,1438370465.0,1438370465.0,613033492.0,929900.0,1261100.0,,0.0,0.0,0.0
2022-03-04,72.0,0.0,0.0,73.0,69.0,69.0,-3.0,10485200.0,734039400.0,982.0,56.1,70.0,241200.0,69.0,198700.0,1438370465.0,1438370465.0,613033492.0,331200.0,0.0,,0.0,0.0,0.0
2022-03-07,69.0,0.0,0.0,71.0,67.0,67.0,-2.0,7129300.0,486495700.0,669.0,54.5,68.0,175300.0,67.0,1418000.0,1438370465.0,1438370465.0,613033492.0,0.0,0.0,,0.0,0.0,0.0
2022-03-08,67.0,0.0,0.0,68.0,66.0,66.0,-1.0,4414000.0,293035100.0,500.0,53.7,67.0,414900.0,66.0,49800.0,1438370465.0,1438370465.0,613033492.0,0.0,0.0,,0.0,0.0,0.0
2022-03-09,66.0,0.0,0.0,68.0,65.0,67.0,1.0,2154900.0,142370700.0,400.0,54.5,67.0,359100.0,66.0,101300.0,1438370465.0,1438370465.0,613033492.0,13500.0,89600.0,,0.0,0.0,0.0
2022-03-10,67.0,0.0,0.0,74.0,66.0,69.0,2.0,22090200.0,1564456800.0,1810.0,56.1,70.0,1045100.0,69.0,390700.0,1438370465.0,1438370465.0,613033492.0,600100.0,2926400.0,,0.0,0.0,0.0
2022-03-11,69.0,0.0,0.0,71.0,69.0,71.0,2.0,8791300.0,615092000.0,674.0,57.7,71.0,1217400.0,70.0,1789500.0,1438370465.0,1438370465.0,613033492.0,1961300.0,504200.0,,0.0,0.0,0.0
2022-03-14,71.0,0.0,0.0,73.0,68.0,69.0,-2.0,10389300.0,728233000.0,841.0,56.1,70.0,1041300.0,69.0,235200.0,1438370465.0,1438370465.0,613033492.0,1061200.0,449000.0,,0.0,0.0,0.0
2022-03-15,69.0,0.0,0.0,70.0,68.0,69.0,0.0,2347900.0,160994700.0,400.0,56.1,69.0,218300.0,68.0,87700.0,1438370465.0,1438370465.0,613033492.0,206600.0,0.0,,0.0,0.0,0.0
2022-03-16,69.0,0.0,0.0,69.0,67.0,67.0,-2.0,1412600.0,95965900.0,243.0,54.5,68.0,61900.0,67.0,1417700.0,1438370465.0,1438370465.0,613033492.0,0.0,8700.0,,0.0,0.0,0.0
2022-03-17,67.0,0.0,0.0,70.0,67.0,68.0,1.0,2885700.0,197090600.0,309.0,55.3,68.0,311100.0,67.0,1018200.0,1438370465.0,1438370465.0,613033492.0,0.0,857100.0,,0.0,0.0,0.0
2022-03-18,68.0,0.0,0.0,69.0,64.0,68.0,0.0,3243200.0,219164400.0,263.0,55.3,68.0,515500.0,67.0,1245900.0,1438370465.0,1438370465.0,613033492.0,0.0,105800.0,,0.0,0.0,0.0
2022-03-21,68.0,0.0,0.0,74.0,64.0,70.0,2.0,43587400.0,3046275400.0,1587.0,56.9,70.0,1245700.0,69.0,1000.0,1438370465.0,1438370465.0,613033492.0,26400.0,1270300.0,,193014705.0,13124999940.0,2.0
2022-03-22,70.0,0.0,0.0,72.0,66.0,67.0,-3.0,112039700.0,7611366400.0,3715.0,54.5,67.0,589500.0,66.0,682200.0,1438370465.0,1438370465.0,613033492.0,387400.0,61400.0,,0.0,0.0,0.0
2022-03-23,67.0,0.0,0.0,69.0,63.0,63.0,-4.0,87065600.0,5577836300.0,2856.0,51.2,63.0,580600.0,0.0,0.0,1438370465.0,1438370465.0,613033492.0,386000.0,0.0,,0.0,0.0,0.0
2022-03-24,63.0,0.0,0.0,68.0,59.0,60.0,-3.0,126523500.0,7882104700.0,4082.0,48.8,61.0,538500.0,60.0,3856400.0,1438370465.0,1438370465.0,613033492.0,0.0,0.0,,0.0,0.0,0.0
2022-03-25,60.0,0.0,0.0,64.0,56.0,56.0,-4.0,98277600.0,5636753300.0,3044.0,45.5,57.0,3814200.0,56.0,680200.0,1438370465.0,1438370465.0,613033492.0,0.0,74400.0,,0.0,0.0,0.0
2022-03-28,56.0,0.0,0.0,58.0,53.0,54.0,-2.0,58515300.0,3126363800.0,2025.0,43.9,54.0,2619300.0,53.0,780600.0,1438370465.0,1438370465.0,613033492.0,1567400.0,1307400.0,,0.0,0.0,0.0
2022-03-29,54.0,0.0,0.0,54.0,51.0,51.0,-3.0,74297800.0,3803344800.0,2062.0,41.5,51.0,1937100.0,0.0,0.0,1438370465.0,1438370465.0,613033492.0,10000.0,5000000.0,,0.0,0.0,0.0
2022-03-30,51.0,0.0,0.0,53.0,50.0,51.0,0.0,39820100.0,2028347300.0,1201.0,41.5,52.0,4725000.0,51.0,5361600.0,1438370465.0,1438370465.0,613033492.0,95600.0,260500.0,,0.0,0.0,0.0
2022-03-31,51.0,0.0,0.0,62.0,51.0,58.0,7.0,226010800.0,13122552000.0,8756.0,47.2,58.0,719400.0,57.0,1029200.0,1438370465.0,1438370465.0,613033492.0,5366800.0,346000.0,,0.0,0.0,0.0
2022-04-01,58.0,0.0,0.0,60.0,54.0,54.0,-4.0,40826800.0,2267302200.0,1899.0,43.9,55.0,401900.0,54.0,5728300.0,1438370465.0,1438370465.0,286954908.0,274000.0,1210200.0,,0.0,0.0,0.0
2022-04-04,54.0,0.0,0.0,56.0,54.0,56.0,2.0,15467700.0,852637100.0,925.0,45.5,56.0,4177200.0,55.0,400.0,1438370465.0,1438370465.0,286954908.0,0.0,40000.0,,0.0,0.0,0.0
2022-04-05,56.0,0.0,0.0,56.0,53.0,54.0,-2.0,12253600.0,665823200.0,730.0,43.9,55.0,1256100.0,54.0,267600.0,1438370465.0,1438370465.0,286954908.0,0.0,107100.0,,0.0,0.0,0.0
2022-04-06,54.0,0.0,0.0,55.0,53.0,53.0,-1.0,9985300.0,532836300.0,681.0,43.1,54.0,2191900.0,53.0,214400.0,1438370465.0,1438370465.0,286954908.0,0.0,0.0,,0.0,0.0,0.0
2022-04-07,53.0,0.0,0.0,58.0,53.0,55.0,2.0,33838700.0,1894662500.0,1922.0,44.7,56.0,1516300.0,55.0,8400.0,1438370465.0,1438370465.0,286954908.0,0.0,10500.0,,0.0,0.0,0.0
2022-04-08,55.0,0.0,0.0,56.0,54.0,54.0,-1.0,11847200.0,649220000.0,726.0,43.9,55.0,755900.0,54.0,5267500.0,1438370465.0,1438370465.0,286954908.0,199500.0,251900.0,,0.0,0.0,0.0
2022-04-11,54.0,0.0,0.0,55.0,53.0,53.0,-1.0,9338100.0,498316000.0,467.0,43.1,54.0,265900.0,53.0,8934700.0,1438370465.0,1438370465.0,286954908.0,170900.0,0.0,,0.0,0.0,0.0
2022-04-12,53.0,0.0,0.0,54.0,51.0,51.0,-2.0,23685200.0,1227074900.0,986.0,41.5,52.0,111600.0,51.0,8352000.0,1438370465.0,1438370465.0,286954908.0,0.0,0.0,,0.0,0.0,0.0
2022-04-13,51.0,0.0,0.0,54.0,51.0,53.0,2.0,14916800.0,781229500.0,778.0,43.1,53.0,1390300.0,52.0,2100300.0,1438370465.0,1438370465.0,286954908.0,100.0,0.0,,0.0,0.0,0.0
2022-04-14,53.0,0.0,0.0,55.0,52.0,52.0,-1.0,9737200.0,514736100.0,554.0,42.3,53.0,2188600.0,52.0,717800.0,1438370465.0,1438370465.0,286954908.0,0.0,0.0,,0.0,0.0,0.0
2022-04-18,52.0,0.0,0.0,53.0,52.0,53.0,1.0,3284000.0,171634700.0,311.0,43.1,53.0,3532700.0,52.0,1799800.0,1438370465.0,1438370465.0,286954908.0,0.0,20000.0,,0.0,0.0,0.0
2022-04-19,53.0,0.0,0.0,53.0,51.0,51.0,-2.0,6909800.0,359260200.0,490.0,41.5,52.0,14500.0,51.0,5699100.0,1438370465.0,1438370465.0,286954908.0,240000.0,0.0,,0.0,0.0,0.0
2022-04-20,51.0,0.0,0.0,53.0,51.0,51.0,0.0,7294000.0,378427700.0,438.0,41.5,52.0,847000.0,51.0,5140600.0,1438370465.0,1438370465.0,286954908.0,0.0,0.0,,0.0,0.0,0.0
2022-04-21,51.0,0.0,0.0,52.0,51.0,51.0,0.0,4810900.0,248064700.0,349.0,41.5,52.0,923000.0,51.0,2326600.0,1438370465.0,1438370465.0,286954908.0,0.0,20000.0,,0.0,0.0,0.0
2022-04-22,51.0,0.0,0.0,52.0,50.0,51.0,0.0,8995400.0,457353700.0,503.0,41.5,51.0,14900.0,50.0,27866200.0,1438370465.0,1438370465.0,286954908.0,1239700.0,20000.0,,0.0,0.0,0.0
2022-04-25,51.0,0.0,0.0,53.0,50.0,51.0,0.0,10809600.0,548098200.0,514.0,41.5,52.0,1673600.0,51.0,182300.0,1438370465.0,1438370465.0,286954908.0,0.0,0.0,,0.0,0.0,0.0
2022-04-26,51.0,0.0,0.0,52.0,50.0,51.0,0.0,3751000.0,191248900.0,292.0,41.5,52.0,4073100.0,51.0,969400.0,1438370465.0,1438370465.0,286954908.0,0.0,0.0,,0.0,0.0,0.0
2022-04-27,51.0,0.0,0.0,52.0,50.0,51.0,0.0,7811700.0,400500300.0,325.0,41.5,51.0,12700.0,50.0,17373200.0,1438370465.0,1438370465.0,286954908.0,0.0,0.0,,0.0,0.0,0.0
2022-04-28,51.0,0.0,0.0,52.0,50.0,51.0,0.0,2967700.0,150526100.0,230.0,41.5,52.0,2898400.0,51.0,139200.0,1438370465.0,1438370465.0,286954908.0,0.0,0.0,,0.0,0.0,0.0
2022-05-09,51.0,0.0,0.0,52.0,50.0,51.0,0.0,8365600.0,420029500.0,242.0,41.5,51.0,1188000.0,50.0,10248900.0,1438370465.0,1438370465.0,286954908.0,0.0,0.0,,0.0,0.0,0.0
2022-05-10,51.0,0.0,0.0,51.0,50.0,50.0,-1.0,10645700.0,532998100.0,229.0,40.7,51.0,2224800.0,50.0,5540400.0,1438370465.0,1438370465.0,286954908.0,0.0,0.0,,0.0,0.0,0.0
2022-05-11,50.0,0.0,0.0,51.0,50.0,51.0,1.0,4121600.0,208119800.0,165.0,41.5,51.0,1731800.0,50.0,9490800.0,1438370465.0,1438370465.0,286954908.0,0.0,0.0,,0.0,0.0,0.0
2022-05-12,51.0,0.0,0.0,51.0,50.0,50.0,-1.0,6929400.0,346928800.0,185.0,40.7,51.0,1884900.0,50.0,3852200.0,1438370465.0,1438370465.0,286954908.0,0.0,0.0,,0.0,0.0,0.0
2022-05-13,50.0,0.0,0.0,51.0,50.0,51.0,1.0,5999200.0,299962200.0,514.0,41.5,51.0,3097300.0,50.0,373200.0,1438370465.0,1438370465.0,286954908.0,1580000.0,30000.0,,0.0,0.0,0.0
2022-05-17,51.0,0.0,0.0,51.0,50.0,50.0,-1.0,4298800.0,215275000.0,200.0,40.7,51.0,2923500.0,50.0,126200.0,1438370465.0,1438370465.0,286954908.0,0.0,20000.0,,0.0,0.0,0.0
2022-05-18,50.0,0.0,0.0,51.0,50.0,50.0,0.0,5838000.0,293282600.0,324.0,40.7,51.0,5410300.0,50.0,140800.0,1438370465.0,1438370465.0,286954908.0,0.0,0.0,,0.0,0.0,0.0
2022-05-19,50.0,0.0,0.0,51.0,50.0,50.0,0.0,3234300.0,161734300.0,280.0,40.7,50.0,737100.0,0.0,0.0,1438370465.0,1438370465.0,286954908.0,0.0,0.0,,0.0,0.0,0.0
2022-05-20,50.0,0.0,0.0,56.0,50.0,52.0,2.0,45906500.0,2433674400.0,1649.0,42.3,52.0,446100.0,51.0,3095200.0,1438370465.0,1438370465.0,286954908.0,0.0,100000.0,,0.0,0.0,0.0
2022-05-23,52.0,0.0,0.0,54.0,51.0,51.0,-1.0,6844400.0,355453400.0,329.0,41.5,52.0,564000.0,51.0,10030100.0,1438370465.0,1438370465.0,286954908.0,0.0,0.0,,0.0,0.0,0.0
2022-05-24,51.0,0.0,0.0,53.0,51.0,52.0,1.0,6969700.0,363589200.0,231.0,42.3,53.0,4139700.0,52.0,367600.0,1438370465.0,1438370465.0,286954908.0,0.0,0.0,,0.0,0.0,0.0
2022-05-25,52.0,0.0,0.0,53.0,51.0,52.0,0.0,4938200.0,256783400.0,174.0,42.3,53.0,5273600.0,52.0,153500.0,1438370465.0,1438370465.0,286954908.0,0.0,0.0,,0.0,0.0,0.0
2022-05-27,52.0,0.0,0.0,56.0,51.0,51.0,-1.0,49266300.0,2595799900.0,2597.0,41.5,51.0,655200.0,50.0,12644300.0,1438370465.0,1438370465.0,286954908.0,200000.0,100000.0,,0.0,0.0,0.0
2022-05-30,51.0,0.0,0.0,52.0,50.0,51.0,0.0,8334500.0,424749800.0,450.0,41.5,51.0,313900.0,50.0,18684700.0,1438370465.0,1438370465.0,286954908.0,0.0,0.0,,0.0,0.0,0.0
2022-05-31,51.0,0.0,0.0,52.0,51.0,51.0,0.0,1388600.0,71525000.0,181.0,41.5,52.0,2874900.0,51.0,2837200.0,1438370465.0,1438370465.0,286954908.0,0.0,0.0,,0.0,0.0,0.0
2022-06-02,51.0,0.0,0.0,53.0,51.0,52.0,1.0,6852800.0,354499600.0,576.0,42.3,52.0,1903300.0,51.0,3209600.0,1438370465.0,1438370465.0,286954908.0,0.0,0.0,,0.0,0.0,0.0
2022-06-03,52.0,0.0,0.0,53.0,51.0,52.0,0.0,5722700.0,295347700.0,287.0,42.3,52.0,568300.0,51.0,2985600.0,1438370465.0,1438370465.0,286954908.0,0.0,0.0,,0.0,0.0,0.0
2022-06-06,52.0,0.0,0.0,53.0,51.0,52.0,0.0,6299300.0,327277600.0,397.0,42.3,52.0,599900.0,51.0,5308500.0,1438370465.0,1438370465.0,286954908.0,0.0,0.0,,0.0,0.0,0.0
2022-06-07,52.0,0.0,0.0,52.0,51.0,51.0,-1.0,4592800.0,235567700.0,182.0,41.5,52.0,188600.0,51.0,10215100.0,1438370465.0,1438370465.0,286954908.0,0.0,0.0,,0.0,0.0,0.0
2022-06-08,51.0,0.0,0.0,52.0,51.0,52.0,1.0,3321700.0,169547000.0,140.0,42.3,52.0,3674800.0,51.0,3512300.0,1438370465.0,1438370465.0,286954908.0,0.0,0.0,,0.0,0.0,0.0
2022-06-09,52.0,0.0,0.0,52.0,51.0,51.0,-1.0,7107600.0,362562300.0,289.0,41.5,52.0,2524900.0,51.0,81200.0,1438370465.0,1438370465.0,286954908.0,0.0,0.0,,0.0,0.0,0.0
2022-06-10,51.0,0.0,0.0,52.0,50.0,51.0,0.0,5043900.0,257660500.0,206.0,41.5,51.0,28000.0,50.0,14816700.0,1438370465.0,1438370465.0,286954908.0,0.0,0.0,,0.0,0.0,0.0
2022-06-13,51.0,0.0,0.0,52.0,50.0,50.0,-1.0,3125800.0,158239900.0,177.0,40.7,51.0,1842300.0,50.0,11339500.0,1438370465.0,1438370465.0,286954908.0,0.0,0.0,,0.0,0.0,0.0
2022-06-14,50.0,0.0,0.0,51.0,50.0,50.0,0.0,2027500.0,101756200.0,131.0,40.7,51.0,2443200.0,50.0,9766900.0,1438370465.0,1438370465.0,286954908.0,0.0,0.0,,0.0,0.0,0.0
2022-06-15,50.0,0.0,0.0,51.0,50.0,51.0,1.0,6776400.0,339166000.0,229.0,41.5,51.0,2720200.0,50.0,3508400.0,1438370465.0,1438370465.0,286954908.0,0.0,0.0,,0.0,0.0,0.0
2022-06-16,51.0,0.0,0.0,51.0,50.0,51.0,0.0,2690600.0,136284600.0,127.0,41.5,51.0,2541500.0,50.0,4570400.0,1438370465.0,1438370465.0,286954908.0,0.0,0.0,,0.0,0.0,0.0
2022-06-17,51.0,0.0,0.0,51.0,50.0,50.0,-1.0,5914500.0,295767800.0,349.0,40.7,51.0,2984700.0,50.0,66400.0,1438370465.0,1438370465.0,286954908.0,0.0,0.0,,0.0,0.0,0.0
2022-06-20,50.0,0.0,0.0,51.0,50.0,51.0,1.0,2788300.0,140960400.0,192.0,41.5,51.0,2090500.0,50.0,1815500.0,1438370465.0,1438370465.0,286954908.0,0.0,200000.0,,0.0,0.0,0.0
2022-06-21,51.0,0.0,0.0,51.0,50.0,50.0,-1.0,2039000.0,102224000.0,102.0,40.7,51.0,3591900.0,50.0,3508700.0,1438370465.0,1438370465.0,286954908.0,0.0,0.0,,0.0,0.0,0.0
2022-06-22,50.0,0.0,0.0,51.0,50.0,50.0,0.0,4063600.0,203196600.0,155.0,40.7,51.0,5081200.0,50.0,682500.0,1438370465.0,1438370465.0,286954908.0,0.0,0.0,,0.0,0.0,0.0
2022-06-23,50.0,0.0,0.0,51.0,50.0,50.0,0.0,3371100.0,168565200.0,177.0,40.7,51.0,5005400.0,50.0,272200.0,1438370465.0,1438370465.0,286954908.0,0.0,0.0,,0.0,0.0,0.0
2022-06-24,50.0,0.0,0.0,51.0,50.0,51.0,1.0,2400900.0,120397800.0,211.0,41.5,51.0,5128700.0,50.0,158600.0,1438370465.0,1438370465.0,286954908.0,0.0,0.0,,0.0,0.0,0.0
2022-06-27,51.0,0.0,0.0,51.0,50.0,50.0,-1.0,1675300.0,83831900.0,183.0,40.7,51.0,4158800.0,50.0,242800.0,1438370465.0,1438370465.0,286954908.0,0.0,0.0,,0.0,0.0,0.0
2022-06-28,50.0,0.0,0.0,51.0,50.0,50.0,0.0,1443700.0,72197800.0,131.0,40.7,50.0,400.0,0.0,0.0,1438370465.0,1438370465.0,286954908.0,0.0,0.0,,0.0,0.0,0.0
2022-06-29,50.0,0.0,0.0,51.0,50.0,50.0,0.0,2262900.0,113145400.0,126.0,40.7,50.0,1185800.0,0.0,0.0,1438370465.0,1438370465.0,286954908.0,0.0,0.0,,0.0,0.0,0.0
2022-06-30,50.0,0.0,0.0,50.0,50.0,50.0,0.0,486000.0,24300000.0,50.0,40.7,50.0,1299800.0,0.0,0.0,1438370465.0,1438370465.0,286954908.0,0.0,0.0,,0.0,0.0,0.0
2022-07-01,50.0,0.0,0.0,50.0,50.0,50.0,0.0,276300.0,13815000.0,46.0,40.7,50.0,1103600.0,0.0,0.0,1438370465.0,1438370465.0,441148222.0,0.0,0.0,,0.0,0.0,0.0
2022-07-04,50.0,0.0,0.0,50.0,50.0,50.0,0.0,1675700.0,83785000.0,70.0,40.7,50.0,2360000.0,0.0,0.0,1438370465.0,1438370465.0,441148222.0,0.0,0.0,,0.0,0.0,0.0
2022-07-05,50.0,0.0,0.0,50.0,50.0,50.0,0.0,53500.0,2675000.0,27.0,40.7,50.0,2393300.0,0.0,0.0,1438370465.0,1438370465.0,441148222.0,0.0,0.0,,0.0,0.0,0.0
2022-07-06,50.0,0.0,0.0,50.0,50.0,50.0,0.0,312000.0,15600000.0,33.0,40.7,50.0,2532700.0,0.0,0.0,1438370465.0,1438370465.0,441148222.0,0.0,0.0,,0.0,0.0,0.0
2022-07-07,50.0,0.0,0.0,50.0,50.0,50.0,0.0,53100.0,2655000.0,31.0,40.7,50.0,2649000.0,0.0,0.0,1438370465.0,1438370465.0,441148222.0,0.0,0.0,,0.0,0.0,0.0
2022-07-08,50.0,0.0,0.0,51.0,50.0,51.0,1.0,1385600.0,69285500.0,107.0,41.5,51.0,1616300.0,50.0,30000.0,1438370465.0,1438370465.0,441148222.0,0.0,0.0,,0.0,0.0,0.0
2022-07-11,51.0,0.0,0.0,51.0,50.0,50.0,-1.0,2213300.0,110840200.0,187.0,40.7,51.0,2971200.0,50.0,179300.0,1438370465.0,1438370465.0,441148222.0,0.0,0.0,,0.0,0.0,0.0
2022-07-12,50.0,0.0,0.0,51.0,50.0,50.0,0.0,1030900.0,51570200.0,187.0,40.7,50.0,21000.0,0.0,0.0,1438370465.0,1438370465.0,441148222.0,0.0,0.0,,0.0,0.0,0.0
2022-07-13,50.0,0.0,0.0,51.0,50.0,50.0,0.0,1457200.0,72907900.0,141.0,40.7,51.0,2979600.0,50.0,232900.0,1438370465.0,1438370465.0,441148222.0,0.0,0.0,,0.0,0.0,0.0
2022-07-14,50.0,0.0,0.0,51.0,50.0,50.0,0.0,1893200.0,94661500.0,92.0,40.7,51.0,3085300.0,50.0,4300.0,1438370465.0,1438370465.0,441148222.0,0.0,0.0,,0.0,0.0,0.0
2022-07-15,50.0,0.0,0.0,51.0,50.0,50.0,0.0,294300.0,14715100.0,62.0,40.7,50.0,303400.0,0.0,0.0,1438370465.0,1438370465.0,441148222.0,0.0,0.0,,0.0,0.0,0.0
2022-07-18,50.0,0.0,0.0,50.0,50.0,50.0,0.0,809900.0,40495000.0,71.0,40.7,50.0,586700.0,0.0,0.0,1438370465.0,1438370465.0,441148222.0,0.0,0.0,,0.0,0.0,0.0
2022-07-19,50.0,0.0,0.0,50.0,50.0,50.0,0.0,641600.0,32080000.0,73.0,40.7,50.0,983000.0,0.0,0.0,1438370465.0,1438370465.0,441148222.0,0.0,0.0,,0.0,0.0,0.0
2022-07-20,50.0,0.0,0.0,50.0,50.0,50.0,0.0,185800.0,9290000.0,69.0,40.7,50.0,2960000.0,0.0,0.0,1438370465.0,1438370465.0,441148222.0,1000.0,0.0,,0.0,0.0,0.0
2022-07-21,50.0,0.0,0.0,51.0,50.0,50.0,0.0,1993100.0,99656400.0,194.0,40.7,50.0,51500.0,0.0,0.0,1438370465.0,1438370465.0,441148222.0,0.0,0.0,,0.0,0.0,0.0
2022-07-22,50.0,0.0,0.0,51.0,50.0,51.0,1.0,3312900.0,166976500.0,301.0,41.5,51.0,1936700.0,50.0,3754100.0,1438370465.0,1438370465.0,441148222.0,0.0,0.0,,0.0,0.0,0.0
2022-07-25,51.0,0.0,0.0,51.0,50.0,51.0,0.0,3229800.0,161635600.0,136.0,41.5,51.0,2830700.0,50.0,2282300.0,1438370465.0,1438370465.0,441148222.0,0.0,0.0,,0.0,0.0,0.0
2022-07-26,51.0,0.0,0.0,54.0,50.0,51.0,0.0,35571000.0,1849369800.0,1239.0,41.5,52.0,1156400.0,51.0,914900.0,1438370465.0,1438370465.0,441148222.0,200000.0,0.0,,0.0,0.0,0.0
2022-07-27,51.0,0.0,0.0,52.0,50.0,50.0,-1.0,3477100.0,177598100.0,211.0,40.7,51.0,1802900.0,50.0,17719600.0,1438370465.0,1438370465.0,441148222.0,0.0,0.0,,0.0,0.0,0.0
2022-07-28,50.0,0.0,0.0,51.0,50.0,51.0,1.0,2473500.0,123857000.0,133.0,41.5,51.0,1736100.0,50.0,5944100.0,1438370465.0,1438370465.0,441148222.0,0.0,0.0,,0.0,0.0,0.0
2022-07-29,51.0,0.0,0.0,51.0,50.0,50.0,-1.0,1336500.0,67471100.0,116.0,40.7,51.0,1268600.0,50.0,8178000.0,1438370465.0,1438370465.0,441148222.0,0.0,0.0,,0.0,0.0,0.0
2022-08-01,50.0,0.0,0.0,52.0,50.0,51.0,1.0,6688400.0,342237000.0,366.0,41.5,51.0,128600.0,50.0,11218000.0,1438370465.0,1438370465.0,441148222.0,0.0,0.0,,0.0,0.0,0.0
2022-08-02,51.0,0.0,0.0,51.0,50.0,50.0,-1.0,2095200.0,105081600.0,99.0,40.7,51.0,1388900.0,50.0,8523000.0,1438370465.0,1438370465.0,441148222.0,0.0,0.0,,0.0,0.0,0.0
2022-08-03,50.0,0.0,0.0,51.0,50.0,50.0,0.0,5249200.0,262938400.0,134.0,40.7,51.0,3710300.0,50.0,4547200.0,1438370465.0,1438370465.0,441148222.0,0.0,0.0,,0.0,0.0,0.0
2022-08-04,50.0,0.0,0.0,51.0,50.0,50.0,0.0,1747900.0,87582700.0,82.0,40.7,51.0,4160800.0,50.0,3824200.0,1438370465.0,1438370465.0,441148222.0,0.0,0.0,,0.0,0.0,0.0
2022-08-05,50.0,0.0,0.0,51.0,50.0,51.0,1.0,2558100.0,127974500.0,73.0,41.5,51.0,8634400.0,50.0,6405500.0,1438370465.0,1438370465.0,441148222.0,0.0,0.0,,0.0,0.0,0.0
2022-08-08,51.0,0.0,0.0,51.0,50.0,50.0,-1.0,1966500.0,99238600.0,59.0,40.7,51.0,3911500.0,50.0,5562900.0,1438370465.0,1438370465.0,441148222.0,0.0,0.0,,0.0,0.0,0.0
2022-08-09,50.0,0.0,0.0,51.0,50.0,51.0,1.0,1965400.0,98552000.0,73.0,41.5,51.0,4126700.0,50.0,7052800.0,1438370465.0,1438370465.0,441148222.0,0.0,0.0,,0.0,0.0,0.0
2022-08-10,51.0,0.0,0.0,51.0,50.0,50.0,-1.0,4633900.0,231713700.0,177.0,40.7,51.0,4361300.0,50.0,566100.0,1438370465.0,1438370465.0,441148222.0,0.0,0.0,,0.0,0.0,0.0
2022-08-11,50.0,0.0,0.0,51.0,50.0,50.0,0.0,1936200.0,96836600.0,108.0,40.7,51.0,4270300.0,50.0,587900.0,1438370465.0,1438370465.0,441148222.0,0.0,0.0,,0.0,0.0,0.0
2022-08-12,50.0,0.0,0.0,51.0,50.0,50.0,0.0,2037300.0,101881000.0,147.0,40.7,50.0,743000.0,0.0,0.0,1438370465.0,1438370465.0,441148222.0,0.0,0.0,,0.0,0.0,0.0
2022-08-15,50.0,0.0,0.0,52.0,50.0,50.0,0.0,8072100.0,411018800.0,363.0,40.7,51.0,1135500.0,50.0,9082900.0,1438370465.0,1438370465.0,441148222.0,0.0,0.0,,0.0,0.0,0.0
2022-08-16,50.0,0.0,0.0,51.0,50.0,50.0,0.0,2161400.0,108831700.0,122.0,40.7,51.0,2897800.0,50.0,7060800.0,1438370465.0,1438370465.0,441148222.0,0.0,0.0,,0.0,0.0,0.0
2022-08-18,50.0,0.0,0.0,55.0,50.0,54.0,4.0,41097000.0,2187252600.0,1839.0,43.9,55.0,2801200.0,54.0,774700.0,1438370465.0,1438370465.0,441148222.0,20000.0,0.0,,0.0,0.0,0.0
2022-08-19,54.0,0.0,0.0,59.0,54.0,57.0,3.0,60522000.0,3458604300.0,2927.0,46.3,58.0,988500.0,57.0,475600.0,1438370465.0,1438370465.0,441148222.0,30000.0,1500000.0,,0.0,0.0,0.0
2022-08-22,57.0,0.0,0.0,58.0,54.0,54.0,-3.0,22675200.0,1254658200.0,912.0,43.9,54.0,2025100.0,0.0,0.0,1438370465.0,1438370465.0,441148222.0,1500000.0,1200.0,,0.0,0.0,0.0
2022-08-23,54.0,0.0,0.0,57.0,52.0,56.0,2.0,17585300.0,966836300.0,955.0,45.5,56.0,340500.0,55.0,810400.0,1438370465.0,1438370465.0,441148222.0,0.0,0.0,,0.0,0.0,0.0
2022-08-24,56.0,0.0,0.0,58.0,55.0,55.0,-1.0,13139800.0,742385600.0,786.0,44.7,56.0,801800.0,55.0,2426200.0,1438370465.0,1438370465.0,441148222.0,0.0,151000.0,,0.0,0.0,0.0
2022-08-25,55.0,0.0,0.0,56.0,53.0,54.0,-1.0,13093300.0,714492300.0,491.0,43.9,55.0,943000.0,54.0,561900.0,1438370465.0,1438370465.0,441148222.0,0.0,0.0,,0.0,0.0,0.0
2022-08-26,54.0,0.0,0.0,56.0,53.0,54.0,0.0,4067900.0,220814300.0,376.0,43.9,55.0,1548500.0,54.0,41800.0,1438370465.0,1438370465.0,441148222.0,0.0,0.0,,0.0,0.0,0.0
2022-08-29,54.0,0.0,0.0,58.0,54.0,58.0,4.0,22982900.0,1295027600.0,969.0,47.2,58.0,3721800.0,57.0,608900.0,1438370465.0,1438370465.0,441148222.0,0.0,2500.0,,0.0,0.0,0.0
2022-08-30,58.0,0.0,0.0,78.0,57.0,65.0,7.0,654599600.0,45589271500.0,24377.0,52.8,66.0,4735400.0,65.0,476500.0,1438370465.0,1438370465.0,441148222.0,700200.0,1940200.0,,0.0,0.0,0.0
2022-08-31,65.0,0.0,0.0,73.0,62.0,64.0,-1.0,163962000.0,10988032800.0,8465.0,52.0,65.0,2137100.0,64.0,670700.0,1438370465.0,1438370465.0,441148222.0,45000.0,5914000.0,,0.0,0.0,0.0
2022-09-01,64.0,0.0,0.0,69.0,63.0,67.0,3.0,66721900.0,4424552900.0,3906.0,54.5,67.0,426400.0,66.0,1045400.0,1438370465.0,1438370465.0,441148222.0,1561400.0,100700.0,,0.0,0.0,0.0
2022-09-02,67.0,0.0,0.0,69.0,66.0,67.0,0.0,41485000.0,2797401500.0,2236.0,54.5,67.0,805000.0,66.0,103400.0,1438370465.0,1438370465.0,441148222.0,0.0,2165500.0,,0.0,0.0,0.0
2022-09-05,67.0,0.0,0.0,75.0,67.0,72.0,5.0,118970000.0,8545086700.0,8151.0,58.5,72.0,686300.0,71.0,1607200.0,1438370465.0,1438370465.0,441148222.0,2177600.0,129400.0,,0.0,0.0,0.0
2022-09-06,72.0,0.0,0.0,94.0,74.0,92.0,20.0,532456600.0,46840934900.0,24611.0,74.8,93.0,1717600.0,92.0,5376000.0,1438370465.0,1438370465.0,441148222.0,2135600.0,1780000.0,,0.0,0.0,0.0
2022-09-07,92.0,0.0,0.0,105.0,86.0,86.0,-6.0,680901500.0,65087277500.0,28037.0,69.9,86.0,10707900.0,0.0,0.0,1438370465.0,1438370465.0,441148222.0,481200.0,5161600.0,,0.0,0.0,0.0
2022-09-08,86.0,0.0,0.0,85.0,80.0,80.0,-6.0,34459200.0,2786090100.0,2282.0,65.0,80.0,35762300.0,0.0,0.0,1438370465.0,1438370465.0,441148222.0,0.0,600.0,,0.0,0.0,0.0
2022-09-09,80.0,0.0,0.0,83.0,75.0,75.0,-5.0,241980600.0,18836349100.0,10280.0,61.0,75.0,3712800.0,0.0,0.0,1438370465.0,1438370465.0,441148222.0,300000.0,2200000.0,,0.0,0.0,0.0
2022-09-12,75.0,0.0,0.0,83.0,71.0,76.0,1.0,173719600.0,13441605400.0,9637.0,61.8,77.0,1554300.0,76.0,179700.0,1438370465.0,1438370465.0,441148222.0,0.0,401300.0,,0.0,0.0,0.0
2022-09-13,76.0,0.0,0.0,78.0,71.0,73.0,-3.0,67532900.0,4951204000.0,3545.0,59.3,74.0,2622300.0,73.0,466500.0,1438370465.0,1438370465.0,441148222.0,0.0,577100.0,,0.0,0.0,0.0
2022-09-14,73.0,0.0,0.0,80.0,69.0,70.0,-3.0,46125900.0,3292151100.0,2303.0,56.9,71.0,623700.0,70.0,941900.0,1438370465.0,1438370465.0,441148222.0,477100.0,853800.0,,0.0,0.0,0.0
2022-09-15,70.0,0.0,0.0,73.0,68.0,68.0,-2.0,35980500.0,2525687800.0,2172.0,55.3,69.0,221200.0,68.0,769500.0,1438370465.0,1438370465.0,441148222.0,53800.0,518300.0,,0.0,0.0,0.0
2022-09-16,68.0,0.0,0.0,70.0,64.0,64.0,-4.0,51476400.0,3351343200.0,2585.0,52.0,64.0,765800.0,0.0,0.0,1438370465.0,1438370465.0,441148222.0,3718300.0,1200000.0,,2900.0,1026600.0,1.0
2022-09-19,64.0,0.0,0.0,66.0,60.0,60.0,-4.0,36846600.0,2272877400.0,5612.0,48.8,60.0,1783100.0,0.0,0.0,1438370465.0,1438370465.0,441148222.0,2300.0,244400.0,,0.0,0.0,0.0
2022-09-20,60.0,0.0,0.0,70.0,56.0,66.0,6.0,171996900.0,11156647100.0,8670.0,53.7,67.0,1585100.0,66.0,2044600.0,1438370465.0,1438370465.0,441148222.0,487800.0,900300.0,,0.0,0.0,0.0
2022-09-21,66.0,0.0,0.0,73.0,63.0,67.0,1.0,133302600.0,9126305000.0,6639.0,54.5,68.0,2386600.0,67.0,654200.0,1438370465.0,1438370465.0,441148222.0,145400.0,1144600.0,,0.0,0.0,0.0
2022-09-22,67.0,0.0,0.0,73.0,67.0,71.0,4.0,119958700.0,8463240800.0,5522.0,57.7,72.0,2657000.0,71.0,1467100.0,1438370465.0,1438370465.0,441148222.0,135100.0,1009300.0,,0.0,0.0,0.0
2022-09-23,71.0,0.0,0.0,72.0,67.0,67.0,-4.0,42591800.0,2902513700.0,2734.0,54.5,67.0,3547900.0,0.0,0.0,1438370465.0,1438370465.0,441148222.0,109300.0,0.0,,0.0,0.0,0.0
2022-09-26,67.0,0.0,0.0,67.0,63.0,64.0,-3.0,40544900.0,2571731000.0,2085.0,52.0,65.0,1223500.0,64.0,60800.0,1438370465.0,1438370465.0,441148222.0,11000.0,0.0,,0.0,0.0,0.0
2022-09-27,64.0,0.0,0.0,68.0,63.0,65.0,1.0,30047500.0,1937284300.0,1505.0,52.8,65.0,1256800.0,64.0,57300.0,1438370465.0,1438370465.0,441148222.0,0.0,290000.0,,0.0,0.0,0.0
2022-09-28,65.0,0.0,0.0,65.0,61.0,61.0,-4.0,19805800.0,1239290000.0,1058.0,49.6,62.0,217500.0,61.0,5465000.0,1438370465.0,1438370465.0,441148222.0,90000.0,0.0,,0.0,0.0,0.0
2022-09-29,61.0,0.0,0.0,65.0,57.0,58.0,-3.0,21824200.0,1292141000.0,1399.0,47.2,59.0,220000.0,58.0,64500.0,1438370465.0,1438370465.0,441148222.0,0.0,602400.0,,0.0,0.0,0.0
2022-09-30,58.0,0.0,0.0,59.0,54.0,57.0,-1.0,21177800.0,1168220600.0,1371.0,46.3,57.0,1957300.0,56.0,758000.0,1438370465.0,1438370465.0,441148222.0,93800.0,20800.0,,0.0,0.0,0.0
2022-10-03,57.0,0.0,0.0,59.0,55.0,57.0,0.0,9456600.0,537903300.0,726.0,46.3,58.0,733600.0,57.0,536200.0,1438370465.0,1438370465.0,626122663.0,21900.0,1000.0,,0.0,0.0,0.0
2022-10-04,57.0,0.0,0.0,62.0,56.0,58.0,1.0,30659300.0,1810199300.0,1668.0,47.2,59.0,294300.0,58.0,1871100.0,1438370465.0,1438370465.0,626122663.0,7000.0,0.0,,0.0,0.0,0.0
2022-10-05,58.0,0.0,0.0,62.0,58.0,60.0,2.0,15595600.0,937426500.0,1184.0,48.8,61.0,2410000.0,60.0,266200.0,1438370465.0,1438370465.0,626122663.0,1500.0,27700.0,,0.0,0.0,0.0
2022-10-06,60.0,0.0,0.0,64.0,58.0,60.0,0.0,31048400.0,1899390900.0,4228.0,48.8,61.0,1426500.0,59.0,1871700.0,1438370465.0,1438370465.0,626122663.0,15500.0,0.0,,0.0,0.0,0.0
2022-10-07,60.0,0.0,0.0,62.0,59.0,59.0,-1.0,8369200.0,506930900.0,626.0,48.0,60.0,2204100.0,59.0,2027800.0,1438370465.0,1438370465.0,626122663.0,11500.0,40000.0,,0.0,0.0,0.0
2022-10-10,59.0,0.0,0.0,61.0,58.0,58.0,-1.0,5868500.0,345250600.0,518.0,47.2,59.0,3135000.0,58.0,331700.0,1438370465.0,1438370465.0,626122663.0,0.0,0.0,,0.0,0.0,0.0
2022-10-11,58.0,0.0,0.0,61.0,57.0,58.0,0.0,10764800.0,624382700.0,844.0,47.2,58.0,946300.0,57.0,1271600.0,1438370465.0,1438370465.0,626122663.0,0.0,0.0,,0.0,0.0,0.0
2022-10-12,58.0,0.0,0.0,58.0,55.0,56.0,-2.0,11822400.0,661791400.0,697.0,45.5,56.0,133100.0,55.0,620600.0,1438370465.0,1438370465.0,626122663.0,700.0,677000.0,,0.0,0.0,0.0
2022-10-13,56.0,0.0,0.0,60.0,54.0,57.0,1.0,19791900.0,1142909900.0,6608.0,46.3,57.0,1595700.0,56.0,273400.0,1438370465.0,1438370465.0,626122663.0,0.0,283500.0,,0.0,0.0,0.0
2022-10-14,57.0,0.0,0.0,58.0,56.0,56.0,-1.0,5735800.0,324342000.0,467.0,45.5,57.0,1655000.0,56.0,1452800.0,1438370465.0,1438370465.0,626122663.0,100.0,100000.0,,0.0,0.0,0.0
2022-10-17,56.0,0.0,0.0,59.0,54.0,55.0,-1.0,30828300.0,1731747500.0,11608.0,44.7,56.0,20500.0,55.0,1789900.0,1438370465.0,1438370465.0,626122663.0,3200000.0,0.0,,0.0,0.0,0.0
2022-10-18,55.0,0.0,0.0,56.0,54.0,54.0,-1.0,9097000.0,494680100.0,554.0,43.9,55.0,530000.0,54.0,767800.0,1438370465.0,1438370465.0,626122663.0,0.0,11300.0,,0.0,0.0,0.0
2022-10-19,54.0,0.0,0.0,56.0,53.0,55.0,1.0,9718800.0,534254400.0,490.0,44.7,56.0,400500.0,55.0,1575700.0,1438370465.0,1438370465.0,626122663.0,20000.0,0.0,,0.0,0.0,0.0
2022-10-20,55.0,0.0,0.0,56.0,54.0,54.0,-1.0,3567500.0,196191100.0,384.0,43.9,55.0,156600.0,54.0,2144900.0,1438370465.0,1438370465.0,626122663.0,0.0,263300.0,,0.0,0.0,0.0
2022-10-21,54.0,0.0,0.0,56.0,54.0,56.0,2.0,7040300.0,386521300.0,369.0,45.5,56.0,2154000.0,55.0,257300.0,1438370465.0,1438370465.0,626122663.0,0.0,41700.0,,0.0,0.0,0.0
2022-10-24,56.0,0.0,0.0,57.0,54.0,55.0,-1.0,4587600.0,253233000.0,477.0,44.7,56.0,2770900.0,55.0,30000.0,1438370465.0,1438370465.0,626122663.0,0.0,0.0,,0.0,0.0,0.0
2022-10-25,55.0,0.0,0.0,55.0,54.0,55.0,0.0,8128500.0,440862100.0,343.0,44.7,55.0,6625400.0,54.0,428600.0,1438370465.0,1438370465.0,626122663.0,30000.0,0.0,,0.0,0.0,0.0
2022-10-26,55.0,0.0,0.0,55.0,53.0,54.0,-1.0,5757200.0,311002500.0,1477.0,43.9,55.0,3188400.0,54.0,122900.0,1438370465.0,1438370465.0,626122663.0,231800.0,0.0,,0.0,0.0,0.0
2022-10-27,54.0,0.0,0.0,55.0,53.0,54.0,0.0,8966400.0,484145900.0,349.0,43.9,54.0,52000.0,53.0,4469900.0,1438370465.0,1438370465.0,626122663.0,0.0,10100.0,,0.0,0.0,0.0
2022-10-28,54.0,0.0,0.0,55.0,53.0,54.0,0.0,4157700.0,223404900.0,295.0,43.9,55.0,8799700.0,54.0,10600.0,1438370465.0,1438370465.0,626122663.0,5100.0,0.0,,0.0,0.0,0.0
2022-10-31,54.0,0.0,0.0,54.0,53.0,53.0,-1.0,6329600.0,336011400.0,303.0,43.1,54.0,2045400.0,53.0,933100.0,1438370465.0,1438370465.0,626122663.0,20000.0,0.0,,0.0,0.0,0.0
2022-11-01,53.0,0.0,0.0,54.0,52.0,52.0,-1.0,3491800.0,184354200.0,266.0,42.3,53.0,686100.0,52.0,5659900.0,1438370465.0,1438370465.0,626122663.0,0.0,129200.0,,0.0,0.0,0.0
2022-11-02,52.0,0.0,0.0,58.0,51.0,56.0,4.0,45318200.0,2490213200.0,2516.0,45.5,57.0,2114800.0,56.0,20100.0,1438370465.0,1438370465.0,626122663.0,0.0,266900.0,,0.0,0.0,0.0
2022-11-03,56.0,0.0,0.0,65.0,53.0,55.0,-1.0,10820500.0,587025300.0,700.0,44.7,55.0,568600.0,54.0,1848900.0,1438370465.0,1438370465.0,626122663.0,324400.0,0.0,,0.0,0.0,0.0
2022-11-04,55.0,0.0,0.0,56.0,53.0,53.0,-2.0,8067400.0,432310800.0,388.0,43.1,54.0,540700.0,53.0,1797400.0,1438370465.0,1438370465.0,626122663.0,0.0,0.0,,0.0,0.0,0.0
2022-11-07,53.0,0.0,0.0,56.0,52.0,53.0,0.0,16942200.0,912941700.0,8251.0,43.1,54.0,1207900.0,53.0,967800.0,1438370465.0,1438370465.0,626122663.0,0.0,0.0,,42800.0,2268400.0,1.0
2022-11-08,53.0,0.0,0.0,54.0,52.0,53.0,0.0,4442200.0,234753700.0,335.0,43.1,54.0,1762500.0,53.0,100000.0,1438370465.0,1438370465.0,626122663.0,200.0,0.0,,0.0,0.0,0.0
2022-11-09,53.0,0.0,0.0,54.0,52.0,53.0,0.0,6719000.0,353705200.0,306.0,43.1,53.0,184000.0,52.0,2609400.0,1438370465.0,1438370465.0,626122663.0,0.0,50000.0,,0.0,0.0,0.0
2022-11-10,53.0,0.0,0.0,53.0,52.0,53.0,0.0,2052800.0,107146800.0,152.0,43.1,53.0,1703600.0,52.0,3393700.0,1438370465.0,1438370465.0,626122663.0,0.0,0.0,,0.0,0.0,0.0
2022-11-11,53.0,0.0,0.0,53.0,51.0,52.0,-1.0,7451500.0,388941300.0,358.0,42.3,53.0,2143500.0,52.0,208100.0,1438370465.0,1438370465.0,626122663.0,0.0,13400.0,,0.0,0.0,0.0
2022-11-14,52.0,0.0,0.0,53.0,51.0,53.0,1.0,2895300.0,150609200.0,234.0,43.1,53.0,1954000.0,52.0,120400.0,1438370465.0,1438370465.0,626122663.0,12900.0,0.0,,0.0,0.0,0.0
2022-11-15,53.0,0.0,0.0,56.0,52.0,52.0,-1.0,28962100.0,1552953600.0,14433.0,42.3,53.0,1025400.0,52.0,7475300.0,1438370465.0,1438370465.0,626122663.0,21900.0,0.0,,0.0,0.0,0.0
2022-11-16,52.0,0.0,0.0,57.0,52.0,55.0,3.0,56136400.0,3095731400.0,1237.0,44.7,56.0,1814600.0,55.0,6913600.0,1438370465.0,1438370465.0,626122663.0,0.0,0.0,,0.0,0.0,0.0
2022-11-17,55.0,0.0,0.0,59.0,54.0,56.0,1.0,45816100.0,2591673000.0,2266.0,45.5,56.0,61700.0,55.0,1783800.0,1438370465.0,1438370465.0,626122663.0,35400.0,104900.0,,0.0,0.0,0.0
2022-11-18,56.0,0.0,0.0,58.0,53.0,53.0,-3.0,31807100.0,1736892600.0,1294.0,43.1,54.0,162400.0,53.0,8525600.0,1438370465.0,1438370465.0,626122663.0,58000.0,0.0,,0.0,0.0,0.0
2022-11-21,53.0,0.0,0.0,54.0,52.0,53.0,0.0,7127600.0,379244000.0,416.0,43.1,53.0,200900.0,52.0,5136300.0,1438370465.0,1438370465.0,626122663.0,0.0,0.0,,0.0,0.0,0.0
2022-11-22,53.0,0.0,0.0,54.0,52.0,54.0,1.0,6168700.0,324740200.0,580.0,43.9,54.0,1242400.0,53.0,154600.0,1438370465.0,1438370465.0,626122663.0,0.0,0.0,,0.0,0.0,0.0
2022-11-23,54.0,0.0,0.0,54.0,52.0,53.0,-1.0,2496100.0,132312700.0,226.0,43.1,54.0,2120100.0,53.0,44400.0,1438370465.0,1438370465.0,626122663.0,0.0,0.0,,0.0,0.0,0.0
2022-11-24,53.0,0.0,0.0,54.0,52.0,53.0,0.0,4045000.0,213602800.0,281.0,43.1,54.0,2201400.0,52.0,5639500.0,1438370465.0,1438370465.0,626122663.0,0.0,0.0,,0.0,0.0,0.0
2022-11-25,53.0,0.0,0.0,54.0,52.0,52.0,-1.0,2703400.0,143198300.0,770.0,42.3,53.0,205800.0,52.0,5888500.0,1438370465.0,1438370465.0,626122663.0,0.0,0.0,,0.0,0.0,0.0
2022-11-28,52.0,0.0,0.0,53.0,52.0,52.0,0.0,5307600.0,276741700.0,571.0,42.3,53.0,1538500.0,52.0,260300.0,1438370465.0,1438370465.0,626122663.0,200000.0,0.0,,0.0,0.0,0.0
2022-11-29,52.0,0.0,0.0,52.0,51.0,52.0,0.0,4663300.0,240256000.0,233.0,42.3,52.0,733600.0,51.0,7568500.0,1438370465.0,1438370465.0,626122663.0,0.0,0.0,,0.0,0.0,0.0
2022-11-30,52.0,0.0,0.0,52.0,51.0,51.0,-1.0,9517900.0,486394300.0,322.0,41.5,52.0,1090200.0,51.0,2405700.0,1438370465.0,1438370465.0,626122663.0,0.0,0.0,,0.0,0.0,0.0
2022-12-01,51.0,0.0,0.0,52.0,51.0,52.0,1.0,4555400.0,232560100.0,175.0,42.3,52.0,1116600.0,51.0,849600.0,1438370465.0,1438370465.0,626122663.0,0.0,0.0,,0.0,0.0,0.0
2022-12-02,52.0,0.0,0.0,52.0,50.0,50.0,-2.0,36701100.0,1837323100.0,821.0,40.7,51.0,1431200.0,50.0,5389500.0,1438370465.0,1438370465.0,626122663.0,0.0,0.0,,0.0,0.0,0.0
2022-12-05,50.0,0.0,0.0,51.0,50.0,50.0,0.0,8191600.0,409774900.0,282.0,40.7,51.0,477400.0,50.0,1499900.0,1438370465.0,1438370465.0,626122663.0,0.0,0.0,,0.0,0.0,0.0
2022-12-06,50.0,0.0,0.0,51.0,50.0,50.0,0.0,5679400.0,284180300.0,281.0,40.7,50.0,1203100.0,0.0,0.0,1438370465.0,1438370465.0,626122663.0,0.0,0.0,,0.0,0.0,0.0
2022-12-07,50.0,0.0,0.0,51.0,50.0,50.0,0.0,3351900.0,167658000.0,141.0,40.7,51.0,1173700.0,50.0,542100.0,1438370465.0,1438370465.0,626122663.0,0.0,0.0,,0.0,0.0,0.0
2022-12-08,50.0,0.0,0.0,64.0,50.0,60.0,10.0,179849100.0,10541101200.0,7498.0,48.8,61.0,2857500.0,60.0,15500.0,1438370465.0,1438370465.0,626122663.0,12200.0,700.0,,0.0,0.0,0.0
2022-12-09,60.0,0.0,0.0,75.0,56.0,68.0,8.0,354136800.0,24084937400.0,15808.0,55.3,69.0,884400.0,68.0,3106700.0,1438370465.0,1438370465.0,626122663.0,700200.0,500.0,,0.0,0.0,0.0
2022-12-12,68.0,0.0,0.0,73.0,66.0,69.0,1.0,91877200.0,6348058300.0,5623.0,56.1,69.0,2647000.0,68.0,100600.0,1438370465.0,1438370465.0,626122663.0,500000.0,0.0,,0.0,0.0,0.0
2022-12-13,69.0,0.0,0.0,70.0,65.0,68.0,-1.0,49658800.0,3362185200.0,2401.0,55.3,68.0,1446400.0,67.0,954100.0,1438370465.0,1438370465.0,626122663.0,0.0,0.0,,0.0,0.0,0.0
2022-12-14,68.0,0.0,0.0,74.0,64.0,64.0,-4.0,141381000.0,9579069200.0,6064.0,52.0,64.0,7709800.0,0.0,0.0,1438370465.0,1438370465.0,626122663.0,0.0,0.0,,0.0,0.0,0.0
2022-12-15,64.0,0.0,0.0,64.0,60.0,60.0,-4.0,66351500.0,4014982100.0,2870.0,48.8,60.0,3613400.0,0.0,0.0,1438370465.0,1438370465.0,626122663.0,0.0,0.0,,0.0,0.0,0.0
2022-12-16,60.0,0.0,0.0,63.0,56.0,58.0,-2.0,76890700.0,4596119400.0,4744.0,47.2,58.0,2386500.0,57.0,457400.0,1438370465.0,1438370465.0,626122663.0,0.0,42000.0,,0.0,0.0,0.0
2022-12-19,58.0,0.0,0.0,66.0,56.0,65.0,7.0,105188500.0,6532026900.0,4929.0,52.8,65.0,2251900.0,64.0,714300.0,1438370465.0,1438370465.0,626122663.0,42000.0,59600.0,,0.0,0.0,0.0
2022-12-20,65.0,0.0,0.0,67.0,61.0,61.0,-4.0,95552200.0,6129229900.0,3728.0,49.6,61.0,9109600.0,0.0,0.0,1438370465.0,1438370465.0,626122663.0,81600.0,123500.0,,0.0,0.0,0.0
2022-12-21,61.0,0.0,0.0,61.0,57.0,59.0,-2.0,64891600.0,3844234600.0,3147.0,48.0,60.0,1218800.0,59.0,15644100.0,1438370465.0,1438370465.0,626122663.0,0.0,59300.0,,0.0,0.0,0.0
2022-12-22,59.0,0.0,0.0,63.0,59.0,61.0,2.0,45190800.0,2741154100.0,2315.0,49.6,61.0,1922800.0,60.0,179400.0,1438370465.0,1438370465.0,626122663.0,59300.0,164000.0,,0.0,0.0,0.0
2022-12-23,61.0,0.0,0.0,61.0,58.0,59.0,-2.0,12561600.0,741466300.0,869.0,48.0,59.0,420000.0,58.0,5366200.0,1438370465.0,1438370465.0,626122663.0,30100.0,35200.0,,0.0,0.0,0.0
2022-12-26,59.0,0.0,0.0,60.0,57.0,57.0,-2.0,15709600.0,909474300.0,901.0,46.3,58.0,217400.0,57.0,3869700.0,1438370465.0,1438370465.0,626122663.0,69300.0,6000.0,,0.0,0.0,0.0
2022-12-27,57.0,0.0,0.0,60.0,57.0,59.0,2.0,15205300.0,891780200.0,980.0,48.0,60.0,1683400.0,59.0,399100.0,1438370465.0,1438370465.0,626122663.0,505800.0,670600.0,,0.0,0.0,0.0
2022-12-28,59.0,0.0,0.0,61.0,58.0,59.0,0.0,17475300.0,1043537500.0,1121.0,48.0,60.0,1491200.0,59.0,23400.0,1438370465.0,1438370465.0,626122663.0,1034900.0,733900.0,,0.0,0.0,0.0
2022-12-29,59.0,0.0,0.0,59.0,57.0,58.0,-1.0,4841300.0,281082800.0,426.0,47.2,58.0,915500.0,57.0,2651000.0,1438370465.0,1438370465.0,626122663.0,28500.0,26700.0,,0.0,0.0,0.0
2022-12-30,58.0,0.0,0.0,59.0,56.0,57.0,-1.0,12531900.0,714507800.0,633.0,46.3,57.0,58300.0,56.0,3324300.0,1438370465.0,1438370465.0,626122663.0,38200.0,46500.0,,0.0,0.0,0.0
2023-01-02,57.0,0.0,0.0,57.0,54.0,54.0,-3.0,23417000.0,1269581500.0,1347.0,43.9,55.0,1062800.0,54.0,223700.0,1438370465.0,1438370465.0,623677434.0,73900.0,0.0,,10812400.0,583869600.0,1.0
2023-01-03,54.0,0.0,0.0,59.0,53.0,57.0,3.0,29922800.0,1705741400.0,1326.0,46.3,57.0,85700.0,56.0,825100.0,1438370465.0,1438370465.0,623677434.0,303900.0,354600.0,,0.0,0.0,0.0
2023-01-04,57.0,0.0,0.0,59.0,55.0,55.0,-2.0,10534200.0,601096200.0,709.0,44.7,56.0,21100.0,55.0,1366500.0,1438370465.0,1438370465.0,623677434.0,54500.0,41400.0,,0.0,0.0,0.0
2023-01-05,55.0,0.0,0.0,57.0,53.0,54.0,-1.0,8403400.0,459269600.0,580.0,43.9,54.0,63900.0,53.0,357500.0,1438370465.0,1438370465.0,623677434.0,26300.0,29500.0,,0.0,0.0,0.0
2023-01-06,54.0,0.0,0.0,54.0,52.0,52.0,-2.0,5633700.0,294885700.0,421.0,42.3,53.0,549600.0,52.0,2675400.0,1438370465.0,1438370465.0,623677434.0,75000.0,0.0,,0.0,0.0,0.0
2023-01-09,52.0,0.0,0.0,54.0,52.0,53.0,1.0,4766500.0,250308400.0,394.0,43.1,53.0,848700.0,52.0,437400.0,1438370465.0,1438370465.0,623677434.0,41100.0,0.0,,0.0,0.0,0.0
2023-01-10,53.0,0.0,0.0,53.0,51.0,51.0,-2.0,3963200.0,205845600.0,337.0,41.5,52.0,10000.0,51.0,4248800.0,1438370465.0,1438370465.0,623677434.0,3500.0,0.0,,0.0,0.0,0.0
2023-01-11,51.0,0.0,0.0,54.0,51.0,53.0,2.0,9965000.0,522562500.0,424.0,43.1,54.0,2265100.0,53.0,1013300.0,1438370465.0,1438370465.0,623677434.0,0.0,0.0,,0.0,0.0,0.0
2023-01-12,53.0,0.0,0.0,54.0,52.0,52.0,-1.0,4420400.0,230470500.0,259.0,42.3,53.0,828100.0,52.0,1350500.0,1438370465.0,1438370465.0,623677434.0,0.0,0.0,,0.0,0.0,0.0
2023-01-13,52.0,0.0,0.0,52.0,50.0,51.0,-1.0,38316300.0,1939461500.0,633.0,41.5,52.0,4012400.0,51.0,5754600.0,1438370465.0,1438370465.0,623677434.0,0.0,0.0,,0.0,0.0,0.0
2023-01-16,51.0,0.0,0.0,56.0,51.0,55.0,4.0,46394000.0,2512455500.0,17057.0,44.7,55.0,1141400.0,54.0,109800.0,1438370465.0,1438370465.0,623677434.0,0.0,0.0,,0.0,0.0,0.0
2023-01-17,55.0,0.0,0.0,56.0,53.0,53.0,-2.0,10319100.0,551752700.0,549.0,43.1,54.0,1055200.0,53.0,1729900.0,1438370465.0,1438370465.0,623677434.0,0.0,0.0,,0.0,0.0,0.0
2023-01-18,53.0,0.0,0.0,55.0,52.0,53.0,0.0,5614700.0,297399400.0,322.0,43.1,53.0,266100.0,52.0,2982700.0,1438370465.0,1438370465.0,623677434.0,0.0,0.0,,0.0,0.0,0.0
2023-01-19,53.0,0.0,0.0,55.0,52.0,53.0,0.0,8760600.0,468296500.0,468.0,43.1,54.0,374300.0,53.0,240900.0,1438370465.0,1438370465.0,623677434.0,0.0,0.0,,0.0,0.0,0.0
2023-01-20,53.0,0.0,0.0,54.0,52.0,52.0,-1.0,7187800.0,378414100.0,397.0,42.3,53.0,527900.0,52.0,4096900.0,1438370465.0,1438370465.0,623677434.0,0.0,0.0,,0.0,0.0,0.0
2023-01-24,52.0,0.0,0.0,54.0,52.0,53.0,1.0,3505800.0,185793500.0,269.0,43.1,54.0,2142500.0,53.0,148300.0,1438370465.0,1438370465.0,623677434.0,0.0,0.0,,0.0,0.0,0.0
2023-01-25,53.0,0.0,0.0,54.0,52.0,54.0,1.0,3333200.0,176917800.0,216.0,43.9,54.0,1615400.0,53.0,4376300.0,1438370465.0,1438370465.0,623677434.0,200.0,0.0,,0.0,0.0,0.0
2023-01-26,54.0,0.0,0.0,57.0,53.0,55.0,1.0,29835500.0,1636831500.0,1042.0,44.7,55.0,1359400.0,54.0,3166200.0,1438370465.0,1438370465.0,623677434.0,0.0,9200.0,,0.0,0.0,0.0
2023-01-27,55.0,0.0,0.0,55.0,53.0,53.0,-2.0,3884800.0,208286800.0,244.0,43.1,54.0,2043100.0,53.0,5603400.0,1438370465.0,1438370465.0,623677434.0,0.0,0.0,,0.0,0.0,0.0
2023-01-30,53.0,0.0,0.0,54.0,53.0,53.0,0.0,8398300.0,449128000.0,217.0,43.1,54.0,887500.0,53.0,2207800.0,1438370465.0,1438370465.0,623677434.0,0.0,0.0,,0.0,0.0,0.0
2023-01-31,53.0,0.0,0.0,54.0,52.0,53.0,0.0,4632100.0,245501500.0,251.0,43.1,53.0,555400.0,52.0,8452900.0,1438370465.0,1438370465.0,623677434.0,0.0,0.0,,0.0,0.0,0.0
2023-02-01,53.0,0.0,0.0,54.0,52.0,53.0,0.0,7098700.0,371131100.0,382.0,43.1,53.0,790800.0,52.0,3619300.0,1438370465.0,1438370465.0,623677434.0,0.0,0.0,,0.0,0.0,0.0
2023-02-02,53.0,0.0,0.0,53.0,52.0,53.0,0.0,2926300.0,152706300.0,241.0,43.1,53.0,3821600.0,52.0,8543500.0,1438370465.0,1438370465.0,623677434.0,0.0,0.0,,0.0,0.0,0.0
2023-02-03,53.0,0.0,0.0,53.0,52.0,52.0,-1.0,4255500.0,222196300.0,163.0,42.3,53.0,2277600.0,52.0,1393600.0,1438370465.0,1438370465.0,623677434.0,0.0,0.0,,0.0,0.0,0.0
2023-02-06,52.0,0.0,0.0,53.0,51.0,52.0,0.0,5924400.0,308042400.0,439.0,42.3,53.0,3196100.0,52.0,272600.0,1438370465.0,1438370465.0,623677434.0,0.0,0.0,,0.0,0.0,0.0
2023-02-07,52.0,0.0,0.0,53.0,51.0,52.0,0.0,2398100.0,124760100.0,261.0,42.3,52.0,10000.0,51.0,7909700.0,1438370465.0,1438370465.0,623677434.0,0.0,0.0,,0.0,0.0,0.0
2023-02-08,52.0,0.0,0.0,53.0,51.0,51.0,-1.0,2562500.0,132852600.0,162.0,41.5,52.0,399300.0,51.0,7921200.0,1438370465.0,1438370465.0,623677434.0,0.0,0.0,,0.0,0.0,0.0
2023-02-09,51.0,0.0,0.0,55.0,51.0,51.0,0.0,29439300.0,1557760600.0,7256.0,41.5,52.0,782700.0,51.0,4590000.0,1438370465.0,1438370465.0,623677434.0,9200.0,0.0,,0.0,0.0,0.0
2023-02-10,51.0,0.0,0.0,52.0,51.0,52.0,1.0,4930700.0,253261300.0,289.0,42.3,52.0,1902800.0,51.0,5469100.0,1438370465.0,1438370465.0,623677434.0,0.0,0.0,,0.0,0.0,0.0
2023-02-13,52.0,0.0,0.0,52.0,51.0,52.0,0.0,3316800.0,169560700.0,141.0,42.3,52.0,4698900.0,51.0,5397100.0,1438370465.0,1438370465.0,623677434.0,0.0,0.0,,0.0,0.0,0.0
2023-02-14,52.0,0.0,0.0,52.0,51.0,51.0,-1.0,3453100.0,176339600.0,169.0,41.5,52.0,3533300.0,51.0,2423700.0,1438370465.0,1438370465.0,623677434.0,0.0,0.0,,0.0,0.0,0.0
2023-02-15,51.0,0.0,0.0,52.0,51.0,52.0,1.0,1493700.0,76618500.0,111.0,42.3,52.0,4315700.0,51.0,3408300.0,1438370465.0,1438370465.0,623677434.0,0.0,0.0,,0.0,0.0,0.0
2023-02-16,52.0,0.0,0.0,52.0,50.0,51.0,-1.0,4602000.0,234562200.0,203.0,41.5,52.0,4050400.0,51.0,1586600.0,1438370465.0,1438370465.0,623677434.0,0.0,0.0,,0.0,0.0,0.0
2023-02-17,51.0,0.0,0.0,52.0,50.0,51.0,0.0,2111500.0,107692300.0,237.0,41.5,52.0,1736500.0,51.0,136700.0,1438370465.0,1438370465.0,623677434.0,0.0,100.0,,0.0,0.0,0.0
2023-02-20,51.0,0.0,0.0,52.0,50.0,51.0,0.0,1166800.0,59521000.0,248.0,41.5,51.0,320400.0,50.0,15558300.0,1438370465.0,1438370465.0,623677434.0,0.0,0.0,,0.0,0.0,0.0
2023-02-21,51.0,0.0,0.0,51.0,50.0,51.0,0.0,3801700.0,192054400.0,167.0,41.5,51.0,774000.0,50.0,16889400.0,1438370465.0,1438370465.0,623677434.0,0.0,0.0,,0.0,0.0,0.0
2023-02-22,51.0,0.0,0.0,51.0,50.0,51.0,0.0,1777300.0,89350700.0,122.0,41.5,51.0,990100.0,50.0,19615300.0,1438370465.0,1438370465.0,623677434.0,0.0,0.0,,0.0,0.0,0.0
2023-02-23,51.0,0.0,0.0,52.0,50.0,51.0,0.0,3031800.0,153767200.0,125.0,41.5,52.0,463000.0,51.0,54200.0,1438370465.0,1438370465.0,623677434.0,0.0,0.0,,0.0,0.0,0.0
2023-02-24,51.0,0.0,0.0,52.0,50.0,50.0,-1.0,660500.0,33453300.0,83.0,40.7,51.0,395600.0,50.0,19059200.0,1438370465.0,1438370465.0,623677434.0,0.0,0.0,,0.0,0.0,0.0
2023-02-27,50.0,0.0,0.0,51.0,50.0,51.0,1.0,1316400.0,66329600.0,95.0,41.5,51.0,1069200.0,50.0,12746400.0,1438370465.0,1438370465.0,623677434.0,0.0,0.0,,0.0,0.0,0.0
2023-02-28,51.0,0.0,0.0,51.0,50.0,50.0,-1.0,1854800.0,93607600.0,75.0,40.7,51.0,697400.0,50.0,12129100.0,1438370465.0,1438370465.0,623677434.0,0.0,0.0,,0.0,0.0,0.0
2023-03-01,50.0,0.0,0.0,51.0,50.0,50.0,0.0,2355900.0,118706400.0,88.0,40.7,51.0,1753500.0,50.0,12758900.0,1438370465.0,1438370465.0,623677434.0,0.0,0.0,,0.0,0.0,0.0
2023-03-02,50.0,0.0,0.0,51.0,50.0,50.0,0.0,1958300.0,98490600.0,78.0,40.7,51.0,1690500.0,50.0,13086600.0,1438370465.0,1438370465.0,623677434.0,0.0,0.0,,0.0,0.0,0.0
2023-03-03,50.0,0.0,0.0,51.0,50.0,50.0,0.0,2538100.0,129110700.0,72.0,40.7,51.0,1056300.0,50.0,11451400.0,1438370465.0,1438370465.0,623677434.0,0.0,0.0,,0.0,0.0,0.0
2023-03-06,50.0,0.0,0.0,51.0,50.0,51.0,1.0,4415100.0,220843400.0,89.0,41.5,51.0,2388600.0,50.0,9315400.0,1438370465.0,1438370465.0,623677434.0,0.0,0.0,,0.0,0.0,0.0
2023-03-07,51.0,0.0,0.0,51.0,50.0,50.0,-1.0,1284500.0,64256600.0,64.0,40.7,51.0,3159800.0,50.0,10848400.0,1438370465.0,1438370465.0,623677434.0,0.0,0.0,,0.0,0.0,0.0
2023-03-08,50.0,0.0,0.0,51.0,50.0,51.0,1.0,3185400.0,159352700.0,105.0,41.5,51.0,3835300.0,50.0,4273200.0,1438370465.0,1438370465.0,623677434.0,0.0,0.0,,0.0,0.0,0.0
2023-03-09,51.0,0.0,0.0,51.0,50.0,50.0,-1.0,2243000.0,112657700.0,80.0,40.7,51.0,6293300.0,50.0,7390400.0,1438370465.0,1438370465.0,623677434.0,0.0,0.0,,0.0,0.0,0.0
2023-03-10,50.0,0.0,0.0,51.0,50.0,50.0,0.0,6712900.0,335645500.0,172.0,40.7,50.0,3508800.0,0.0,0.0,1438370465.0,1438370465.0,623677434.0,0.0,0.0,,0.0,0.0,0.0
2023-03-13,50.0,0.0,0.0,50.0,50.0,50.0,0.0,765200.0,38260000.0,78.0,40.7,50.0,1937800.0,0.0,0.0,1438370465.0,1438370465.0,623677434.0,0.0,0.0,,0.0,0.0,0.0
2023-03-14,50.0,0.0,0.0,50.0,50.0,50.0,0.0,53600.0,2680000.0,30.0,40.7,50.0,3035900.0,0.0,0.0,1438370465.0,1438370465.0,623677434.0,0.0,0.0,,0.0,0.0,0.0
2023-03-15,50.0,0.0,0.0,50.0,50.0,50.0,0.0,102700.0,5135000.0,23.0,40.7,50.0,3036200.0,0.0,0.0,1438370465.0,1438370465.0,623677434.0,0.0,0.0,,0.0,0.0,0.0
2023-03-16,50.0,0.0,0.0,50.0,50.0,50.0,0.0,6100.0,305000.0,11.0,40.7,50.0,3296200.0,0.0,0.0,1438370465.0,1438370465.0,623677434.0,0.0,0.0,,0.0,0.0,0.0
2023-03-17,50.0,0.0,0.0,50.0,50.0,50.0,0.0,21700.0,1085000.0,9.0,40.7,50.0,3369400.0,0.0,0.0,1438370465.0,1438370465.0,623677434.0,0.0,0.0,,0.0,0.0,0.0
2023-03-20,50.0,0.0,0.0,50.0,50.0,50.0,0.0,714800.0,35740000.0,46.0,40.7,50.0,3087000.0,0.0,0.0,1438370465.0,1438370465.0,623677434.0,0.0,0.0,,0.0,0.0,0.0
2023-03-21,50.0,0.0,0.0,50.0,50.0,50.0,0.0,137700.0,6885000.0,15.0,40.7,50.0,3231500.0,0.0,0.0,1438370465.0,1438370465.0,623677434.0,0.0,0.0,,0.0,0.0,0.0
2023-03-24,50.0,0.0,0.0,50.0,50.0,50.0,0.0,357300.0,17865000.0,11.0,40.7,50.0,3371200.0,0.0,0.0,1438370465.0,1438370465.0,623677434.0,0.0,0.0,,0.0,0.0,0.0
2023-03-27,50.0,0.0,0.0,50.0,50.0,50.0,0.0,13800.0,690000.0,16.0,40.7,50.0,2474600.0,0.0,0.0,1438370465.0,1438370465.0,623677434.0,0.0,0.0,,0.0,0.0,0.0
2023-03-28,50.0,0.0,0.0,51.0,50.0,50.0,0.0,3133500.0,156675200.0,140.0,40.7,51.0,579200.0,50.0,274900.0,1438370465.0,1438370465.0,623677434.0,0.0,0.0,,0.0,0.0,0.0
2023-03-29,50.0,0.0,0.0,51.0,50.0,50.0,0.0,1337100.0,66865100.0,176.0,40.7,50.0,309300.0,0.0,0.0,1438370465.0,1438370465.0,623677434.0,0.0,0.0,,0.0,0.0,0.0
2023-03-30,50.0,0.0,0.0,51.0,50.0,50.0,0.0,2387400.0,119573100.0,141.0,40.7,51.0,820700.0,50.0,159000.0,1438370465.0,1438370465.0,623677434.0,0.0,0.0,,0.0,0.0,0.0
2023-03-31,50.0,0.0,0.0,51.0,50.0,50.0,0.0,802700.0,40136200.0,118.0,40.7,51.0,1872700.0,50.0,200.0,1438370465.0,1438370465.0,623677434.0,0.0,0.0,,0.0,0.0,0.0
2023-04-03,50.0,0.0,0.0,50.0,50.0,50.0,0.0,128500.0,6425000.0,46.0,40.7,50.0,4274700.0,0.0,0.0,1438370465.0,1438370465.0,623677434.0,0.0,0.0,,0.0,0.0,0.0
2023-04-04,50.0,0.0,0.0,50.0,50.0,50.0,0.0,136300.0,6815000.0,21.0,40.7,50.0,3081700.0,0.0,0.0,1438370465.0,1438370465.0,623677434.0,0.0,0.0,,0.0,0.0,0.0
2023-04-05,50.0,0.0,0.0,50.0,50.0,50.0,0.0,90200.0,4510000.0,15.0,40.7,50.0,5528800.0,0.0,0.0,1438370465.0,1438370465.0,623677434.0,0.0,0.0,,0.0,0.0,0.0
2023-04-06,50.0,0.0,0.0,50.0,50.0,50.0,0.0,62800.0,3140000.0,11.0,40.7,50.0,4492900.0,0.0,0.0,1438370465.0,1438370465.0,623677434.0,0.0,0.0,,0.0,0.0,0.0
2023-04-10,50.0,0.0,0.0,50.0,50.0,50.0,0.0,129700.0,6485000.0,8.0,40.7,50.0,4752100.0,0.0,0.0,1438370465.0,1438370465.0,623677434.0,0.0,0.0,,0.0,0.0,0.0
2023-04-11,50.0,0.0,0.0,50.0,50.0,50.0,0.0,43700.0,2185000.0,273.0,40.7,50.0,5952400.0,0.0,0.0,1438370465.0,1438370465.0,623677434.0,0.0,0.0,,0.0,0.0,0.0
2023-04-12,50.0,0.0,0.0,50.0,50.0,50.0,0.0,34500.0,1725000.0,18.0,40.7,50.0,2685100.0,0.0,0.0,1438370465.0,1438370465.0,623677434.0,0.0,0.0,,0.0,0.0,0.0
2023-04-13,50.0,0.0,0.0,50.0,50.0,50.0,0.0,100000.0,5000000.0,12.0,40.7,50.0,3233100.0,0.0,0.0,1438370465.0,1438370465.0,623677434.0,0.0,0.0,,0.0,0.0,0.0
2023-04-14,50.0,0.0,0.0,50.0,50.0,50.0,0.0,12500.0,625000.0,9.0,40.7,50.0,1757000.0,0.0,0.0,1438370465.0,1438370465.0,623677434.0,0.0,0.0,,0.0,0.0,0.0
2023-04-17,50.0,0.0,0.0,50.0,50.0,50.0,0.0,26200.0,1310000.0,11.0,40.7,50.0,2490300.0,0.0,0.0,1438370465.0,1438370465.0,623677434.0,0.0,0.0,,0.0,0.0,0.0
2023-04-18,50.0,0.0,0.0,50.0,50.0,50.0,0.0,105200.0,5260000.0,10.0,40.7,50.0,2152600.0,0.0,0.0,1438370465.0,1438370465.0,623677434.0,0.0,0.0,,0.0,0.0,0.0
2023-04-26,50.0,0.0,0.0,50.0,50.0,50.0,0.0,75200.0,3760000.0,12.0,40.7,50.0,2829700.0,0.0,0.0,1438370465.0,1438370465.0,623677434.0,0.0,0.0,,0.0,0.0,0.0
2023-04-27,50.0,0.0,0.0,50.0,50.0,50.0,0.0,167100.0,8355000.0,13.0,40.7,50.0,1962900.0,0.0,0.0,1438370465.0,1438370465.0,623677434.0,0.0,0.0,,0.0,0.0,0.0
2023-04-28,50.0,0.0,0.0,50.0,50.0,50.0,0.0,133900.0,6695000.0,62.0,40.7,50.0,1854000.0,0.0,0.0,1438370465.0,1438370465.0,623677434.0,0.0,0.0,,106400.0,5320000.0,1.0
2023-05-02,50.0,0.0,0.0,50.0,50.0,50.0,0.0,92200.0,4610000.0,14.0,40.7,50.0,2733800.0,0.0,0.0,1438370465.0,1438370465.0,623677434.0,0.0,0.0,,0.0,0.0,0.0
2023-05-03,50.0,0.0,0.0,50.0,50.0,50.0,0.0,47000.0,2350000.0,16.0,40.7,50.0,2030000.0,0.0,0.0,1438370465.0,1438370465.0,623677434.0,0.0,0.0,,0.0,0.0,0.0
2023-05-04,50.0,0.0,0.0,50.0,50.0,50.0,0.0,1149200.0,57460000.0,60.0,40.7,50.0,145500.0,0.0,0.0,1438370465.0,1438370465.0,623677434.0,0.0,0.0,,0.0,0.0,0.0
2023-05-05,50.0,0.0,0.0,51.0,50.0,50.0,0.0,4861800.0,243205800.0,124.0,40.7,50.0,203500.0,0.0,0.0,1438370465.0,1438370465.0,623677434.0,0.0,0.0,,0.0,0.0,0.0
2023-05-08,50.0,0.0,0.0,51.0,50.0,50.0,0.0,262700.0,13137000.0,46.0,40.7,50.0,1252100.0,0.0,0.0,1438370465.0,1438370465.0,623677434.0,0.0,0.0,,0.0,0.0,0.0
2023-05-09,50.0,0.0,0.0,50.0,50.0,50.0,0.0,176600.0,8830000.0,34.0,40.7,50.0,2144900.0,0.0,0.0,1438370465.0,1438370465.0,623677434.0,0.0,20000.0,,0.0,0.0,0.0
2023-05-10,50.0,0.0,0.0,50.0,50.0,50.0,0.0,152500.0,7625000.0,40.0,40.7,50.0,677000.0,0.0,0.0,1438370465.0,1438370465.0,623677434.0,0.0,30000.0,,0.0,0.0,0.0
2023-05-11,50.0,0.0,0.0,51.0,50.0,50.0,0.0,1241400.0,62090000.0,57.0,40.7,51.0,2130300.0,50.0,280000.0,1438370465.0,1438370465.0,623677434.0,0.0,10000.0,,0.0,0.0,0.0
2023-05-12,50.0,0.0,0.0,50.0,50.0,50.0,0.0,17300.0,865000.0,9.0,40.7,50.0,2200600.0,0.0,0.0,1438370465.0,1438370465.0,623677434.0,0.0,0.0,,0.0,0.0,0.0
2023-05-15,50.0,0.0,0.0,50.0,50.0,50.0,0.0,159000.0,7950000.0,16.0,40.7,50.0,2231600.0,0.0,0.0,1438370465.0,1438370465.0,623677434.0,0.0,0.0,,0.0,0.0,0.0
2023-05-16,50.0,0.0,0.0,50.0,50.0,50.0,0.0,33500.0,1675000.0,15.0,40.7,50.0,1889100.0,0.0,0.0,1438370465.0,1438370465.0,623677434.0,0.0,0.0,,0.0,0.0,0.0
2023-05-17,50.0,0.0,0.0,51.0,50.0,50.0,0.0,3636700.0,181843400.0,98.0,40.7,50.0,57100.0,0.0,0.0,1438370465.0,1438370465.0,623677434.0,0.0,0.0,,0.0,0.0,0.0
2023-05-19,50.0,0.0,0.0,50.0,50.0,50.0,0.0,211300.0,10565000.0,42.0,40.7,50.0,1980700.0,0.0,0.0,1438370465.0,1438370465.0,623677434.0,0.0,0.0,,0.0,0.0,0.0
2023-05-22,50.0,0.0,0.0,50.0,50.0,50.0,0.0,34400.0,1720000.0,26.0,40.7,50.0,1848200.0,0.0,0.0,1438370465.0,1438370465.0,623677434.0,0.0,0.0,,0.0,0.0,0.0
2023-05-23,50.0,0.0,0.0,50.0,50.0,50.0,0.0,138400.0,6920000.0,22.0,40.7,50.0,1641400.0,0.0,0.0,1438370465.0,1438370465.0,623677434.0,0.0,0.0,,0.0,0.0,0.0
2023-05-24,50.0,0.0,0.0,50.0,50.0,50.0,0.0,120500.0,6025000.0,15.0,40.7,50.0,1802400.0,0.0,0.0,1438370465.0,1438370465.0,623677434.0,0.0,0.0,,0.0,0.0,0.0
2023-05-25,50.0,0.0,0.0,50.0,50.0,50.0,0.0,1300.0,65000.0,4.0,40.7,50.0,2586200.0,0.0,0.0,1438370465.0,1438370465.0,623677434.0,0.0,0.0,,0.0,0.0,0.0
2023-05-26,50.0,0.0,0.0,50.0,50.0,50.0,0.0,7500.0,375000.0,14.0,40.7,50.0,2736300.0,0.0,0.0,1438370465.0,1438370465.0,623677434.0,0.0,0.0,,0.0,0.0,0.0
2023-05-29,50.0,0.0,0.0,50.0,50.0,50.0,0.0,356900.0,17845000.0,38.0,40.7,50.0,3800900.0,0.0,0.0,1438370465.0,1438370465.0,623677434.0,0.0,0.0,,0.0,0.0,0.0
2023-05-30,50.0,0.0,0.0,50.0,50.0,50.0,0.0,20000.0,1000000.0,6.0,40.7,50.0,4083600.0,0.0,0.0,1438370465.0,1438370465.0,623677434.0,0.0,0.0,,0.0,0.0,0.0
2023-05-31,50.0,0.0,0.0,50.0,50.0,50.0,0.0,2700.0,135000.0,7.0,40.7,50.0,2599800.0,0.0,0.0,1438370465.0,1438370465.0,623677434.0,0.0,0.0,,0.0,0.0,0.0
2023-06-05,50.0,0.0,0.0,50.0,50.0,50.0,0.0,32800.0,1640000.0,10.0,40.7,50.0,4942400.0,0.0,0.0,1438370465.0,1438370465.0,623677434.0,0.0,0.0,,0.0,0.0,0.0
2023-06-06,50.0,0.0,0.0,50.0,50.0,50.0,0.0,3400.0,170000.0,3.0,40.7,50.0,3660800.0,0.0,0.0,1438370465.0,1438370465.0,623677434.0,0.0,0.0,,0.0,0.0,0.0
2023-06-07,50.0,0.0,0.0,50.0,50.0,50.0,0.0,6000.0,300000.0,12.0,40.7,50.0,3820900.0,0.0,0.0,1438370465.0,1438370465.0,623677434.0,0.0,0.0,,0.0,0.0,0.0
2023-06-08,50.0,0.0,0.0,50.0,50.0,50.0,0.0,5700.0,285000.0,40.0,40.7,50.0,4739900.0,0.0,0.0,1438370465.0,1438370465.0,623677434.0,0.0,0.0,,0.0,0.0,0.0
2023-06-09,50.0,0.0,0.0,50.0,50.0,50.0,0.0,13200.0,660000.0,12.0,40.7,50.0,2778500.0,0.0,0.0,1438370465.0,1438370465.0,623677434.0,0.0,0.0,,0.0,0.0,0.0
2023-06-12,50.0,0.0,0.0,50.0,50.0,50.0,0.0,23300.0,1165000.0,16.0,40.7,50.0,4700500.0,0.0,0.0,1438370465.0,1438370465.0,623677434.0,0.0,0.0,,0.0,0.0,0.0
2023-06-13,50.0,0.0,0.0,50.0,50.0,50.0,0.0,31600.0,1580000.0,11.0,40.7,50.0,4561400.0,0.0,0.0,1438370465.0,1438370465.0,623677434.0,0.0,0.0,,0.0,0.0,0.0
2023-06-14,50.0,0.0,0.0,50.0,50.0,50.0,0.0,15000.0,750000.0,6.0,40.7,50.0,6139000.0,0.0,0.0,1438370465.0,1438370465.0,623677434.0,0.0,0.0,,0.0,0.0,0.0
2023-06-15,50.0,0.0,0.0,50.0,50.0,50.0,0.0,38900.0,1945000.0,7.0,40.7,50.0,5558300.0,0.0,0.0,1438370465.0,1438370465.0,623677434.0,0.0,0.0,,1200000.0,31200000.0,1.0
2023-06-16,50.0,0.0,0.0,50.0,50.0,50.0,0.0,46500.0,2325000.0,8.0,40.7,50.0,7959100.0,0.0,0.0,1438370465.0,1438370465.0,623677434.0,0.0,0.0,,0.0,0.0,0.0
2023-06-19,50.0,0.0,0.0,50.0,50.0,50.0,0.0,16500.0,825000.0,14.0,40.7,50.0,7097800.0,0.0,0.0,1438370465.0,1438370465.0,623677434.0,0.0,0.0,,0.0,0.0,0.0
2023-06-20,50.0,0.0,0.0,50.0,50.0,50.0,0.0,37200.0,1860000.0,9.0,40.7,50.0,4841400.0,0.0,0.0,1438370465.0,1438370465.0,623677434.0,0.0,0.0,,0.0,0.0,0.0
2023-06-21,50.0,0.0,0.0,50.0,50.0,50.0,0.0,45500.0,2275000.0,6.0,40.7,50.0,5264400.0,0.0,0.0,1438370465.0,1438370465.0,623677434.0,0.0,0.0,,0.0,0.0,0.0
2023-06-22,50.0,0.0,0.0,50.0,50.0,50.0,0.0,800.0,40000.0,4.0,40.7,50.0,6962900.0,0.0,0.0,1438370465.0,1438370465.0,623677434.0,0.0,0.0,,0.0,0.0,0.0
2023-06-23,50.0,0.0,0.0,50.0,50.0,50.0,0.0,800.0,40000.0,4.0,40.7,50.0,6412300.0,0.0,0.0,1438370465.0,1438370465.0,623677434.0,0.0,0.0,,0.0,0.0,0.0
2023-06-26,50.0,0.0,0.0,50.0,50.0,50.0,0.0,13700.0,685000.0,10.0,40.7,50.0,8558400.0,0.0,0.0,1438370465.0,1438370465.0,623677434.0,0.0,0.0,,0.0,0.0,0.0
2023-06-27,50.0,0.0,0.0,50.0,50.0,50.0,0.0,23300.0,1165000.0,10.0,40.7,50.0,9347500.0,0.0,0.0,1438370465.0,1438370465.0,623677434.0,0.0,0.0,,0.0,0.0,0.0
2023-07-03,50.0,0.0,0.0,50.0,50.0,50.0,0.0,9900.0,495000.0,9.0,40.7,50.0,9752700.0,0.0,0.0,1438370465.0,1438370465.0,621663715.0,0.0,0.0,,0.0,0.0,0.0
2023-07-04,50.0,0.0,0.0,50.0,50.0,50.0,0.0,64300.0,3215000.0,8.0,40.7,50.0,7373500.0,0.0,0.0,1438370465.0,1438370465.0,621663715.0,0.0,0.0,,0.0,0.0,0.0
2023-07-05,50.0,0.0,0.0,50.0,50.0,50.0,0.0,34600.0,1730000.0,6.0,40.7,50.0,4371100.0,0.0,0.0,1438370465.0,1438370465.0,621663715.0,0.0,0.0,,0.0,0.0,0.0
2023-07-06,50.0,0.0,0.0,50.0,50.0,50.0,0.0,412200.0,20610000.0,19.0,40.7,50.0,7393800.0,0.0,0.0,1438370465.0,1438370465.0,621663715.0,0.0,90000.0,,0.0,0.0,0.0
2023-07-07,50.0,0.0,0.0,50.0,50.0,50.0,0.0,65400.0,3270000.0,5.0,40.7,50.0,7783200.0,0.0,0.0,1438370465.0,1438370465.0,621663715.0,0.0,5000.0,,0.0,0.0,0.0
2023-07-10,50.0,0.0,0.0,50.0,50.0,50.0,0.0,900.0,45000.0,5.0,40.7,50.0,8399600.0,0.0,0.0,1438370465.0,1438370465.0,621663715.0,0.0,0.0,,0.0,0.0,0.0
2023-07-11,50.0,0.0,0.0,50.0,50.0,50.0,0.0,254400.0,12720000.0,8.0,40.7,50.0,10192400.0,0.0,0.0,1438370465.0,1438370465.0,621663715.0,0.0,0.0,,0.0,0.0,0.0
2023-07-12,50.0,0.0,0.0,50.0,50.0,50.0,0.0,46600.0,2330000.0,12.0,40.7,50.0,9723300.0,0.0,0.0,1438370465.0,1438370465.0,621663715.0,0.0,0.0,,0.0,0.0,0.0
2023-07-13,50.0,0.0,0.0,50.0,50.0,50.0,0.0,21500.0,1075000.0,12.0,40.7,50.0,7670400.0,0.0,0.0,1438370465.0,1438370465.0,621663715.0,0.0,0.0,,0.0,0.0,0.0
2023-07-14,50.0,0.0,0.0,50.0,50.0,50.0,0.0,21700.0,1085000.0,7.0,40.7,50.0,7534800.0,0.0,0.0,1438370465.0,1438370465.0,621663715.0,0.0,0.0,,0.0,0.0,0.0
2023-07-17,50.0,0.0,0.0,50.0,50.0,50.0,0.0,38500.0,1925000.0,15.0,40.7,50.0,9100200.0,0.0,0.0,1438370465.0,1438370465.0,621663715.0,0.0,0.0,,0.0,0.0,0.0
2023-07-18,50.0,0.0,0.0,50.0,50.0,50.0,0.0,15100.0,755000.0,3.0,40.7,50.0,7257600.0,0.0,0.0,1438370465.0,1438370465.0,621663715.0,0.0,10000.0,,0.0,0.0,0.0
2023-07-20,50.0,0.0,0.0,50.0,50.0,50.0,0.0,13400.0,670000.0,6.0,40.7,50.0,9399300.0,0.0,0.0,1438370465.0,1438370465.0,621663715.0,0.0,0.0,,0.0,0.0,0.0
2023-07-21,50.0,0.0,0.0,50.0,50.0,50.0,0.0,8400.0,420000.0,11.0,40.7,50.0,8521400.0,0.0,0.0,1438370465.0,1438370465.0,621663715.0,0.0,0.0,,0.0,0.0,0.0
2023-07-24,50.0,0.0,0.0,50.0,50.0,50.0,0.0,1600.0,80000.0,5.0,40.7,50.0,9192300.0,0.0,0.0,1438370465.0,1438370465.0,621663715.0,0.0,0.0,,0.0,0.0,0.0
2023-07-25,50.0,0.0,0.0,50.0,50.0,50.0,0.0,8300.0,415000.0,6.0,40.7,50.0,9352000.0,0.0,0.0,1438370465.0,1438370465.0,621663715.0,0.0,0.0,,0.0,0.0,0.0
2023-07-26,50.0,0.0,0.0,50.0,50.0,50.0,0.0,20500.0,1025000.0,5.0,40.7,50.0,9185200.0,0.0,0.0,1438370465.0,1438370465.0,621663715.0,0.0,0.0,,0.0,0.0,0.0
2023-07-27,50.0,0.0,0.0,50.0,50.0,50.0,0.0,13100.0,655000.0,7.0,40.7,50.0,5100200.0,0.0,0.0,1438370465.0,1438370465.0,621663715.0,0.0,0.0,,0.0,0.0,0.0
2023-07-28,50.0,0.0,0.0,50.0,50.0,50.0,0.0,114500.0,5725000.0,25.0,40.7,50.0,5964500.0,0.0,0.0,1438370465.0,1438370465.0,621663715.0,0.0,0.0,,0.0,0.0,0.0
2023-07-31,50.0,0.0,0.0,50.0,50.0,50.0,0.0,26600.0,1330000.0,6.0,40.7,50.0,5956500.0,0.0,0.0,1438370465.0,1438370465.0,621663715.0,0.0,0.0,,0.0,0.0,0.0
2023-08-01,50.0,0.0,0.0,50.0,50.0,50.0,0.0,1800.0,90000.0,1.0,40.7,50.0,5110300.0,0.0,0.0,1438370465.0,1438370465.0,621663715.0,0.0,0.0,,0.0,0.0,0.0
2023-08-02,50.0,0.0,0.0,50.0,50.0,50.0,0.0,48100.0,2405000.0,10.0,40.7,50.0,4790500.0,0.0,0.0,1438370465.0,1438370465.0,621663715.0,0.0,0.0,,0.0,0.0,0.0
2023-08-03,50.0,0.0,0.0,50.0,50.0,50.0,0.0,4900.0,245000.0,4.0,40.7,50.0,5350500.0,0.0,0.0,1438370465.0,1438370465.0,621663715.0,0.0,0.0,,0.0,0.0,0.0
2023-08-04,50.0,0.0,0.0,50.0,50.0,50.0,0.0,800.0,40000.0,4.0,40.7,50.0,5779700.0,0.0,0.0,1438370465.0,1438370465.0,621663715.0,0.0,0.0,,0.0,0.0,0.0
2023-08-07,50.0,0.0,0.0,50.0,50.0,50.0,0.0,19600.0,980000.0,9.0,40.7,50.0,4418200.0,0.0,0.0,1438370465.0,1438370465.0,621663715.0,0.0,0.0,,0.0,0.0,0.0
2023-08-08,50.0,0.0,0.0,50.0,50.0,50.0,0.0,11400.0,570000.0,3.0,40.7,50.0,4408900.0,0.0,0.0,1438370465.0,1438370465.0,621663715.0,0.0,0.0,,0.0,0.0,0.0
2023-08-09,50.0,0.0,0.0,50.0,50.0,50.0,0.0,2500.0,125000.0,4.0,40.7,50.0,6676000.0,0.0,0.0,1438370465.0,1438370465.0,621663715.0,0.0,0.0,,0.0,0.0,0.0
2023-08-10,50.0,0.0,0.0,50.0,50.0,50.0,0.0,10400.0,520000.0,11.0,40.7,50.0,3508000.0,0.0,0.0,1438370465.0,1438370465.0,621663715.0,0.0,0.0,,0.0,0.0,0.0
2023-08-11,50.0,0.0,0.0,50.0,50.0,50.0,0.0,200.0,10000.0,1.0,40.7,50.0,2524700.0,0.0,0.0,1438370465.0,1438370465.0,621663715.0,0.0,0.0,,0.0,0.0,0.0
2023-08-14,50.0,0.0,0.0,50.0,50.0,50.0,0.0,12100.0,605000.0,5.0,40.7,50.0,4011400.0,0.0,0.0,1438370465.0,1438370465.0,621663715.0,0.0,0.0,,0.0,0.0,0.0
2023-08-15,50.0,0.0,0.0,50.0,50.0,50.0,0.0,224400.0,11220000.0,65.0,40.7,50.0,4340100.0,0.0,0.0,1438370465.0,1438370465.0,621663715.0,0.0,0.0,,0.0,0.0,0.0
2023-08-16,50.0,0.0,0.0,50.0,50.0,50.0,0.0,6100.0,305000.0,5.0,40.7,50.0,3867800.0,0.0,0.0,1438370465.0,1438370465.0,621663715.0,0.0,0.0,,0.0,0.0,0.0
2023-08-18,50.0,0.0,0.0,50.0,50.0,50.0,0.0,100.0,5000.0,1.0,40.7,50.0,4084800.0,0.0,0.0,1438370465.0,1438370465.0,621663715.0,0.0,0.0,,0.0,0.0,0.0
2023-08-21,50.0,0.0,0.0,50.0,50.0,50.0,0.0,1800.0,90000.0,5.0,40.7,50.0,4561800.0,0.0,0.0,1438370465.0,1438370465.0,621663715.0,0.0,0.0,,0.0,0.0,0.0
2023-08-22,50.0,0.0,0.0,50.0,50.0,50.0,0.0,1900.0,95000.0,5.0,40.7,50.0,3934400.0,0.0,0.0,1438370465.0,1438370465.0,621663715.0,0.0,0.0,,0.0,0.0,0.0
2023-08-23,50.0,0.0,0.0,50.0,50.0,50.0,0.0,1800.0,90000.0,6.0,40.7,50.0,5321200.0,0.0,0.0,1438370465.0,1438370465.0,621663715.0,0.0,0.0,,0.0,0.0,0.0
2023-08-24,50.0,0.0,0.0,50.0,50.0,50.0,0.0,300.0,15000.0,2.0,40.7,50.0,4779900.0,0.0,0.0,1438370465.0,1438370465.0,621663715.0,0.0,0.0,,0.0,0.0,0.0
2023-08-25,50.0,0.0,0.0,50.0,50.0,50.0,0.0,1100.0,55000.0,6.0,40.7,50.0,3051700.0,0.0,0.0,1438370465.0,1438370465.0,621663715.0,0.0,0.0,,0.0,0.0,0.0
2023-08-28,50.0,0.0,0.0,50.0,50.0,50.0,0.0,12000.0,600000.0,5.0,40.7,50.0,3599200.0,0.0,0.0,1438370465.0,1438370465.0,621663715.0,0.0,0.0,,0.0,0.0,0.0
2023-08-29,50.0,0.0,0.0,50.0,50.0,50.0,0.0,7600.0,380000.0,5.0,40.7,50.0,3212700.0,0.0,0.0,1438370465.0,1438370465.0,621663715.0,0.0,0.0,,0.0,0.0,0.0
2023-08-30,50.0,0.0,0.0,50.0,50.0,50.0,0.0,54000.0,2700000.0,14.0,40.7,50.0,4259200.0,0.0,0.0,1438370465.0,1438370465.0,621663715.0,0.0,0.0,,0.0,0.0,0.0
2023-08-31,50.0,0.0,0.0,50.0,50.0,50.0,0.0,8700.0,435000.0,7.0,40.7,50.0,2487800.0,0.0,0.0,1438370465.0,1438370465.0,621663715.0,0.0,0.0,,0.0,0.0,0.0
2023-09-01,50.0,0.0,0.0,50.0,50.0,50.0,0.0,114400.0,5720000.0,12.0,40.7,50.0,2531900.0,0.0,0.0,1438370465.0,1438370465.0,621663715.0,0.0,0.0,,0.0,0.0,0.0
2023-09-04,50.0,0.0,0.0,50.0,50.0,50.0,0.0,5900.0,295000.0,4.0,40.7,50.0,8903500.0,0.0,0.0,1438370465.0,1438370465.0,621663715.0,0.0,0.0,,0.0,0.0,0.0
2023-09-05,50.0,0.0,0.0,50.0,50.0,50.0,0.0,12100.0,605000.0,6.0,40.7,50.0,2392600.0,0.0,0.0,1438370465.0,1438370465.0,621663715.0,0.0,0.0,,0.0,0.0,0.0
2023-09-06,50.0,0.0,0.0,50.0,50.0,50.0,0.0,67900.0,3395000.0,9.0,40.7,50.0,2812900.0,0.0,0.0,1438370465.0,1438370465.0,621663715.0,0.0,0.0,,0.0,0.0,0.0
2023-09-07,50.0,0.0,0.0,50.0,50.0,50.0,0.0,102500.0,5125000.0,7.0,40.7,50.0,2286600.0,0.0,0.0,1438370465.0,1438370465.0,621663715.0,0.0,0.0,,0.0,0.0,0.0
2023-09-08,50.0,0.0,0.0,50.0,50.0,50.0,0.0,13200.0,660000.0,6.0,40.7,50.0,4054400.0,0.0,0.0,1438370465.0,1438370465.0,621663715.0,0.0,0.0,,0.0,0.0,0.0
2023-09-11,50.0,0.0,0.0,50.0,50.0,50.0,0.0,9200.0,460000.0,4.0,40.7,50.0,2680100.0,0.0,0.0,1438370465.0,1438370465.0,621663715.0,0.0,0.0,,0.0,0.0,0.0
2023-09-12,50.0,0.0,0.0,50.0,50.0,50.0,0.0,16300.0,815000.0,4.0,40.7,50.0,3257800.0,0.0,0.0,1438370465.0,1438370465.0,621663715.0,0.0,0.0,,0.0,0.0,0.0
2023-09-13,50.0,0.0,0.0,50.0,50.0,50.0,0.0,6200.0,310000.0,5.0,40.7,50.0,3064000.0,0.0,0.0,1438370465.0,1438370465.0,621663715.0,0.0,0.0,,0.0,0.0,0.0
2023-09-14,50.0,0.0,0.0,50.0,50.0,50.0,0.0,20400.0,1020000.0,2.0,40.7,50.0,3372900.0,0.0,0.0,1438370465.0,1438370465.0,621663715.0,0.0,0.0,,0.0,0.0,0.0
2023-09-15,50.0,0.0,0.0,50.0,50.0,50.0,0.0,1500.0,75000.0,2.0,40.7,50.0,4839800.0,0.0,0.0,1438370465.0,1438370465.0,621663715.0,0.0,0.0,,0.0,0.0,0.0
2023-09-18,50.0,0.0,0.0,0.0,0.0,50.0,0.0,0.0,0.0,0.0,40.7,50.0,2405400.0,0.0,0.0,1438370465.0,1438370465.0,621663715.0,0.0,0.0,,0.0,0.0,0.0
2023-09-19,50.0,0.0,0.0,50.0,50.0,50.0,0.0,10500.0,525000.0,2.0,40.7,50.0,5387900.0,0.0,0.0,1438370465.0,1438370465.0,621663715.0,0.0,0.0,,0.0,0.0,0.0
2023-09-20,50.0,0.0,0.0,50.0,50.0,50.0,0.0,300.0,15000.0,2.0,40.7,50.0,5361400.0,0.0,0.0,1438370465.0,1438370465.0,621663715.0,0.0,0.0,,0.0,0.0,0.0
2023-09-21,50.0,0.0,0.0,50.0,50.0,50.0,0.0,100.0,5000.0,1.0,40.7,50.0,5082600.0,0.0,0.0,1438370465.0,1438370465.0,621663715.0,0.0,0.0,,0.0,0.0,0.0
2023-09-22,50.0,0.0,0.0,50.0,50.0,50.0,0.0,3000.0,150000.0,2.0,40.7,50.0,5177300.0,0.0,0.0,1438370465.0,1438370465.0,621663715.0,0.0,0.0,,0.0,0.0,0.0
2023-09-25,50.0,0.0,0.0,50.0,50.0,50.0,0.0,20400.0,1020000.0,4.0,40.7,50.0,5639500.0,0.0,0.0,1438370465.0,1438370465.0,621663715.0,0.0,0.0,,0.0,0.0,0.0
2023-09-26,50.0,0.0,0.0,50.0,50.0,50.0,0.0,10000.0,500000.0,7.0,40.7,50.0,6209900.0,0.0,0.0,1438370465.0,1438370465.0,621663715.0,0.0,0.0,,0.0,0.0,0.0
2023-09-27,50.0,0.0,0.0,50.0,50.0,50.0,0.0,3000.0,150000.0,2.0,40.7,50.0,5522000.0,0.0,0.0,1438370465.0,1438370465.0,621663715.0,0.0,0.0,,0.0,0.0,0.0
2023-09-29,50.0,0.0,0.0,50.0,50.0,50.0,0.0,56500.0,2825000.0,8.0,40.7,50.0,2998800.0,0.0,0.0,1438370465.0,1438370465.0,621663715.0,0.0,0.0,,0.0,0.0,0.0
2023-10-02,50.0,0.0,0.0,50.0,50.0,50.0,0.0,127100.0,6355000.0,19.0,40.7,50.0,3505800.0,0.0,0.0,1438370465.0,1438370465.0,621663715.0,0.0,0.0,,0.0,0.0,0.0
2023-10-03,50.0,0.0,0.0,50.0,50.0,50.0,0.0,717300.0,35865000.0,23.0,40.7,50.0,3170800.0,0.0,0.0,1438370465.0,1438370465.0,621663715.0,0.0,0.0,,0.0,0.0,0.0
2023-10-04,50.0,0.0,0.0,50.0,50.0,50.0,0.0,5300.0,265000.0,14.0,40.7,50.0,3930300.0,0.0,0.0,1438370465.0,1438370465.0,621663715.0,0.0,0.0,,0.0,0.0,0.0
2023-10-05,50.0,0.0,0.0,51.0,50.0,50.0,0.0,5476700.0,273906700.0,269.0,40.7,51.0,2513600.0,50.0,604700.0,1438370465.0,1438370465.0,621663715.0,0.0,0.0,,0.0,0.0,0.0
2023-10-06,50.0,0.0,0.0,50.0,50.0,50.0,0.0,764500.0,38225000.0,92.0,40.7,50.0,908200.0,0.0,0.0,1438370465.0,1438370465.0,621663715.0,0.0,0.0,,0.0,0.0,0.0
2023-10-09,50.0,0.0,0.0,50.0,50.0,50.0,0.0,23000.0,1150000.0,12.0,40.7,50.0,4283800.0,0.0,0.0,1438370465.0,1438370465.0,621663715.0,0.0,0.0,,0.0,0.0,0.0
2023-10-10,50.0,0.0,0.0,50.0,50.0,50.0,0.0,400.0,20000.0,3.0,40.7,50.0,3548700.0,0.0,0.0,1438370465.0,1438370465.0,621663715.0,0.0,0.0,,0.0,0.0,0.0
2023-10-11,50.0,0.0,0.0,50.0,50.0,50.0,0.0,56600.0,2830000.0,7.0,40.7,50.0,4648400.0,0.0,0.0,1438370465.0,1438370465.0,621663715.0,0.0,0.0,,0.0,0.0,0.0
2023-10-12,50.0,0.0,0.0,50.0,50.0,50.0,0.0,19300.0,965000.0,13.0,40.7,50.0,4739600.0,0.0,0.0,1438370465.0,1438370465.0,621663715.0,0.0,0.0,,0.0,0.0,0.0
2023-10-13,50.0,0.0,0.0,50.0,50.0,50.0,0.0,7100.0,355000.0,6.0,40.7,50.0,4350800.0,0.0,0.0,1438370465.0,1438370465.0,621663715.0,0.0,0.0,,0.0,0.0,0.0
2023-10-16,50.0,0.0,0.0,50.0,50.0,50.0,0.0,1990900.0,99545000.0,60.0,40.7,50.0,2219200.0,0.0,0.0,1438370465.0,1438370465.0,621663715.0,12000.0,0.0,,0.0,0.0,0.0
2023-10-17,50.0,0.0,0.0,50.0,50.0,50.0,0.0,145900.0,7295000.0,24.0,40.7,50.0,4703100.0,0.0,0.0,1438370465.0,1438370465.0,621663715.0,0.0,0.0,,0.0,0.0,0.0
2023-10-18,50.0,0.0,0.0,50.0,50.0,50.0,0.0,65000.0,3250000.0,13.0,40.7,50.0,3595200.0,0.0,0.0,1438370465.0,1438370465.0,621663715.0,0.0,0.0,,0.0,0.0,0.0
2023-10-19,50.0,0.0,0.0,50.0,50.0,50.0,0.0,197000.0,9850000.0,12.0,40.7,50.0,3115000.0,0.0,0.0,1438370465.0,1438370465.0,621663715.0,0.0,0.0,,0.0,0.0,0.0
2023-10-20,50.0,0.0,0.0,50.0,50.0,50.0,0.0,1400.0,70000.0,5.0,40.7,50.0,2952000.0,0.0,0.0,1438370465.0,1438370465.0,621663715.0,0.0,0.0,,0.0,0.0,0.0
2023-10-23,50.0,0.0,0.0,50.0,50.0,50.0,0.0,148300.0,7415000.0,8.0,40.7,50.0,5487100.0,0.0,0.0,1438370465.0,1438370465.0,621663715.0,0.0,0.0,,0.0,0.0,0.0
2023-10-24,50.0,0.0,0.0,50.0,50.0,50.0,0.0,2100.0,105000.0,4.0,40.7,50.0,7459100.0,0.0,0.0,1438370465.0,1438370465.0,621663715.0,0.0,0.0,,0.0,0.0,0.0
2023-10-25,50.0,0.0,0.0,50.0,50.0,50.0,0.0,300.0,15000.0,3.0,40.7,50.0,8719200.0,0.0,0.0,1438370465.0,1438370465.0,621663715.0,0.0,0.0,,0.0,0.0,0.0
2023-10-26,50.0,0.0,0.0,50.0,50.0,50.0,0.0,2500.0,125000.0,3.0,40.7,50.0,6291500.0,0.0,0.0,1438370465.0,1438370465.0,621663715.0,0.0,0.0,,0.0,0.0,0.0
2023-10-27,50.0,0.0,0.0,50.0,50.0,50.0,0.0,51400.0,2570000.0,4.0,40.7,50.0,4918800.0,0.0,0.0,1438370465.0,1438370465.0,621663715.0,0.0,0.0,,0.0,0.0,0.0
2023-10-30,50.0,0.0,0.0,50.0,50.0,50.0,0.0,36700.0,1835000.0,3.0,40.7,50.0,4107400.0,0.0,0.0,1438370465.0,1438370465.0,621663715.0,0.0,0.0,,0.0,0.0,0.0
2023-10-31,50.0,0.0,0.0,50.0,50.0,50.0,0.0,3400.0,170000.0,2.0,40.7,50.0,7427600.0,0.0,0.0,1438370465.0,1438370465.0,621663715.0,0.0,0.0,,0.0,0.0,0.0
2023-11-01,50.0,0.0,0.0,50.0,50.0,50.0,0.0,800.0,40000.0,3.0,40.7,50.0,3354100.0,0.0,0.0,1438370465.0,1438370465.0,621663715.0,0.0,0.0,,0.0,0.0,0.0
2023-11-02,50.0,0.0,0.0,50.0,50.0,50.0,0.0,14100.0,705000.0,5.0,40.7,50.0,5384700.0,0.0,0.0,1438370465.0,1438370465.0,621663715.0,0.0,0.0,,0.0,0.0,0.0
2023-11-03,50.0,0.0,0.0,50.0,50.0,50.0,0.0,600.0,30000.0,2.0,40.7,50.0,5707500.0,0.0,0.0,1438370465.0,1438370465.0,621663715.0,0.0,0.0,,0.0,0.0,0.0
2023-11-06,50.0,0.0,0.0,50.0,50.0,50.0,0.0,20200.0,1010000.0,3.0,40.7,50.0,4876400.0,0.0,0.0,1438370465.0,1438370465.0,621663715.0,0.0,0.0,,0.0,0.0,0.0
2023-11-07,50.0,0.0,0.0,50.0,50.0,50.0,0.0,10200.0,510000.0,3.0,40.7,50.0,5336100.0,0.0,0.0,1438370465.0,1438370465.0,621663715.0,0.0,0.0,,0.0,0.0,0.0
2023-11-08,50.0,0.0,0.0,50.0,50.0,50.0,0.0,53000.0,2650000.0,3.0,40.7,50.0,6132300.0,0.0,0.0,1438370465.0,1438370465.0,621663715.0,0.0,0.0,,0.0,0.0,0.0
2023-11-09,50.0,0.0,0.0,50.0,50.0,50.0,0.0,2500.0,125000.0,3.0,40.7,50.0,2632500.0,0.0,0.0,1438370465.0,1438370465.0,621663715.0,0.0,0.0,,0.0,0.0,0.0
2023-11-10,50.0,0.0,0.0,50.0,50.0,50.0,0.0,3600.0,180000.0,4.0,40.7,50.0,4672200.0,0.0,0.0,1438370465.0,1438370465.0,621663715.0,0.0,0.0,,0.0,0.0,0.0
2023-11-13,50.0,0.0,0.0,50.0,50.0,50.0,0.0,10400.0,520000.0,4.0,40.7,50.0,2726800.0,0.0,0.0,1438370465.0,1438370465.0,621663715.0,0.0,0.0,,0.0,0.0,0.0
2023-11-14,50.0,0.0,0.0,50.0,50.0,50.0,0.0,300.0,15000.0,2.0,40.7,50.0,4659100.0,0.0,0.0,1438370465.0,1438370465.0,621663715.0,0.0,0.0,,0.0,0.0,0.0
2023-11-15,50.0,0.0,0.0,50.0,50.0,50.0,0.0,22000.0,1100000.0,2.0,40.7,50.0,4565100.0,0.0,0.0,1438370465.0,1438370465.0,621663715.0,0.0,0.0,,0.0,0.0,0.0
2023-11-16,50.0,0.0,0.0,0.0,0.0,50.0,0.0,0.0,0.0,0.0,40.7,50.0,4092300.0,0.0,0.0,1438370465.0,1438370465.0,621663715.0,0.0,0.0,,0.0,0.0,0.0
2023-11-17,50.0,0.0,0.0,50.0,50.0,50.0,0.0,2700.0,135000.0,4.0,40.7,50.0,4276900.0,0.0,0.0,1438370465.0,1438370465.0,621663715.0,0.0,0.0,,0.0,0.0,0.0
2023-11-20,50.0,0.0,0.0,50.0,50.0,50.0,0.0,27400.0,1370000.0,4.0,40.7,50.0,5298200.0,0.0,0.0,1438370465.0,1438370465.0,621663715.0,0.0,0.0,,0.0,0.0,0.0
2023-11-21,50.0,0.0,0.0,50.0,50.0,50.0,0.0,700.0,35000.0,2.0,40.7,50.0,4095600.0,0.0,0.0,1438370465.0,1438370465.0,621663715.0,0.0,0.0,,0.0,0.0,0.0
2023-11-22,50.0,0.0,0.0,50.0,50.0,50.0,0.0,1200.0,60000.0,1.0,40.7,50.0,2522000.0,0.0,0.0,1438370465.0,1438370465.0,621663715.0,0.0,0.0,,0.0,0.0,0.0
2023-11-23,50.0,0.0,0.0,50.0,50.0,50.0,0.0,4100.0,205000.0,5.0,40.7,50.0,3229200.0,0.0,0.0,1438370465.0,1438370465.0,621663715.0,0.0,0.0,,0.0,0.0,0.0
2023-11-24,50.0,0.0,0.0,50.0,50.0,50.0,0.0,32500.0,1625000.0,5.0,40.7,50.0,3694300.0,0.0,0.0,1438370465.0,1438370465.0,621663715.0,0.0,0.0,,0.0,0.0,0.0
2023-11-27,50.0,0.0,0.0,50.0,50.0,50.0,0.0,400.0,20000.0,2.0,40.7,50.0,3792600.0,0.0,0.0,1438370465.0,1438370465.0,621663715.0,0.0,0.0,,0.0,0.0,0.0
2023-11-28,50.0,0.0,0.0,50.0,50.0,50.0,0.0,100.0,5000.0,1.0,40.7,50.0,5582900.0,0.0,0.0,1438370465.0,1438370465.0,621663715.0,0.0,0.0,,0.0,0.0,0.0
2023-11-29,50.0,0.0,0.0,50.0,50.0,50.0,0.0,3900.0,195000.0,7.0,40.7,50.0,4168000.0,0.0,0.0,1438370465.0,1438370465.0,621663715.0,0.0,0.0,,0.0,0.0,0.0
2023-11-30,50.0,0.0,0.0,50.0,50.0,50.0,0.0,5300.0,265000.0,4.0,40.7,50.0,8859800.0,0.0,0.0,1438370465.0,1438370465.0,621663715.0,0.0,0.0,,0.0,0.0,0.0
2023-12-01,50.0,0.0,0.0,50.0,50.0,50.0,0.0,1900.0,95000.0,2.0,40.7,50.0,6618100.0,0.0,0.0,1438370465.0,1438370465.0,621663715.0,0.0,0.0,,0.0,0.0,0.0
2023-12-04,50.0,0.0,0.0,50.0,50.0,50.0,0.0,11100.0,555000.0,3.0,40.7,50.0,8999900.0,0.0,0.0,1438370465.0,1438370465.0,621663715.0,0.0,0.0,,0.0,0.0,0.0
2023-12-05,50.0,0.0,0.0,50.0,50.0,50.0,0.0,1200.0,60000.0,3.0,40.7,50.0,7120500.0,0.0,0.0,1438370465.0,1438370465.0,621663715.0,0.0,0.0,,0.0,0.0,0.0
2023-12-06,50.0,0.0,0.0,50.0,50.0,50.0,0.0,500.0,25000.0,3.0,40.7,50.0,7804400.0,0.0,0.0,1438370465.0,1438370465.0,621663715.0,0.0,0.0,,0.0,0.0,0.0
2023-12-07,50.0,0.0,0.0,50.0,50.0,50.0,0.0,100.0,5000.0,1.0,40.7,50.0,28549400.0,0.0,0.0,1438370465.0,1438370465.0,621663715.0,0.0,0.0,,0.0,0.0,0.0
2023-12-08,50.0,0.0,0.0,50.0,50.0,50.0,0.0,1100.0,55000.0,2.0,40.7,50.0,8734900.0,0.0,0.0,1438370465.0,1438370465.0,621663715.0,0.0,0.0,,0.0,0.0,0.0
2023-12-11,50.0,0.0,0.0,50.0,50.0,50.0,0.0,300.0,15000.0,2.0,40.7,50.0,9812900.0,0.0,0.0,1438370465.0,1438370465.0,621663715.0,0.0,0.0,,30000.0,750000.0,1.0
2023-12-12,50.0,0.0,0.0,50.0,50.0,50.0,0.0,200.0,10000.0,2.0,40.7,50.0,8892200.0,0.0,0.0,1438370465.0,1438370465.0,621663715.0,0.0,0.0,,0.0,0.0,0.0
2023-12-13,50.0,0.0,0.0,0.0,0.0,50.0,0.0,0.0,0.0,0.0,40.7,50.0,9426200.0,0.0,0.0,1438370465.0,1438370465.0,621663715.0,0.0,0.0,,0.0,0.0,0.0
2023-12-14,50.0,0.0,0.0,0.0,0.0,50.0,0.0,0.0,0.0,0.0,40.7,50.0,8092400.0,0.0,0.0,1438370465.0,1438370465.0,621663715.0,0.0,0.0,,0.0,0.0,0.0
2023-12-15,50.0,0.0,0.0,50.0,50.0,50.0,0.0,2300.0,115000.0,2.0,40.7,50.0,9066600.0,0.0,0.0,1438370465.0,1438370465.0,621663715.0,0.0,0.0,,0.0,0.0,0.0
2023-12-18,50.0,0.0,0.0,50.0,50.0,50.0,0.0,5200.0,260000.0,3.0,40.7,50.0,8452400.0,0.0,0.0,1438370465.0,1438370465.0,621663715.0,0.0,0.0,,0.0,0.0,0.0
2023-12-19,50.0,0.0,0.0,50.0,50.0,50.0,0.0,1100.0,55000.0,2.0,40.7,50.0,11634500.0,0.0,0.0,1438370465.0,1438370465.0,621663715.0,0.0,0.0,,0.0,0.0,0.0
2023-12-20,50.0,0.0,0.0,0.0,0.0,50.0,0.0,0.0,0.0,0.0,40.7,50.0,9898700.0,0.0,0.0,1438370465.0,1438370465.0,621663715.0,0.0,0.0,,0.0,0.0,0.0
2023-12-21,50.0,0.0,0.0,50.0,50.0,50.0,0.0,700.0,35000.0,7.0,40.7,50.0,10541000.0,0.0,0.0,1438370465.0,1438370465.0,621663715.0,0.0,0.0,,0.0,0.0,0.0
2023-12-22,50.0,0.0,0.0,50.0,50.0,50.0,0.0,30000.0,1500000.0,1.0,40.7,50.0,10490900.0,0.0,0.0,1438370465.0,1438370465.0,621663715.0,0.0,0.0,,30600.0,765000.0,1.0
2023-12-27,50.0,0.0,0.0,0.0,0.0,50.0,0.0,0.0,0.0,0.0,40.7,50.0,12698200.0,0.0,0.0,1438370465.0,1438370465.0,621663715.0,0.0,0.0,,0.0,0.0,0.0
2023-12-28,50.0,0.0,0.0,0.0,0.0,50.0,0.0,0.0,0.0,0.0,40.7,50.0,11933100.0,0.0,0.0,1438370465.0,1438370465.0,621663715.0,0.0,0.0,,0.0,0.0,0.0
2023-12-29,50.0,0.0,0.0,50.0,50.0,50.0,0.0,1100.0,55000.0,2.0,40.7,50.0,14458400.0,0.0,0.0,1438370465.0,1438370465.0,621663715.0,0.0,0.0,,0.0,0.0,0.0
2024-01-02,50.0,0.0,0.0,50.0,50.0,50.0,0.0,200.0,10000.0,1.0,40.7,50.0,13054000.0,0.0,0.0,1438370465.0,1438370465.0,621663715.0,0.0,0.0,,30000.0,1500000.0,1.0
2024-01-03,50.0,0.0,0.0,0.0,0.0,50.0,0.0,0.0,0.0,0.0,40.7,50.0,14797600.0,0.0,0.0,1438370465.0,1438370465.0,621663715.0,0.0,0.0,,0.0,0.0,0.0
2024-01-04,50.0,0.0,0.0,0.0,0.0,50.0,0.0,0.0,0.0,0.0,40.7,50.0,14394500.0,0.0,0.0,1438370465.0,1438370465.0,621663715.0,0.0,0.0,,0.0,0.0,0.0
2024-01-05,50.0,0.0,0.0,0.0,0.0,50.0,0.0,0.0,0.0,0.0,40.7,50.0,14229800.0,0.0,0.0,1438370465.0,1438370465.0,621663715.0,0.0,0.0,,0.0,0.0,0.0
2024-01-08,50.0,0.0,0.0,0.0,0.0,50.0,0.0,0.0,0.0,0.0,40.7,50.0,10801600.0,0.0,0.0,1438370465.0,1438370465.0,621663715.0,0.0,0.0,,0.0,0.0,0.0
2024-01-09,50.0,0.0,0.0,50.0,50.0,50.0,0.0,9300.0,465000.0,5.0,40.7,50.0,10051800.0,0.0,0.0,1438370465.0,1438370465.0,621663715.0,0.0,0.0,,0.0,0.0,0.0
2024-01-10,50.0,0.0,0.0,50.0,50.0,50.0,0.0,21000.0,1050000.0,3.0,40.7,50.0,8629400.0,0.0,0.0,1438370465.0,1438370465.0,621663715.0,0.0,0.0,,0.0,0.0,0.0
2024-01-11,50.0,0.0,0.0,50.0,50.0,50.0,0.0,12500.0,625000.0,1.0,40.7,50.0,11083400.0,0.0,0.0,1438370465.0,1438370465.0,621663715.0,0.0,0.0,,0.0,0.0,0.0
2024-01-12,50.0,0.0,0.0,50.0,50.0,50.0,0.0,300.0,15000.0,1.0,40.7,50.0,12422400.0,0.0,0.0,1438370465.0,1438370465.0,621663715.0,0.0,0.0,,0.0,0.0,0.0
2024-01-15,50.0,0.0,0.0,50.0,50.0,50.0,0.0,400.0,20000.0,3.0,40.7,50.0,11052700.0,0.0,0.0,1438370465.0,1438370465.0,621663715.0,0.0,0.0,,0.0,0.0,0.0
2024-01-16,50.0,0.0,0.0,0.0,0.0,50.0,0.0,0.0,0.0,0.0,40.7,50.0,9895100.0,0.0,0.0,1438370465.0,1438370465.0,621663715.0,0.0,0.0,,0.0,0.0,0.0
2024-01-17,50.0,0.0,0.0,50.0,50.0,50.0,0.0,200.0,10000.0,1.0,40.7,50.0,10186900.0,0.0,0.0,1438370465.0,1438370465.0,621663715.0,0.0,0.0,,0.0,0.0,0.0
2024-01-18,50.0,0.0,0.0,0.0,0.0,50.0,0.0,0.0,0.0,0.0,40.7,50.0,10787900.0,0.0,0.0,1438370465.0,1438370465.0,621663715.0,0.0,0.0,,0.0,0.0,0.0
2024-01-19,50.0,0.0,0.0,50.0,50.0,50.0,0.0,1100.0,55000.0,2.0,40.7,50.0,9937300.0,0.0,0.0,1438370465.0,1438370465.0,621663715.0,0.0,0.0,,0.0,0.0,0.0
2024-01-22,50.0,0.0,0.0,50.0,50.0,50.0,0.0,900.0,45000.0,1.0,40.7,50.0,10499000.0,0.0,0.0,1438370465.0,1438370465.0,621663715.0,0.0,0.0,,0.0,0.0,0.0
2024-01-23,50.0,0.0,0.0,0.0,0.0,50.0,0.0,0.0,0.0,0.0,40.7,50.0,12522900.0,0.0,0.0,1438370465.0,1438370465.0,621663715.0,0.0,0.0,,0.0,0.0,0.0
2024-01-24,50.0,0.0,0.0,50.0,50.0,50.0,0.0,200.0,10000.0,1.0,40.7,50.0,12898100.0,0.0,0.0,1438370465.0,1438370465.0,621663715.0,0.0,0.0,,0.0,0.0,0.0
2024-01-25,50.0,0.0,0.0,50.0,50.0,50.0,0.0,10100.0,505000.0,2.0,40.7,50.0,9877000.0,0.0,0.0,1438370465.0,1438370465.0,621663715.0,0.0,0.0,,0.0,0.0,0.0
2024-01-26,50.0,0.0,0.0,50.0,50.0,50.0,0.0,800.0,40000.0,1.0,40.7,50.0,10029700.0,0.0,0.0,1438370465.0,1438370465.0,621663715.0,0.0,0.0,,0.0,0.0,0.0
2024-01-29,50.0,0.0,0.0,50.0,50.0,50.0,0.0,2600.0,130000.0,3.0,40.7,50.0,10236800.0,0.0,0.0,1438370465.0,1438370465.0,621663715.0,0.0,0.0,,0.0,0.0,0.0
2024-01-30,50.0,0.0,0.0,50.0,50.0,50.0,0.0,1400.0,70000.0,1.0,40.7,50.0,10720300.0,0.0,0.0,1438370465.0,1438370465.0,621663715.0,0.0,0.0,,0.0,0.0,0.0
2024-01-31,50.0,0.0,0.0,0.0,0.0,50.0,0.0,0.0,0.0,0.0,40.7,50.0,10089000.0,0.0,0.0,1438370465.0,1438370465.0,621663715.0,0.0,0.0,,0.0,0.0,0.0
2024-02-01,50.0,0.0,0.0,0.0,0.0,50.0,0.0,0.0,0.0,0.0,40.7,50.0,9517700.0,0.0,0.0,1438370465.0,1438370465.0,621663715.0,0.0,0.0,,0.0,0.0,0.0
2024-02-02,50.0,0.0,0.0,0.0,0.0,50.0,0.0,0.0,0.0,0.0,40.7,50.0,11958300.0,0.0,0.0,1438370465.0,1438370465.0,621663715.0,0.0,0.0,,0.0,0.0,0.0
2024-02-05,50.0,0.0,0.0,50.0,50.0,50.0,0.0,200.0,10000.0,2.0,40.7,50.0,10382400.0,0.0,0.0,1438370465.0,1438370465.0,621663715.0,0.0,0.0,,0.0,0.0,0.0
2024-02-06,50.0,0.0,0.0,50.0,50.0,50.0,0.0,1000.0,50000.0,1.0,40.7,50.0,10274000.0,0.0,0.0,1438370465.0,1438370465.0,621663715.0,0.0,0.0,,0.0,0.0,0.0
2024-02-07,50.0,0.0,0.0,50.0,50.0,50.0,0.0,2500.0,125000.0,2.0,40.7,50.0,9606000.0,0.0,0.0,1438370465.0,1438370465.0,621663715.0,0.0,0.0,,0.0,0.0,0.0
2024-02-12,50.0,0.0,0.0,0.0,0.0,50.0,0.0,0.0,0.0,0.0,40.7,50.0,9857500.0,0.0,0.0,1438370465.0,1438370465.0,621663715.0,0.0,0.0,,0.0,0.0,0.0
2024-02-13,50.0,0.0,0.0,50.0,50.0,50.0,0.0,1200.0,60000.0,1.0,40.7,50.0,10265600.0,0.0,0.0,1438370465.0,1438370465.0,621663715.0,0.0,0.0,,0.0,0.0,0.0
2024-02-15,50.0,0.0,0.0,0.0,0.0,50.0,0.0,0.0,0.0,0.0,40.7,50.0,11255700.0,0.0,0.0,1438370465.0,1438370465.0,621663715.0,0.0,0.0,,0.0,0.0,0.0
2024-02-16,50.0,0.0,0.0,50.0,50.0,50.0,0.0,1000.0,50000.0,1.0,40.7,50.0,9461500.0,0.0,0.0,1438370465.0,1438370465.0,621663715.0,0.0,0.0,,0.0,0.0,0.0
2024-02-19,50.0,0.0,0.0,50.0,50.0,50.0,0.0,14300.0,715000.0,6.0,40.7,50.0,8734800.0,0.0,0.0,1438370465.0,1438370465.0,621663715.0,0.0,0.0,,0.0,0.0,0.0
2024-02-20,50.0,0.0,0.0,50.0,50.0,50.0,0.0,300.0,15000.0,3.0,40.7,50.0,9334700.0,0.0,0.0,1438370465.0,1438370465.0,621663715.0,0.0,0.0,,0.0,0.0,0.0
2024-02-21,50.0,0.0,0.0,50.0,50.0,50.0,0.0,100.0,5000.0,1.0,40.7,50.0,9777800.0,0.0,0.0,1438370465.0,1438370465.0,621663715.0,0.0,0.0,,0.0,0.0,0.0
2024-02-22,50.0,0.0,0.0,50.0,50.0,50.0,0.0,2100.0,105000.0,5.0,40.7,50.0,10415500.0,0.0,0.0,1438370465.0,1438370465.0,621663715.0,0.0,0.0,,0.0,0.0,0.0
2024-02-23,50.0,0.0,0.0,50.0,50.0,50.0,0.0,2400.0,120000.0,5.0,40.7,50.0,9384700.0,0.0,0.0,1438370465.0,1438370465.0,621663715.0,0.0,0.0,,0.0,0.0,0.0
2024-02-26,50.0,0.0,0.0,50.0,50.0,50.0,0.0,500.0,25000.0,4.0,40.7,50.0,6809200.0,0.0,0.0,1438370465.0,1438370465.0,621663715.0,0.0,0.0,,0.0,0.0,0.0
2024-02-27,50.0,0.0,0.0,0.0,0.0,50.0,0.0,0.0,0.0,0.0,40.7,50.0,9800100.0,0.0,0.0,1438370465.0,1438370465.0,621663715.0,0.0,0.0,,0.0,0.0,0.0
2024-02-28,50.0,0.0,0.0,0.0,0.0,50.0,0.0,0.0,0.0,0.0,40.7,50.0,9480400.0,0.0,0.0,1438370465.0,1438370465.0,621663715.0,0.0,0.0,,0.0,0.0,0.0
2024-02-29,50.0,0.0,0.0,0.0,0.0,50.0,0.0,0.0,0.0,0.0,40.7,50.0,11451300.0,0.0,0.0,1438370465.0,1438370465.0,621663715.0,0.0,0.0,,0.0,0.0,0.0
2024-03-01,50.0,0.0,0.0,50.0,50.0,50.0,0.0,1100.0,55000.0,2.0,40.7,50.0,11657500.0,0.0,0.0,1438370465.0,1438370465.0,621663715.0,0.0,0.0,,0.0,0.0,0.0
2024-03-04,50.0,0.0,0.0,50.0,50.0,50.0,0.0,100.0,5000.0,1.0,40.7,50.0,10545400.0,0.0,0.0,1438370465.0,1438370465.0,621663715.0,0.0,0.0,,0.0,0.0,0.0
2024-03-05,50.0,0.0,0.0,0.0,0.0,50.0,0.0,0.0,0.0,0.0,40.7,50.0,9667700.0,0.0,0.0,1438370465.0,1438370465.0,621663715.0,0.0,0.0,,0.0,0.0,0.0
2024-03-06,50.0,0.0,0.0,50.0,50.0,50.0,0.0,1000.0,50000.0,1.0,40.7,50.0,9383900.0,0.0,0.0,1438370465.0,1438370465.0,621663715.0,0.0,0.0,,0.0,0.0,0.0
2024-03-07,50.0,0.0,0.0,50.0,50.0,50.0,0.0,100.0,5000.0,1.0,40.7,50.0,10570600.0,0.0,0.0,1438370465.0,1438370465.0,621663715.0,0.0,0.0,,0.0,0.0,0.0
2024-03-08,50.0,0.0,0.0,50.0,50.0,50.0,0.0,100000.0,5000000.0,3.0,40.7,50.0,9583400.0,0.0,0.0,1438370465.0,1438370465.0,621663715.0,0.0,0.0,,0.0,0.0,0.0
2024-03-13,50.0,0.0,0.0,50.0,50.0,50.0,0.0,1400.0,70000.0,10.0,40.7,50.0,11283600.0,0.0,0.0,1438370465.0,1438370465.0,621663715.0,0.0,0.0,,0.0,0.0,0.0
2024-03-14,50.0,0.0,0.0,50.0,50.0,50.0,0.0,7600.0,380000.0,4.0,40.7,50.0,9914000.0,0.0,0.0,1438370465.0,1438370465.0,621663715.0,0.0,0.0,,0.0,0.0,0.0
2024-03-15,50.0,0.0,0.0,50.0,50.0,50.0,0.0,400.0,20000.0,4.0,40.7,50.0,8457500.0,0.0,0.0,1438370465.0,1438370465.0,621663715.0,0.0,0.0,,0.0,0.0,0.0
2024-03-18,50.0,0.0,0.0,50.0,50.0,50.0,0.0,10000.0,500000.0,1.0,40.7,50.0,8459100.0,0.0,0.0,1438370465.0,1438370465.0,621663715.0,0.0,0.0,,0.0,0.0,0.0
2024-03-19,50.0,0.0,0.0,50.0,50.0,50.0,0.0,100.0,5000.0,1.0,40.7,50.0,9356800.0,0.0,0.0,1438370465.0,1438370465.0,621663715.0,0.0,0.0,,0.0,0.0,0.0
2024-03-20,50.0,0.0,0.0,0.0,0.0,50.0,0.0,0.0,0.0,0.0,40.7,50.0,12663000.0,0.0,0.0,1438370465.0,1438370465.0,621663715.0,0.0,0.0,,0.0,0.0,0.0
2024-03-21,50.0,0.0,0.0,0.0,0.0,50.0,0.0,0.0,0.0,0.0,40.7,50.0,11553600.0,0.0,0.0,1438370465.0,1438370465.0,621663715.0,0.0,0.0,,0.0,0.0,0.0
2024-03-22,50.0,0.0,0.0,50.0,50.0,50.0,0.0,500.0,25000.0,2.0,40.7,50.0,13910200.0,0.0,0.0,1438370465.0,1438370465.0,621663715.0,0.0,0.0,,0.0,0.0,0.0
2024-03-25,50.0,0.0,0.0,45.0,45.0,45.0,-5.0,100700.0,4531500.0,8.0,36.6,45.0,19230300.0,0.0,0.0,1438370465.0,1438370465.0,621663715.0,0.0,0.0,,0.0,0.0,0.0
2024-03-26,45.0,0.0,0.0,41.0,41.0,41.0,-4.0,14900.0,610900.0,14.0,33.3,41.0,35701100.0,0.0,0.0,1438370465.0,1438370465.0,621663715.0,0.0,0.0,,0.0,0.0,0.0
2024-03-27,41.0,0.0,0.0,37.0,37.0,37.0,-4.0,104100.0,3851700.0,13.0,30.1,37.0,27444800.0,0.0,0.0,1438370465.0,1438370465.0,621663715.0,0.0,0.0,,0.0,0.0,0.0
2024-03-28,37.0,0.0,0.0,34.0,34.0,34.0,-3.0,52400.0,1781600.0,10.0,27.6,34.0,22568400.0,0.0,0.0,1438370465.0,1438370465.0,621663715.0,0.0,0.0,,0.0,0.0,0.0
2024-04-01,34.0,0.0,0.0,31.0,31.0,31.0,-3.0,230100.0,7133100.0,10.0,25.2,31.0,18646300.0,0.0,0.0,1438370465.0,1438370465.0,621663715.0,0.0,0.0,,0.0,0.0,0.0
2024-04-02,31.0,0.0,0.0,28.0,28.0,28.0,-3.0,207700.0,5815600.0,20.0,22.8,28.0,13653600.0,0.0,0.0,1438370465.0,1438370465.0,621663715.0,0.0,0.0,,0.0,0.0,0.0
2024-04-03,28.0,0.0,0.0,26.0,26.0,26.0,-2.0,347800.0,9042800.0,22.0,21.1,26.0,13570100.0,0.0,0.0,1438370465.0,1438370465.0,621663715.0,0.0,50000.0,,0.0,0.0,0.0
2024-04-04,26.0,0.0,0.0,24.0,24.0,24.0,-2.0,668900.0,16053600.0,24.0,19.5,24.0,15198200.0,0.0,0.0,1438370465.0,1438370465.0,621663715.0,0.0,0.0,,0.0,0.0,0.0
2024-04-05,24.0,0.0,0.0,22.0,22.0,22.0,-2.0,276000.0,6072000.0,10.0,17.9,22.0,13962000.0,0.0,0.0,1438370465.0,1438370465.0,621663715.0,0.0,50000.0,,0.0,0.0,0.0
2024-04-16,22.0,0.0,0.0,20.0,20.0,20.0,-2.0,261800.0,5236000.0,18.0,16.3,20.0,8008600.0,0.0,0.0,1438370465.0,1438370465.0,621663715.0,0.0,0.0,,0.0,0.0,0.0
2024-04-17,20.0,0.0,0.0,18.0,18.0,18.0,-2.0,378000.0,6804000.0,15.0,14.6,18.0,12380000.0,0.0,0.0,1438370465.0,1438370465.0,621663715.0,0.0,0.0,,0.0,0.0,0.0
2024-04-18,18.0,0.0,0.0,17.0,17.0,17.0,-1.0,377100.0,6410700.0,22.0,13.8,17.0,11045500.0,0.0,0.0,1438370465.0,1438370465.0,621663715.0,0.0,0.0,,0.0,0.0,0.0
2024-04-19,17.0,0.0,0.0,16.0,16.0,16.0,-1.0,2918300.0,46692800.0,48.0,13.0,16.0,6670900.0,0.0,0.0,1438370465.0,1438370465.0,621663715.0,0.0,50000.0,,0.0,0.0,0.0
2024-04-22,16.0,0.0,0.0,15.0,15.0,15.0,-1.0,6342100.0,95131500.0,95.0,12.2,15.0,716500.0,0.0,0.0,1438370465.0,1438370465.0,621663715.0,0.0,0.0,,0.0,0.0,0.0
2024-04-23,15.0,0.0,0.0,14.0,14.0,14.0,-1.0,1288000.0,18032000.0,43.0,11.4,14.0,2497900.0,0.0,0.0,1438370465.0,1438370465.0,621663715.0,0.0,0.0,,0.0,0.0,0.0
2024-04-24,14.0,0.0,0.0,13.0,13.0,13.0,-1.0,620400.0,8065200.0,28.0,10.6,13.0,2787600.0,0.0,0.0,1438370465.0,1438370465.0,621663715.0,0.0,0.0,,0.0,0.0,0.0
2024-04-25,13.0,0.0,0.0,13.0,12.0,13.0,0.0,4810500.0,58349200.0,83.0,10.6,14.0,10000.0,13.0,126000.0,1438370465.0,1438370465.0,621663715.0,0.0,0.0,,0.0,0.0,0.0
2024-04-26,13.0,0.0,0.0,14.0,14.0,14.0,1.0,2072600.0,29016400.0,79.0,11.4,0.0,0.0,14.0,1215900.0,1438370465.0,1438370465.0,621663715.0,0.0,0.0,,0.0,0.0,0.0
2024-04-29,14.0,0.0,0.0,15.0,14.0,15.0,1.0,1692900.0,25331500.0,73.0,12.2,0.0,0.0,15.0,1600.0,1438370465.0,1438370465.0,621663715.0,155000.0,0.0,,0.0,0.0,0.0
2024-04-30,15.0,0.0,0.0,14.0,14.0,14.0,-1.0,1892000.0,26488000.0,47.0,11.4,14.0,596400.0,0.0,0.0,1438370465.0,1438370465.0,621663715.0,0.0,0.0,,0.0,0.0,0.0
2024-05-02,14.0,0.0,0.0,14.0,13.0,13.0,-1.0,1008100.0,13624500.0,31.0,10.6,13.0,768300.0,0.0,0.0,1438370465.0,1438370465.0,621663715.0,0.0,0.0,,0.0,0.0,0.0
2024-05-03,13.0,0.0,0.0,13.0,12.0,13.0,0.0,3402600.0,40831300.0,35.0,10.6,13.0,35100.0,12.0,10672500.0,1438370465.0,1438370465.0,621663715.0,0.0,0.0,,0.0,0.0,0.0
2024-05-06,13.0,0.0,0.0,13.0,12.0,13.0,0.0,411300.0,4976500.0,31.0,10.6,13.0,196700.0,12.0,245300.0,1438370465.0,1438370465.0,621663715.0,0.0,0.0,,0.0,0.0,0.0
2024-05-07,13.0,0.0,0.0,13.0,12.0,12.0,-1.0,303900.0,3666800.0,19.0,9.8,13.0,10000.0,12.0,481500.0,1438370465.0,1438370465.0,621663715.0,0.0,0.0,,0.0,0.0,0.0
2024-05-08,12.0,0.0,0.0,13.0,12.0,13.0,1.0,749400.0,8992900.0,26.0,10.6,13.0,44100.0,12.0,4467400.0,1438370465.0,1438370465.0,621663715.0,0.0,0.0,,0.0,0.0,0.0
2024-05-13,13.0,0.0,0.0,13.0,13.0,13.0,0.0,165400.0,2150200.0,18.0,10.6,13.0,882000.0,12.0,370900.0,1438370465.0,1438370465.0,621663715.0,0.0,0.0,,0.0,0.0,0.0
2024-05-14,13.0,0.0,0.0,13.0,13.0,13.0,0.0,2175100.0,28276300.0,31.0,10.6,13.0,251100.0,12.0,315600.0,1438370465.0,1438370465.0,621663715.0,0.0,0.0,,0.0,0.0,0.0
2024-05-15,13.0,0.0,0.0,13.0,13.0,13.0,0.0,198600.0,2581800.0,25.0,10.6,13.0,528000.0,12.0,323100.0,1438370465.0,1438370465.0,621663715.0,0.0,0.0,,0.0,0.0,0.0
2024-05-16,13.0,0.0,0.0,13.0,13.0,13.0,0.0,391900.0,5094700.0,18.0,10.6,13.0,1034500.0,12.0,708500.0,1438370465.0,1438370465.0,621663715.0,0.0,0.0,,0.0,0.0,0.0
2024-05-17,13.0,0.0,0.0,13.0,12.0,13.0,0.0,292100.0,3522600.0,15.0,10.6,13.0,336700.0,12.0,1034500.0,1438370465.0,1438370465.0,621663715.0,0.0,0.0,,0.0,0.0,0.0
2024-05-20,13.0,0.0,0.0,13.0,12.0,13.0,0.0,263200.0,3179600.0,20.0,10.6,13.0,220800.0,12.0,764400.0,1438370465.0,1438370465.0,621663715.0,0.0,0.0,,0.0,0.0,0.0
2024-05-21,13.0,0.0,0.0,13.0,12.0,13.0,0.0,722600.0,8677100.0,29.0,10.6,13.0,428300.0,12.0,1448700.0,1438370465.0,1438370465.0,621663715.0,0.0,0.0,,0.0,0.0,0.0
2024-05-22,13.0,0.0,0.0,13.0,12.0,13.0,0.0,466800.0,5811000.0,22.0,10.6,13.0,244400.0,12.0,1656500.0,1438370465.0,1438370465.0,621663715.0,0.0,0.0,,0.0,0.0,0.0
2024-05-27,13.0,0.0,0.0,12.0,12.0,12.0,-1.0,1395800.0,16749600.0,23.0,9.8,13.0,192000.0,12.0,1720200.0,1438370465.0,1438370465.0,621663715.0,0.0,0.0,,0.0,0.0,0.0
2024-05-28,12.0,0.0,0.0,13.0,12.0,13.0,1.0,282300.0,3388200.0,32.0,10.6,13.0,637700.0,12.0,555300.0,1438370465.0,1438370465.0,621663715.0,0.0,0.0,,0.0,0.0,0.0
2024-05-29,13.0,0.0,0.0,13.0,12.0,12.0,-1.0,667800.0,8364500.0,21.0,9.8,13.0,582100.0,12.0,1292300.0,1438370465.0,1438370465.0,621663715.0,0.0,0.0,,0.0,0.0,0.0
2024-05-30,12.0,0.0,0.0,12.0,12.0,12.0,0.0,906400.0,10876800.0,26.0,9.8,12.0,982300.0,11.0,1312100.0,1438370465.0,1438370465.0,621663715.0,0.0,0.0,,0.0,0.0,0.0
2024-05-31,12.0,0.0,0.0,12.0,12.0,12.0,0.0,570600.0,6847200.0,25.0,9.8,12.0,312700.0,11.0,1457000.0,1438370465.0,1438370465.0,621663715.0,0.0,0.0,,0.0,0.0,0.0
2024-06-03,12.0,0.0,0.0,12.0,11.0,11.0,-1.0,145400.0,1684500.0,17.0,8.9,12.0,309900.0,11.0,1930800.0,1438370465.0,1438370465.0,621663715.0,0.0,0.0,,0.0,0.0,0.0
2024-06-04,11.0,0.0,0.0,12.0,11.0,11.0,0.0,227700.0,2505500.0,15.0,8.9,12.0,561200.0,11.0,696600.0,1438370465.0,1438370465.0,621663715.0,0.0,0.0,,0.0,0.0,0.0
2024-06-05,11.0,0.0,0.0,11.0,11.0,11.0,0.0,699300.0,7692300.0,44.0,8.9,11.0,16700.0,10.0,1140100.0,1438370465.0,1438370465.0,621663715.0,0.0,0.0,,0.0,0.0,0.0
2024-06-06,11.0,0.0,0.0,11.0,11.0,11.0,0.0,216300.0,2379300.0,22.0,8.9,12.0,383700.0,11.0,53700.0,1438370465.0,1438370465.0,621663715.0,0.0,0.0,,0.0,0.0,0.0
2024-06-07,11.0,0.0,0.0,11.0,10.0,11.0,0.0,381400.0,4045500.0,34.0,8.9,12.0,494700.0,11.0,375300.0,1438370465.0,1438370465.0,621663715.0,0.0,0.0,,0.0,0.0,0.0
2024-06-10,11.0,0.0,0.0,12.0,11.0,12.0,1.0,53700.0,590900.0,12.0,9.8,12.0,234500.0,11.0,4967300.0,1438370465.0,1438370465.0,621663715.0,0.0,0.0,,0.0,0.0,0.0
2024-06-11,12.0,0.0,0.0,13.0,12.0,13.0,1.0,1055600.0,13165800.0,23.0,10.6,13.0,576900.0,12.0,5300.0,1438370465.0,1438370465.0,621663715.0,0.0,0.0,,0.0,0.0,0.0
2024-06-12,13.0,0.0,0.0,12.0,12.0,12.0,-1.0,1141800.0,13701600.0,27.0,9.8,13.0,82300.0,12.0,1027300.0,1438370465.0,1438370465.0,621663715.0,0.0,0.0,,0.0,0.0,0.0
2024-06-13,12.0,0.0,0.0,13.0,12.0,13.0,1.0,2627800.0,34140200.0,37.0,10.6,0.0,0.0,13.0,736700.0,1438370465.0,1438370465.0,621663715.0,0.0,0.0,,0.0,0.0,0.0
2024-06-14,13.0,0.0,0.0,14.0,13.0,14.0,1.0,1701200.0,23480100.0,25.0,11.4,14.0,1460100.0,13.0,905500.0,1438370465.0,1438370465.0,621663715.0,0.0,0.0,,0.0,0.0,0.0
2024-06-19,14.0,0.0,0.0,15.0,14.0,14.0,0.0,1421000.0,19944800.0,64.0,11.4,14.0,855700.0,13.0,2274100.0,1438370465.0,1438370465.0,621663715.0,0.0,0.0,,0.0,0.0,0.0
2024-06-20,14.0,0.0,0.0,14.0,13.0,14.0,0.0,343100.0,4460400.0,13.0,11.4,14.0,484300.0,13.0,2042800.0,1438370465.0,1438370465.0,621663715.0,0.0,0.0,,0.0,0.0,0.0
2024-06-21,14.0,0.0,0.0,14.0,14.0,14.0,0.0,169900.0,2378600.0,13.0,11.4,14.0,263300.0,13.0,1668200.0,1438370465.0,1438370465.0,621663715.0,0.0,0.0,,0.0,0.0,0.0
2024-06-24,14.0,0.0,0.0,14.0,13.0,14.0,0.0,620600.0,8598300.0,22.0,11.4,14.0,1775800.0,13.0,2218000.0,1438370465.0,1438370465.0,621663715.0,0.0,0.0,,0.0,0.0,0.0
2024-06-25,14.0,0.0,0.0,14.0,14.0,14.0,0.0,227900.0,3190600.0,19.0,11.4,14.0,1911500.0,13.0,1778000.0,1438370465.0,1438370465.0,621663715.0,0.0,0.0,,0.0,0.0,0.0
2024-06-26,14.0,0.0,0.0,14.0,13.0,13.0,-1.0,424400.0,5767300.0,16.0,10.6,14.0,483400.0,13.0,781700.0,1438370465.0,1438370465.0,621663715.0,0.0,0.0,,0.0,0.0,0.0
2024-06-27,13.0,0.0,0.0,13.0,13.0,13.0,0.0,286200.0,3720600.0,23.0,10.6,13.0,208900.0,12.0,1634800.0,1438370465.0,1438370465.0,621663715.0,0.0,0.0,,0.0,0.0,0.0
2024-06-28,13.0,0.0,0.0,13.0,13.0,13.0,0.0,116600.0,1515800.0,11.0,10.6,14.0,155700.0,13.0,124200.0,1438370465.0,1438370465.0,621663715.0,0.0,0.0,,0.0,0.0,0.0
2024-07-01,13.0,0.0,0.0,13.0,12.0,12.0,-1.0,1884500.0,22649100.0,24.0,9.8,13.0,228000.0,12.0,332100.0,1438370465.0,1438370465.0,612170470.0,0.0,0.0,,0.0,0.0,0.0
2024-07-02,12.0,0.0,0.0,12.0,11.0,12.0,0.0,220600.0,2516900.0,20.0,9.8,12.0,36200.0,11.0,2180800.0,1438370465.0,1438370465.0,612170470.0,0.0,0.0,,0.0,0.0,0.0
2024-07-03,12.0,0.0,0.0,12.0,11.0,12.0,0.0,33400.0,385900.0,15.0,9.8,12.0,118100.0,11.0,1766700.0,1438370465.0,1438370465.0,612170470.0,0.0,0.0,,0.0,0.0,0.0
2024-07-04,12.0,0.0,0.0,13.0,12.0,13.0,1.0,264000.0,3168100.0,16.0,10.6,13.0,743400.0,12.0,214100.0,1438370465.0,1438370465.0,612170470.0,0.0,0.0,,0.0,0.0,0.0
2024-07-05,13.0,0.0,0.0,13.0,12.0,12.0,-1.0,739200.0,9509600.0,19.0,9.8,13.0,474400.0,12.0,176400.0,1438370465.0,1438370465.0,612170470.0,0.0,0.0,,0.0,0.0,0.0
2024-07-08,12.0,0.0,0.0,13.0,11.0,13.0,1.0,188000.0,2192200.0,23.0,10.6,13.0,771200.0,12.0,878600.0,1438370465.0,1438370465.0,612170470.0,0.0,0.0,,0.0,0.0,0.0
2024-07-09,13.0,0.0,0.0,13.0,12.0,12.0,-1.0,246100.0,2979300.0,16.0,9.8,13.0,112200.0,12.0,1061800.0,1438370465.0,1438370465.0,612170470.0,0.0,0.0,,0.0,0.0,0.0
2024-07-10,12.0,0.0,0.0,13.0,12.0,13.0,1.0,1170800.0,15194100.0,22.0,10.6,0.0,0.0,13.0,2134500.0,1438370465.0,1438370465.0,612170470.0,0.0,0.0,,0.0,0.0,0.0
2024-07-11,13.0,0.0,0.0,14.0,13.0,14.0,1.0,234300.0,3055900.0,21.0,11.4,14.0,805000.0,13.0,695300.0,1438370465.0,1438370465.0,612170470.0,0.0,0.0,,0.0,0.0,0.0
2024-07-12,14.0,0.0,0.0,14.0,14.0,14.0,0.0,482300.0,6752200.0,19.0,11.4,14.0,553500.0,13.0,190100.0,1438370465.0,1438370465.0,612170470.0,0.0,0.0,,0.0,0.0,0.0
2024-07-15,14.0,0.0,0.0,14.0,14.0,14.0,0.0,749900.0,10498600.0,38.0,11.4,15.0,120600.0,14.0,1330000.0,1438370465.0,1438370465.0,612170470.0,0.0,0.0,,0.0,0.0,0.0
2024-07-16,14.0,0.0,0.0,15.0,14.0,15.0,1.0,1665400.0,24750900.0,32.0,12.2,0.0,0.0,15.0,1849100.0,1438370465.0,1438370465.0,612170470.0,0.0,0.0,,0.0,0.0,0.0
2024-07-17,15.0,0.0,0.0,16.0,15.0,16.0,1.0,183600.0,2929200.0,24.0,13.0,0.0,0.0,16.0,1638700.0,1438370465.0,1438370465.0,612170470.0,0.0,0.0,,0.0,0.0,0.0
2024-07-18,16.0,0.0,0.0,17.0,17.0,17.0,1.0,861400.0,14643800.0,32.0,13.8,0.0,0.0,17.0,1913100.0,1438370465.0,1438370465.0,612170470.0,0.0,0.0,,0.0,0.0,0.0
2024-07-19,17.0,0.0,0.0,18.0,18.0,18.0,1.0,886900.0,15964200.0,20.0,14.6,0.0,0.0,18.0,1315700.0,1438370465.0,1438370465.0,612170470.0,0.0,0.0,,0.0,0.0,0.0
2024-07-22,18.0,0.0,0.0,19.0,19.0,19.0,1.0,2248000.0,42712000.0,57.0,15.4,0.0,0.0,19.0,221000.0,1438370465.0,1438370465.0,612170470.0,0.0,0.0,,0.0,0.0,0.0
2024-07-23,19.0,0.0,0.0,19.0,19.0,19.0,0.0,729100.0,13852900.0,47.0,15.4,19.0,523000.0,18.0,407100.0,1438370465.0,1438370465.0,612170470.0,0.0,0.0,,0.0,0.0,0.0
2024-07-24,19.0,0.0,0.0,20.0,19.0,20.0,1.0,1358000.0,26552000.0,35.0,16.3,0.0,0.0,20.0,3110000.0,1438370465.0,1438370465.0,612170470.0,0.0,0.0,,0.0,0.0,0.0
2024-07-25,20.0,0.0,0.0,22.0,22.0,22.0,2.0,679200.0,14942400.0,57.0,17.9,22.0,1596400.0,21.0,217900.0,1438370465.0,1438370465.0,612170470.0,0.0,0.0,,0.0,0.0,0.0
2024-07-26,22.0,0.0,0.0,23.0,22.0,23.0,1.0,738300.0,16442600.0,39.0,18.7,23.0,11800.0,22.0,1007900.0,1438370465.0,1438370465.0,612170470.0,150000.0,0.0,,0.0,0.0,0.0
2024-07-29,23.0,0.0,0.0,23.0,21.0,21.0,-2.0,617500.0,13672000.0,34.0,17.1,21.0,433000.0,0.0,0.0,1438370465.0,1438370465.0,612170470.0,0.0,0.0,,0.0,0.0,0.0
2024-07-30,21.0,0.0,0.0,19.0,19.0,19.0,-2.0,1865900.0,35452100.0,56.0,15.4,19.0,1218600.0,0.0,0.0,1438370465.0,1438370465.0,612170470.0,0.0,0.0,,0.0,0.0,0.0
2024-07-31,19.0,0.0,0.0,18.0,18.0,18.0,-1.0,1031700.0,18570600.0,29.0,14.6,18.0,567700.0,0.0,0.0,1438370465.0,1438370465.0,612170470.0,0.0,0.0,,0.0,0.0,0.0
2024-08-01,18.0,0.0,0.0,18.0,18.0,18.0,0.0,554000.0,9972000.0,22.0,14.6,18.0,259200.0,17.0,151900.0,1438370465.0,1438370465.0,612170470.0,0.0,0.0,,0.0,0.0,0.0
2024-08-02,18.0,0.0,0.0,18.0,18.0,18.0,0.0,329000.0,5922000.0,26.0,14.6,18.0,138900.0,17.0,166700.0,1438370465.0,1438370465.0,612170470.0,0.0,0.0,,0.0,0.0,0.0
2024-08-05,18.0,0.0,0.0,18.0,17.0,17.0,-1.0,321500.0,5737000.0,21.0,13.8,18.0,52200.0,17.0,1800.0,1438370465.0,1438370465.0,612170470.0,0.0,0.0,,0.0,0.0,0.0
2024-08-06,17.0,0.0,0.0,17.0,17.0,17.0,0.0,530500.0,9018500.0,27.0,13.8,17.0,14100.0,16.0,23700.0,1438370465.0,1438370465.0,612170470.0,0.0,0.0,,0.0,0.0,0.0
2024-08-07,17.0,0.0,0.0,17.0,17.0,17.0,0.0,189900.0,3228300.0,13.0,13.8,18.0,310500.0,17.0,436200.0,1438370465.0,1438370465.0,612170470.0,0.0,0.0,,0.0,0.0,0.0
2024-08-08,17.0,0.0,0.0,17.0,17.0,17.0,0.0,18600.0,316200.0,6.0,13.8,18.0,10100.0,17.0,263700.0,1438370465.0,1438370465.0,612170470.0,0.0,0.0,,0.0,0.0,0.0
2024-08-09,17.0,0.0,0.0,17.0,17.0,17.0,0.0,246900.0,4197300.0,14.0,13.8,17.0,424800.0,16.0,22300.0,1438370465.0,1438370465.0,612170470.0,0.0,0.0,,0.0,0.0,0.0
2024-08-12,17.0,0.0,0.0,18.0,17.0,18.0,1.0,484300.0,8234200.0,20.0,14.6,18.0,19400.0,17.0,181300.0,1438370465.0,1438370465.0,612170470.0,0.0,0.0,,0.0,0.0,0.0
2024-08-13,18.0,0.0,0.0,19.0,18.0,19.0,1.0,334900.0,6267300.0,21.0,15.4,0.0,0.0,19.0,304400.0,1438370465.0,1438370465.0,612170470.0,0.0,0.0,,0.0,0.0,0.0
2024-08-14,19.0,0.0,0.0,19.0,19.0,19.0,0.0,327900.0,6230100.0,13.0,15.4,19.0,632600.0,18.0,2100500.0,1438370465.0,1438370465.0,612170470.0,0.0,0.0,,0.0,0.0,0.0
2024-08-15,19.0,0.0,0.0,19.0,19.0,19.0,0.0,2873000.0,54587000.0,16.0,15.4,20.0,300.0,19.0,139000.0,1438370465.0,1438370465.0,612170470.0,0.0,0.0,,0.0,0.0,0.0
2024-08-16,19.0,0.0,0.0,20.0,19.0,20.0,1.0,509900.0,9689700.0,32.0,16.3,0.0,0.0,20.0,12866300.0,1438370465.0,1438370465.0,612170470.0,0.0,0.0,,0.0,0.0,0.0
2024-08-19,20.0,0.0,0.0,22.0,22.0,22.0,2.0,1286100.0,28294200.0,34.0,17.9,0.0,0.0,22.0,21076300.0,1438370465.0,1438370465.0,612170470.0,0.0,0.0,,0.0,0.0,0.0
2024-08-20,22.0,0.0,0.0,24.0,24.0,24.0,2.0,1795900.0,43101600.0,28.0,19.5,0.0,0.0,24.0,18208400.0,1438370465.0,1438370465.0,612170470.0,0.0,0.0,,0.0,0.0,0.0
2024-08-21,24.0,0.0,0.0,26.0,26.0,26.0,2.0,378300.0,9835800.0,19.0,21.1,0.0,0.0,26.0,13915900.0,1438370465.0,1438370465.0,612170470.0,0.0,0.0,,0.0,0.0,0.0
2024-08-22,26.0,0.0,0.0,28.0,28.0,28.0,2.0,1565000.0,43820000.0,20.0,22.8,0.0,0.0,28.0,22274500.0,1438370465.0,1438370465.0,612170470.0,0.0,0.0,,0.0,0.0,0.0
2024-08-23,28.0,0.0,0.0,30.0,30.0,30.0,2.0,310500.0,9315000.0,26.0,24.4,0.0,0.0,30.0,12123900.0,1438370465.0,1438370465.0,612170470.0,0.0,0.0,,0.0,0.0,0.0
2024-08-26,30.0,0.0,0.0,30.0,27.0,28.0,-2.0,2016400.0,57950300.0,92.0,22.8,29.0,21500.0,28.0,12551600.0,1438370465.0,1438370465.0,612170470.0,0.0,0.0,,0.0,0.0,0.0
2024-08-27,28.0,0.0,0.0,28.0,28.0,28.0,0.0,882200.0,24701600.0,31.0,22.8,30.0,58300.0,28.0,531600.0,1438370465.0,1438370465.0,612170470.0,0.0,0.0,,0.0,0.0,0.0
2024-08-28,28.0,0.0,0.0,30.0,28.0,30.0,2.0,566000.0,16957800.0,28.0,24.4,30.0,1048500.0,29.0,1119000.0,1438370465.0,1438370465.0,612170470.0,0.0,0.0,,0.0,0.0,0.0
2024-08-29,30.0,0.0,0.0,30.0,29.0,30.0,0.0,561500.0,16817900.0,43.0,24.4,30.0,36000.0,29.0,523500.0,1438370465.0,1438370465.0,612170470.0,0.0,0.0,,0.0,0.0,0.0
2024-08-30,30.0,0.0,0.0,30.0,30.0,30.0,0.0,160000.0,4800000.0,22.0,24.4,30.0,1194000.0,29.0,2500.0,1438370465.0,1438370465.0,612170470.0,0.0,0.0,,0.0,0.0,0.0
2024-09-02,30.0,0.0,0.0,30.0,29.0,29.0,-1.0,120600.0,3602800.0,14.0,23.6,29.0,16900.0,28.0,123500.0,1438370465.0,1438370465.0,612170470.0,0.0,0.0,,0.0,0.0,0.0
2024-09-03,29.0,0.0,0.0,29.0,28.0,28.0,-1.0,248700.0,7013300.0,28.0,22.8,29.0,25200.0,28.0,57600.0,1438370465.0,1438370465.0,612170470.0,0.0,0.0,,0.0,0.0,0.0
2024-09-04,28.0,0.0,0.0,29.0,27.0,29.0,1.0,229700.0,6609700.0,21.0,23.6,29.0,225700.0,28.0,2100.0,1438370465.0,1438370465.0,612170470.0,0.0,0.0,,0.0,0.0,0.0
2024-09-05,29.0,0.0,0.0,29.0,29.0,29.0,0.0,839100.0,24333900.0,26.0,23.6,29.0,852800.0,28.0,43800.0,1438370465.0,1438370465.0,612170470.0,0.0,0.0,,0.0,0.0,0.0
2024-09-06,29.0,0.0,0.0,29.0,29.0,29.0,0.0,152300.0,4416700.0,13.0,23.6,29.0,616100.0,28.0,25000.0,1438370465.0,1438370465.0,612170470.0,0.0,0.0,,0.0,0.0,0.0
2024-09-09,29.0,0.0,0.0,31.0,29.0,29.0,0.0,303800.0,8949000.0,29.0,23.6,29.0,16100.0,28.0,80000.0,1438370465.0,1438370465.0,612170470.0,0.0,0.0,,0.0,0.0,0.0
2024-09-10,29.0,0.0,0.0,29.0,28.0,28.0,-1.0,7600.0,218900.0,4.0,22.8,29.0,1121300.0,28.0,15100.0,1438370465.0,1438370465.0,612170470.0,0.0,0.0,,0.0,0.0,0.0
2024-09-11,28.0,0.0,0.0,28.0,27.0,27.0,-1.0,802000.0,21670000.0,29.0,22.0,27.0,230100.0,26.0,10000.0,1438370465.0,1438370465.0,612170470.0,0.0,0.0,,0.0,0.0,0.0
2024-09-12,27.0,0.0,0.0,28.0,26.0,28.0,1.0,2384300.0,66597600.0,33.0,22.8,29.0,351500.0,28.0,314100.0,1438370465.0,1438370465.0,612170470.0,0.0,0.0,,0.0,0.0,0.0
2024-09-13,28.0,0.0,0.0,28.0,26.0,26.0,-2.0,216600.0,5988600.0,21.0,21.1,27.0,632600.0,26.0,60300.0,1438370465.0,1438370465.0,612170470.0,0.0,0.0,,0.0,0.0,0.0
2024-09-17,26.0,0.0,0.0,26.0,25.0,25.0,-1.0,143600.0,3668600.0,19.0,20.3,26.0,270800.0,25.0,306000.0,1438370465.0,1438370465.0,612170470.0,0.0,0.0,,0.0,0.0,0.0
2024-09-18,25.0,0.0,0.0,25.0,25.0,25.0,0.0,316200.0,7905000.0,20.0,20.3,0.0,0.0,25.0,19400.0,1438370465.0,1438370465.0,612170470.0,0.0,0.0,,0.0,0.0,0.0
2024-09-19,25.0,0.0,0.0,27.0,25.0,27.0,2.0,1553000.0,41841000.0,36.0,22.0,0.0,0.0,27.0,1346500.0,1438370465.0,1438370465.0,612170470.0,0.0,0.0,,0.0,0.0,0.0
2024-09-20,27.0,0.0,0.0,27.0,26.0,26.0,-1.0,189600.0,5094000.0,26.0,21.1,27.0,95900.0,26.0,1166400.0,1438370465.0,1438370465.0,612170470.0,0.0,0.0,,0.0,0.0,0.0
2024-09-23,26.0,0.0,0.0,26.0,26.0,26.0,0.0,841800.0,21886800.0,26.0,21.1,27.0,1085000.0,26.0,120000.0,1438370465.0,1438370465.0,612170470.0,0.0,0.0,,0.0,0.0,0.0
2024-09-24,26.0,0.0,0.0,26.0,26.0,26.0,0.0,450700.0,11718200.0,21.0,21.1,27.0,5000.0,26.0,5344900.0,1438370465.0,1438370465.0,612170470.0,0.0,0.0,,0.0,0.0,0.0
2024-09-25,26.0,0.0,0.0,28.0,28.0,28.0,2.0,184500.0,5166000.0,23.0,22.8,28.0,742200.0,27.0,200.0,1438370465.0,1438370465.0,612170470.0,0.0,0.0,,0.0,0.0,0.0
2024-09-26,28.0,0.0,0.0,28.0,27.0,27.0,-1.0,200000.0,5546600.0,17.0,22.0,28.0,1180100.0,27.0,166600.0,1438370465.0,1438370465.0,612170470.0,0.0,0.0,,0.0,0.0,0.0
2024-09-27,27.0,0.0,0.0,27.0,27.0,27.0,0.0,145000.0,3915000.0,15.0,22.0,28.0,759900.0,27.0,622700.0,1438370465.0,1438370465.0,612170470.0,0.0,0.0,,0.0,0.0,0.0
2024-09-30,27.0,0.0,0.0,27.0,27.0,27.0,0.0,35400.0,955800.0,11.0,22.0,27.0,217200.0,26.0,36000.0,1438370465.0,1438370465.0,612170470.0,0.0,0.0,,0.0,0.0,0.0
2024-10-01,27.0,0.0,0.0,27.0,26.0,26.0,-1.0,138100.0,3594400.0,25.0,21.1,26.0,200000.0,25.0,128200.0,1438370465.0,1438370465.0,612170470.0,90000.0,0.0,,0.0,0.0,0.0
2024-10-02,26.0,0.0,0.0,27.0,26.0,26.0,0.0,60800.0,1581400.0,11.0,21.1,26.0,136700.0,25.0,92800.0,1438370465.0,1438370465.0,612170470.0,0.0,0.0,,0.0,0.0,0.0
2024-10-03,26.0,0.0,0.0,26.0,26.0,26.0,0.0,378700.0,9846200.0,54.0,21.1,27.0,216300.0,26.0,37100.0,1438370465.0,1438370465.0,612170470.0,0.0,0.0,,0.0,0.0,0.0
2024-10-04,26.0,0.0,0.0,26.0,25.0,26.0,0.0,83000.0,2136500.0,15.0,21.1,26.0,74100.0,25.0,11400.0,1438370465.0,1438370465.0,612170470.0,0.0,0.0,,0.0,0.0,0.0
2024-10-07,26.0,0.0,0.0,26.0,26.0,26.0,0.0,85100.0,2212600.0,10.0,21.1,26.0,74300.0,25.0,16700.0,1438370465.0,1438370465.0,612170470.0,0.0,0.0,,0.0,0.0,0.0
2024-10-08,26.0,0.0,0.0,26.0,26.0,26.0,0.0,41000.0,1066000.0,14.0,21.1,26.0,147600.0,25.0,257300.0,1438370465.0,1438370465.0,612170470.0,0.0,0.0,,0.0,0.0,0.0
2024-10-09,26.0,0.0,0.0,26.0,25.0,26.0,0.0,165000.0,4232500.0,45.0,21.1,26.0,1851200.0,25.0,287600.0,1438370465.0,1438370465.0,612170470.0,0.0,0.0,,0.0,0.0,0.0
2024-10-10,26.0,0.0,0.0,27.0,25.0,27.0,1.0,119100.0,2978100.0,10.0,22.0,27.0,118900.0,25.0,600000.0,1438370465.0,1438370465.0,612170470.0,0.0,0.0,,0.0,0.0,0.0
2024-10-11,27.0,0.0,0.0,27.0,26.0,26.0,-1.0,43000.0,1132500.0,9.0,21.1,26.0,21500.0,25.0,504800.0,1438370465.0,1438370465.0,612170470.0,0.0,0.0,,0.0,0.0,0.0
2024-10-14,26.0,0.0,0.0,26.0,25.0,26.0,0.0,73900.0,1919300.0,13.0,21.1,26.0,1785600.0,25.0,720900.0,1438370465.0,1438370465.0,612170470.0,0.0,0.0,,0.0,0.0,0.0
2024-10-15,26.0,0.0,0.0,26.0,25.0,26.0,0.0,71900.0,1817400.0,11.0,21.1,26.0,412700.0,25.0,712400.0,1438370465.0,1438370465.0,612170470.0,0.0,0.0,,0.0,0.0,0.0
2024-10-16,26.0,0.0,0.0,26.0,26.0,26.0,0.0,6400.0,166400.0,12.0,21.1,26.0,911200.0,25.0,165700.0,1438370465.0,1438370465.0,612170470.0,0.0,0.0,,0.0,0.0,0.0
2024-10-17,26.0,0.0,0.0,27.0,26.0,26.0,0.0,314700.0,8186100.0,16.0,21.1,27.0,895900.0,26.0,100.0,1438370465.0,1438370465.0,612170470.0,0.0,0.0,,0.0,0.0,0.0
2024-10-18,26.0,0.0,0.0,26.0,25.0,25.0,-1.0,87200.0,2207300.0,18.0,20.3,26.0,208800.0,25.0,242400.0,1438370465.0,1438370465.0,612170470.0,0.0,0.0,,0.0,0.0,0.0
2024-10-21,25.0,0.0,0.0,25.0,25.0,25.0,0.0,313600.0,7840000.0,16.0,20.3,25.0,562400.0,24.0,343500.0,1438370465.0,1438370465.0,612170470.0,0.0,0.0,,0.0,0.0,0.0
2024-10-22,25.0,0.0,0.0,25.0,24.0,25.0,0.0,151000.0,3728200.0,21.0,20.3,25.0,355900.0,24.0,694800.0,1438370465.0,1438370465.0,612170470.0,0.0,0.0,,0.0,0.0,0.0
2024-10-23,25.0,0.0,0.0,25.0,24.0,25.0,0.0,124800.0,3020000.0,8.0,20.3,25.0,396100.0,24.0,380700.0,1438370465.0,1438370465.0,612170470.0,0.0,0.0,,0.0,0.0,0.0
2024-10-24,25.0,0.0,0.0,25.0,24.0,24.0,-1.0,125800.0,3082500.0,18.0,19.5,25.0,262000.0,24.0,423100.0,1438370465.0,1438370465.0,612170470.0,0.0,0.0,,0.0,0.0,0.0
2024-10-25,24.0,0.0,0.0,24.0,24.0,24.0,0.0,167500.0,4020000.0,10.0,19.5,25.0,249700.0,24.0,249900.0,1438370465.0,1438370465.0,612170470.0,0.0,0.0,,0.0,0.0,0.0
2024-10-28,24.0,0.0,0.0,24.0,24.0,24.0,0.0,419800.0,10075200.0,19.0,19.5,24.0,812700.0,23.0,341300.0,1438370465.0,1438370465.0,612170470.0,0.0,0.0,,0.0,0.0,0.0
2024-10-29,24.0,0.0,0.0,24.0,23.0,23.0,-1.0,8500.0,203900.0,10.0,18.7,24.0,1032500.0,23.0,283000.0,1438370465.0,1438370465.0,612170470.0,0.0,0.0,,0.0,0.0,0.0
2024-10-30,23.0,0.0,0.0,23.0,23.0,23.0,0.0,480800.0,11058400.0,17.0,18.7,23.0,666900.0,22.0,245700.0,1438370465.0,1438370465.0,612170470.0,0.0,0.0,,0.0,0.0,0.0
2024-10-31,23.0,0.0,0.0,23.0,22.0,23.0,0.0,311700.0,6883200.0,17.0,18.7,23.0,336800.0,22.0,317200.0,1438370465.0,1438370465.0,612170470.0,0.0,0.0,,0.0,0.0,0.0
2024-11-01,23.0,0.0,0.0,23.0,22.0,23.0,0.0,171400.0,3941800.0,12.0,18.7,23.0,398900.0,22.0,147100.0,1438370465.0,1438370465.0,612170470.0,0.0,0.0,,0.0,0.0,0.0
2024-11-04,23.0,0.0,0.0,23.0,23.0,23.0,0.0,285700.0,6571100.0,19.0,18.7,23.0,3028700.0,22.0,107200.0,1438370465.0,1438370465.0,612170470.0,0.0,0.0,,0.0,0.0,0.0
2024-11-05,23.0,0.0,0.0,23.0,23.0,23.0,0.0,114600.0,2635800.0,15.0,18.7,23.0,2469200.0,22.0,93500.0,1438370465.0,1438370465.0,612170470.0,0.0,0.0,,0.0,0.0,0.0
2024-11-06,23.0,0.0,0.0,23.0,23.0,23.0,0.0,5300.0,121900.0,6.0,18.7,23.0,2387600.0,22.0,139400.0,1438370465.0,1438370465.0,612170470.0,0.0,0.0,,0.0,0.0,0.0
2024-11-07,23.0,0.0,0.0,23.0,23.0,23.0,0.0,56900.0,1308700.0,9.0,18.7,23.0,2344700.0,22.0,137500.0,1438370465.0,1438370465.0,612170470.0,0.0,0.0,,0.0,0.0,0.0
2024-11-08,23.0,0.0,0.0,23.0,23.0,23.0,0.0,78400.0,1803200.0,12.0,18.7,23.0,2301000.0,22.0,52700.0,1438370465.0,1438370465.0,612170470.0,0.0,0.0,,0.0,0.0,0.0
2024-11-11,23.0,0.0,0.0,23.0,22.0,22.0,-1.0,46500.0,1064700.0,6.0,17.9,23.0,2228900.0,22.0,113200.0,1438370465.0,1438370465.0,612170470.0,0.0,0.0,,0.0,0.0,0.0
2024-11-12,22.0,0.0,0.0,22.0,22.0,22.0,0.0,136500.0,3003000.0,24.0,17.9,22.0,193300.0,21.0,113900.0,1438370465.0,1438370465.0,612170470.0,0.0,0.0,,0.0,0.0,0.0
2024-11-13,22.0,0.0,0.0,22.0,21.0,22.0,0.0,331400.0,7224100.0,19.0,17.9,23.0,2092100.0,22.0,9900.0,1438370465.0,1438370465.0,612170470.0,0.0,0.0,,0.0,0.0,0.0
2024-11-14,22.0,0.0,0.0,23.0,23.0,23.0,1.0,447000.0,10281000.0,17.0,18.7,24.0,289600.0,23.0,1806100.0,1438370465.0,1438370465.0,612170470.0,0.0,0.0,,0.0,0.0,0.0
2024-11-15,23.0,0.0,0.0,24.0,24.0,24.0,1.0,298500.0,7164000.0,22.0,19.5,24.0,49200.0,23.0,83200.0,1438370465.0,1438370465.0,612170470.0,0.0,0.0,,0.0,0.0,0.0
2024-11-18,24.0,0.0,0.0,24.0,23.0,23.0,-1.0,21500.0,497300.0,12.0,18.7,23.0,3400.0,22.0,16900.0,1438370465.0,1438370465.0,612170470.0,0.0,0.0,,0.0,0.0,0.0
2024-11-19,23.0,0.0,0.0,23.0,23.0,23.0,0.0,45300.0,1041900.0,9.0,18.7,23.0,165800.0,22.0,21300.0,1438370465.0,1438370465.0,612170470.0,0.0,0.0,,0.0,0.0,0.0
2024-11-20,23.0,0.0,0.0,22.0,21.0,22.0,-1.0,280600.0,6106800.0,16.0,17.9,22.0,16700.0,21.0,14800.0,1438370465.0,1438370465.0,612170470.0,0.0,0.0,,0.0,0.0,0.0
2024-11-21,22.0,0.0,0.0,22.0,22.0,22.0,0.0,68000.0,1496000.0,9.0,17.9,22.0,236400.0,21.0,200.0,1438370465.0,1438370465.0,612170470.0,0.0,0.0,,0.0,0.0,0.0
2024-11-22,22.0,0.0,0.0,22.0,22.0,22.0,0.0,40500.0,891000.0,10.0,17.9,22.0,152700.0,21.0,49700.0,1438370465.0,1438370465.0,612170470.0,0.0,0.0,,0.0,0.0,0.0
2024-11-25,22.0,0.0,0.0,22.0,22.0,22.0,0.0,15000.0,330000.0,8.0,17.9,23.0,185900.0,22.0,77300.0,1438370465.0,1438370465.0,612170470.0,0.0,0.0,,0.0,0.0,0.0
2024-11-26,22.0,0.0,0.0,22.0,22.0,22.0,0.0,6000.0,132000.0,5.0,17.9,22.0,249600.0,21.0,25400.0,1438370465.0,1438370465.0,612170470.0,0.0,0.0,,0.0,0.0,0.0
2024-11-28,22.0,0.0,0.0,22.0,22.0,22.0,0.0,11300.0,248600.0,11.0,17.9,22.0,530900.0,21.0,25600.0,1438370465.0,1438370465.0,612170470.0,0.0,0.0,,0.0,0.0,0.0
2024-11-29,22.0,0.0,0.0,22.0,22.0,22.0,0.0,900.0,19800.0,3.0,17.9,22.0,400400.0,21.0,25300.0,1438370465.0,1438370465.0,612170470.0,0.0,0.0,,0.0,0.0,0.0
2024-12-02,22.0,0.0,0.0,22.0,21.0,22.0,0.0,16200.0,351200.0,11.0,17.9,22.0,1174400.0,21.0,30800.0,1438370465.0,1438370465.0,612170470.0,0.0,0.0,,0.0,0.0,0.0
2024-12-03,22.0,0.0,0.0,21.0,21.0,21.0,-1.0,180800.0,3796800.0,23.0,17.1,21.0,6593100.0,20.0,466800.0,1438370465.0,1438370465.0,612170470.0,0.0,0.0,,0.0,0.0,0.0
2024-12-04,21.0,0.0,0.0,22.0,21.0,22.0,1.0,220600.0,4767700.0,21.0,17.9,22.0,44200.0,21.0,137800.0,1438370465.0,1438370465.0,612170470.0,0.0,0.0,,0.0,0.0,0.0
2024-12-05,22.0,0.0,0.0,22.0,22.0,22.0,0.0,470800.0,10357600.0,17.0,17.9,23.0,100100.0,22.0,642400.0,1438370465.0,1438370465.0,612170470.0,0.0,0.0,,0.0,0.0,0.0
2024-12-06,22.0,0.0,0.0,22.0,22.0,22.0,0.0,15400.0,338800.0,6.0,17.9,22.0,6524800.0,21.0,32900.0,1438370465.0,1438370465.0,612170470.0,0.0,0.0,,0.0,0.0,0.0
2024-12-09,22.0,0.0,0.0,22.0,22.0,22.0,0.0,59600.0,1311200.0,12.0,17.9,22.0,449400.0,21.0,505200.0,1438370465.0,1438370465.0,612170470.0,0.0,0.0,,0.0,0.0,0.0
2024-12-10,22.0,0.0,0.0,22.0,22.0,22.0,0.0,73100.0,1608200.0,5.0,17.9,22.0,6334900.0,21.0,25700.0,1438370465.0,1438370465.0,612170470.0,0.0,0.0,,0.0,0.0,0.0
2024-12-11,22.0,0.0,0.0,22.0,20.0,20.0,-2.0,251800.0,5292000.0,24.0,16.3,21.0,90900.0,20.0,530800.0,1438370465.0,1438370465.0,612170470.0,0.0,0.0,,0.0,0.0,0.0
2024-12-12,20.0,0.0,0.0,20.0,20.0,20.0,0.0,653600.0,13072000.0,27.0,16.3,20.0,6110000.0,19.0,1048500.0,1438370465.0,1438370465.0,612170470.0,0.0,0.0,,0.0,0.0,0.0
2024-12-13,20.0,0.0,0.0,20.0,20.0,20.0,0.0,254600.0,5092000.0,12.0,16.3,20.0,2803400.0,19.0,648300.0,1438370465.0,1438370465.0,612170470.0,0.0,0.0,,0.0,0.0,0.0
2024-12-16,20.0,0.0,0.0,20.0,19.0,19.0,-1.0,298300.0,5678800.0,16.0,15.4,20.0,1522900.0,19.0,436400.0,1438370465.0,1438370465.0,612170470.0,0.0,0.0,,0.0,0.0,0.0
2024-12-17,19.0,0.0,0.0,19.0,19.0,19.0,0.0,135700.0,2578300.0,17.0,15.4,20.0,1129400.0,19.0,403400.0,1438370465.0,1438370465.0,612170470.0,0.0,0.0,,0.0,0.0,0.0
2024-12-18,19.0,0.0,0.0,20.0,19.0,20.0,1.0,174500.0,3450300.0,11.0,16.3,20.0,2189000.0,19.0,203800.0,1438370465.0,1438370465.0,612170470.0,0.0,0.0,,0.0,0.0,0.0
2024-12-19,20.0,0.0,0.0,19.0,19.0,19.0,-1.0,14800.0,281200.0,13.0,15.4,19.0,838800.0,18.0,1265900.0,1438370465.0,1438370465.0,612170470.0,0.0,0.0,,0.0,0.0,0.0
2024-12-20,19.0,0.0,0.0,19.0,19.0,19.0,0.0,121000.0,2299000.0,11.0,15.4,19.0,520300.0,18.0,171600.0,1438370465.0,1438370465.0,612170470.0,0.0,0.0,,0.0,0.0,0.0
2024-12-23,19.0,0.0,0.0,19.0,19.0,19.0,0.0,358100.0,6803900.0,17.0,15.4,20.0,104700.0,19.0,178800.0,1438370465.0,1438370465.0,612170470.0,0.0,0.0,,0.0,0.0,0.0
2024-12-24,19.0,0.0,0.0,20.0,19.0,19.0,0.0,935000.0,18498600.0,42.0,15.4,20.0,1000.0,19.0,323900.0,1438370465.0,1438370465.0,612170470.0,0.0,0.0,,0.0,0.0,0.0
2024-12-27,19.0,0.0,0.0,19.0,19.0,19.0,0.0,335300.0,6370700.0,19.0,15.4,19.0,5096600.0,18.0,193200.0,1438370465.0,1438370465.0,612170470.0,0.0,0.0,,0.0,0.0,0.0
2024-12-30,19.0,0.0,0.0,19.0,19.0,19.0,0.0,175000.0,3325000.0,21.0,15.4,19.0,454400.0,18.0,182100.0,1438370465.0,1438370465.0,612170470.0,0.0,0.0,,0.0,0.0,0.0
2025-01-02,19.0,0.0,0.0,19.0,18.0,19.0,0.0,343000.0,6510600.0,12.0,15.4,19.0,123500.0,18.0,273200.0,1438370465.0,1438370465.0,612170470.0,0.0,0.0,,0.0,0.0,0.0
2025-01-03,19.0,0.0,0.0,20.0,18.0,20.0,1.0,1695400.0,32285000.0,55.0,16.3,0.0,0.0,20.0,11700.0,1438370465.0,1438370465.0,612170470.0,0.0,0.0,,0.0,0.0,0.0
2025-01-06,20.0,0.0,0.0,19.0,18.0,18.0,-2.0,266500.0,4967000.0,26.0,14.6,19.0,427500.0,18.0,266900.0,1438370465.0,1438370465.0,612170470.0,0.0,0.0,,0.0,0.0,0.0
2025-01-07,18.0,0.0,0.0,19.0,19.0,19.0,1.0,636400.0,12091600.0,27.0,15.4,0.0,0.0,19.0,123500.0,1438370465.0,1438370465.0,612170470.0,0.0,0.0,,0.0,0.0,0.0
2025-01-08,19.0,0.0,0.0,20.0,20.0,20.0,1.0,283500.0,5670000.0,9.0,16.3,0.0,0.0,20.0,1082800.0,1438370465.0,1438370465.0,612170470.0,0.0,0.0,,0.0,0.0,0.0
2025-01-09,20.0,0.0,0.0,21.0,21.0,21.0,1.0,244300.0,5130300.0,21.0,17.1,22.0,1142800.0,21.0,849900.0,1438370465.0,1438370465.0,612170470.0,0.0,0.0,,0.0,0.0,0.0
2025-01-10,21.0,0.0,0.0,22.0,21.0,22.0,1.0,1364600.0,29965300.0,56.0,17.9,23.0,1079300.0,22.0,1500.0,1438370465.0,1438370465.0,612170470.0,0.0,0.0,,0.0,0.0,0.0
2025-01-13,22.0,0.0,0.0,23.0,23.0,23.0,1.0,1523500.0,35040500.0,38.0,18.7,23.0,279400.0,22.0,458700.0,1438370465.0,1438370465.0,612170470.0,0.0,0.0,,0.0,0.0,0.0
2025-01-14,23.0,0.0,0.0,23.0,23.0,23.0,0.0,1076400.0,24757200.0,43.0,18.7,23.0,50400.0,22.0,173700.0,1438370465.0,1438370465.0,612170470.0,0.0,500000.0,,0.0,0.0,0.0
2025-01-15,23.0,0.0,0.0,22.0,22.0,22.0,-1.0,1772400.0,38992800.0,31.0,17.9,23.0,15800.0,22.0,105200.0,1438370465.0,1438370465.0,612170470.0,0.0,1095300.0,,0.0,0.0,0.0
2025-01-16,22.0,0.0,0.0,22.0,21.0,21.0,-1.0,289500.0,6085000.0,31.0,17.1,22.0,5300.0,21.0,397800.0,1438370465.0,1438370465.0,612170470.0,0.0,15900.0,,0.0,0.0,0.0
2025-01-17,21.0,0.0,0.0,21.0,21.0,21.0,0.0,38900.0,816900.0,16.0,17.1,22.0,1800.0,21.0,39100.0,1438370465.0,1438370465.0,612170470.0,0.0,0.0,,0.0,0.0,0.0
2025-01-20,21.0,0.0,0.0,21.0,21.0,21.0,0.0,309400.0,6497400.0,18.0,17.1,23.0,63000.0,21.0,251300.0,1438370465.0,1438370465.0,612170470.0,0.0,0.0,,0.0,0.0,0.0
2025-01-21,21.0,0.0,0.0,23.0,21.0,23.0,2.0,85500.0,1840100.0,9.0,18.7,23.0,466700.0,21.0,22700.0,1438370465.0,1438370465.0,612170470.0,0.0,0.0,,0.0,0.0,0.0
2025-01-22,23.0,0.0,0.0,23.0,23.0,23.0,0.0,260100.0,5982300.0,14.0,18.7,23.0,2236500.0,22.0,300.0,1438370465.0,1438370465.0,612170470.0,0.0,0.0,,0.0,0.0,0.0
2025-01-23,23.0,0.0,0.0,23.0,23.0,23.0,0.0,250600.0,5763800.0,16.0,18.7,23.0,1043300.0,22.0,11400.0,1438370465.0,1438370465.0,612170470.0,0.0,0.0,,0.0,0.0,0.0
2025-01-24,23.0,0.0,0.0,23.0,23.0,23.0,0.0,241900.0,5563700.0,13.0,18.7,23.0,823900.0,22.0,51600.0,1438370465.0,1438370465.0,612170470.0,0.0,0.0,,0.0,0.0,0.0
2025-01-30,23.0,0.0,0.0,23.0,22.0,22.0,-1.0,380600.0,8752800.0,18.0,17.9,22.0,14000.0,21.0,70100.0,1438370465.0,1438370465.0,612170470.0,0.0,0.0,,0.0,0.0,0.0
2025-01-31,22.0,0.0,0.0,22.0,21.0,21.0,-1.0,106100.0,2238600.0,27.0,17.1,21.0,23600.0,20.0,65900.0,1438370465.0,1438370465.0,612170470.0,0.0,0.0,,0.0,0.0,0.0
2025-02-03,21.0,0.0,0.0,20.0,20.0,20.0,-1.0,332500.0,6650000.0,28.0,16.3,20.0,340300.0,19.0,134800.0,1438370465.0,1438370465.0,612170470.0,0.0,0.0,,0.0,0.0,0.0
2025-02-04,20.0,0.0,0.0,21.0,20.0,21.0,1.0,128800.0,2578200.0,20.0,17.1,21.0,76000.0,20.0,34100.0,1438370465.0,1438370465.0,612170470.0,0.0,0.0,,0.0,0.0,0.0
2025-02-05,21.0,0.0,0.0,21.0,21.0,21.0,0.0,297200.0,6241200.0,23.0,17.1,22.0,160000.0,21.0,372700.0,1438370465.0,1438370465.0,612170470.0,0.0,0.0,,0.0,0.0,0.0
2025-02-06,21.0,0.0,0.0,22.0,21.0,22.0,1.0,239800.0,5054800.0,9.0,17.9,22.0,114400.0,21.0,202600.0,1438370465.0,1438370465.0,612170470.0,0.0,0.0,,0.0,0.0,0.0
2025-02-07,22.0,0.0,0.0,22.0,21.0,22.0,0.0,31400.0,659700.0,10.0,17.9,22.0,305000.0,21.0,70100.0,1438370465.0,1438370465.0,612170470.0,0.0,0.0,,0.0,0.0,0.0
2025-02-10,22.0,0.0,0.0,22.0,22.0,22.0,0.0,221100.0,4864200.0,26.0,17.9,23.0,81800.0,22.0,600.0,1438370465.0,1438370465.0,612170470.0,0.0,0.0,,0.0,0.0,0.0
2025-02-11,22.0,0.0,0.0,22.0,21.0,21.0,-1.0,69900.0,1478100.0,22.0,17.1,21.0,194400.0,20.0,138900.0,1438370465.0,1438370465.0,612170470.0,0.0,0.0,,0.0,0.0,0.0
2025-02-12,21.0,0.0,0.0,21.0,21.0,21.0,0.0,560300.0,11766300.0,15.0,17.1,21.0,834500.0,20.0,181100.0,1438370465.0,1438370465.0,612170470.0,0.0,0.0,,0.0,0.0,0.0
2025-02-13,21.0,0.0,0.0,21.0,21.0,21.0,0.0,63800.0,1339800.0,12.0,17.1,21.0,791900.0,20.0,31400.0,1438370465.0,1438370465.0,612170470.0,0.0,0.0,,0.0,0.0,0.0
2025-02-14,21.0,0.0,0.0,21.0,21.0,21.0,0.0,925500.0,19435500.0,20.0,17.1,22.0,225100.0,21.0,1325600.0,1438370465.0,1438370465.0,612170470.0,0.0,0.0,,0.0,0.0,0.0
2025-02-17,21.0,0.0,0.0,22.0,22.0,22.0,1.0,1217200.0,26778400.0,19.0,17.9,23.0,242800.0,22.0,593100.0,1438370465.0,1438370465.0,612170470.0,0.0,0.0,,0.0,0.0,0.0
2025-02-18,22.0,0.0,0.0,22.0,22.0,22.0,0.0,1088400.0,23944800.0,12.0,17.9,22.0,769200.0,21.0,80600.0,1438370465.0,1438370465.0,612170470.0,0.0,0.0,,0.0,0.0,0.0
2025-02-19,22.0,0.0,0.0,22.0,20.0,21.0,-1.0,255500.0,5314900.0,27.0,17.1,21.0,181400.0,20.0,66200.0,1438370465.0,1438370465.0,612170470.0,0.0,0.0,,0.0,0.0,0.0
2025-02-20,21.0,0.0,0.0,21.0,21.0,21.0,0.0,88700.0,1862700.0,16.0,17.1,21.0,242900.0,20.0,26500.0,1438370465.0,1438370465.0,612170470.0,0.0,0.0,,0.0,0.0,0.0
2025-02-21,21.0,0.0,0.0,21.0,21.0,21.0,0.0,259300.0,5445300.0,16.0,17.1,21.0,1182400.0,20.0,169700.0,1438370465.0,1438370465.0,612170470.0,0.0,0.0,,0.0,0.0,0.0
2025-02-24,21.0,0.0,0.0,22.0,21.0,21.0,0.0,183200.0,3848300.0,11.0,17.1,21.0,476400.0,20.0,56400.0,1438370465.0,1438370465.0,612170470.0,0.0,0.0,,0.0,0.0,0.0
2025-02-25,21.0,0.0,0.0,21.0,20.0,20.0,-1.0,9100.0,184300.0,15.0,16.3,21.0,1607000.0,20.0,5000.0,1438370465.0,1438370465.0,612170470.0,0.0,0.0,,0.0,0.0,0.0
2025-02-26,20.0,0.0,0.0,20.0,20.0,20.0,0.0,330300.0,6606000.0,27.0,16.3,20.0,670300.0,19.0,105700.0,1438370465.0,1438370465.0,612170470.0,0.0,0.0,,0.0,0.0,0.0
2025-02-27,20.0,0.0,0.0,20.0,20.0,20.0,0.0,74700.0,1494000.0,10.0,16.3,20.0,785800.0,19.0,40300.0,1438370465.0,1438370465.0,612170470.0,0.0,0.0,,0.0,0.0,0.0
2025-02-28,20.0,0.0,0.0,20.0,20.0,20.0,0.0,117900.0,2358000.0,14.0,16.3,20.0,250400.0,19.0,1400.0,1438370465.0,1438370465.0,612170470.0,0.0,0.0,,0.0,0.0,0.0
2025-03-03,20.0,0.0,0.0,20.0,19.0,19.0,-1.0,270600.0,5212000.0,14.0,15.4,20.0,84100.0,19.0,9700.0,1438370465.0,1438370465.0,612170470.0,0.0,0.0,,0.0,0.0,0.0
2025-03-04,19.0,0.0,0.0,20.0,19.0,20.0,1.0,153500.0,2920900.0,19.0,16.3,20.0,1473300.0,19.0,100.0,1438370465.0,1438370465.0,612170470.0,0.0,0.0,,0.0,0.0,0.0
2025-03-05,20.0,0.0,0.0,21.0,20.0,21.0,1.0,122400.0,2480400.0,15.0,17.1,21.0,223500.0,20.0,277000.0,1438370465.0,1438370465.0,612170470.0,0.0,0.0,,0.0,0.0,0.0
2025-03-06,21.0,0.0,0.0,22.0,21.0,22.0,1.0,68000.0,1428200.0,9.0,17.9,22.0,8800.0,21.0,181500.0,1438370465.0,1438370465.0,612170470.0,0.0,0.0,,0.0,0.0,0.0
2025-03-07,22.0,0.0,0.0,22.0,21.0,22.0,0.0,215500.0,4738200.0,12.0,17.9,22.0,810300.0,21.0,329200.0,1438370465.0,1438370465.0,612170470.0,0.0,0.0,,0.0,0.0,0.0
2025-03-10,22.0,0.0,0.0,22.0,22.0,22.0,0.0,36200.0,796400.0,15.0,17.9,22.0,711000.0,21.0,393700.0,1438370465.0,1438370465.0,612170470.0,0.0,0.0,,0.0,0.0,0.0
2025-03-11,22.0,0.0,0.0,22.0,21.0,21.0,-1.0,339700.0,7235800.0,12.0,17.1,22.0,569600.0,21.0,452800.0,1438370465.0,1438370465.0,612170470.0,0.0,0.0,,0.0,0.0,0.0
2025-03-12,21.0,0.0,0.0,22.0,21.0,22.0,1.0,260300.0,5723700.0,15.0,17.9,22.0,3572900.0,21.0,100.0,1438370465.0,1438370465.0,612170470.0,0.0,0.0,,0.0,0.0,0.0
2025-03-13,22.0,0.0,0.0,22.0,22.0,22.0,0.0,500.0,11000.0,3.0,17.9,22.0,3981000.0,21.0,500.0,1438370465.0,1438370465.0,612170470.0,0.0,0.0,,0.0,0.0,0.0
2025-03-14,22.0,0.0,0.0,21.0,21.0,21.0,-1.0,14900.0,312900.0,10.0,17.1,21.0,106400.0,20.0,342300.0,1438370465.0,1438370465.0,612170470.0,0.0,0.0,,0.0,0.0,0.0
2025-03-17,21.0,0.0,0.0,21.0,21.0,21.0,0.0,56200.0,1180200.0,14.0,17.1,21.0,264100.0,20.0,271700.0,1438370465.0,1438370465.0,612170470.0,0.0,0.0,,0.0,0.0,0.0
2025-03-18,21.0,0.0,0.0,21.0,20.0,20.0,-1.0,454600.0,9275300.0,13.0,16.3,20.0,28700.0,19.0,3100.0,1438370465.0,1438370465.0,612170470.0,0.0,0.0,,0.0,0.0,0.0
2025-03-19,20.0,0.0,0.0,20.0,20.0,20.0,0.0,113200.0,2264000.0,17.0,16.3,20.0,224600.0,19.0,576100.0,1438370465.0,1438370465.0,612170470.0,0.0,0.0,,0.0,0.0,0.0
2025-03-20,20.0,0.0,0.0,20.0,20.0,20.0,0.0,250900.0,5018000.0,23.0,16.3,21.0,249300.0,20.0,36200.0,1438370465.0,1438370465.0,612170470.0,0.0,0.0,,0.0,0.0,0.0
2025-03-21,20.0,0.0,0.0,21.0,20.0,21.0,1.0,331400.0,6628200.0,15.0,17.1,21.0,69100.0,20.0,85500.0,1438370465.0,1438370465.0,612170470.0,0.0,0.0,,0.0,0.0,0.0
2025-03-24,21.0,0.0,0.0,22.0,21.0,21.0,0.0,46900.0,985400.0,12.0,17.1,21.0,169600.0,20.0,100800.0,1438370465.0,1438370465.0,612170470.0,0.0,0.0,,0.0,0.0,0.0
2025-03-25,21.0,0.0,0.0,20.0,20.0,20.0,-1.0,923400.0,18468000.0,23.0,16.3,20.0,2705000.0,19.0,412700.0,1438370465.0,1438370465.0,612170470.0,0.0,0.0,,0.0,0.0,0.0
2025-03-26,20.0,0.0,0.0,20.0,20.0,20.0,0.0,129900.0,2598000.0,18.0,16.3,20.0,939300.0,19.0,443000.0,1438370465.0,1438370465.0,612170470.0,0.0,0.0,,0.0,0.0,0.0
2025-03-27,20.0,0.0,0.0,20.0,20.0,20.0,0.0,41200.0,824000.0,17.0,16.3,20.0,945100.0,19.0,433300.0,1438370465.0,1438370465.0,612170470.0,0.0,0.0,,0.0,0.0,0.0
2025-04-08,20.0,0.0,0.0,20.0,20.0,20.0,0.0,8000.0,160000.0,7.0,16.3,20.0,1347200.0,0.0,0.0,1438370465.0,1438370465.0,612170470.0,0.0,0.0,,0.0,0.0,0.0
2025-04-09,20.0,0.0,0.0,20.0,19.0,19.0,-1.0,690400.0,13637900.0,20.0,15.4,20.0,755200.0,19.0,291800.0,1438370465.0,1438370465.0,612170470.0,0.0,0.0,,0.0,0.0,0.0
2025-04-10,19.0,0.0,0.0,19.0,19.0,19.0,0.0,347300.0,6598700.0,18.0,15.4,19.0,168400.0,18.0,324500.0,1438370465.0,1438370465.0,612170470.0,0.0,0.0,,0.0,0.0,0.0
2025-04-11,19.0,0.0,0.0,19.0,18.0,19.0,0.0,274700.0,5169100.0,26.0,15.4,20.0,149200.0,19.0,73000.0,1438370465.0,1438370465.0,612170470.0,0.0,0.0,,0.0,0.0,0.0
2025-04-14,19.0,0.0,0.0,19.0,19.0,19.0,0.0,336500.0,6393500.0,12.0,15.4,20.0,320900.0,19.0,91800.0,1438370465.0,1438370465.0,612170470.0,0.0,0.0,,0.0,0.0,0.0
2025-04-15,19.0,0.0,0.0,19.0,19.0,19.0,0.0,227100.0,4314900.0,21.0,15.4,20.0,379900.0,19.0,148600.0,1438370465.0,1438370465.0,612170470.0,0.0,0.0,,0.0,0.0,0.0
2025-04-16,19.0,0.0,0.0,20.0,19.0,20.0,1.0,75000.0,1492200.0,17.0,16.3,20.0,2289400.0,19.0,6500.0,1438370465.0,1438370465.0,612170470.0,0.0,0.0,,0.0,0.0,0.0
2025-04-17,20.0,0.0,0.0,20.0,19.0,19.0,-1.0,10500.0,207000.0,8.0,15.4,20.0,151500.0,19.0,5300.0,1438370465.0,1438370465.0,612170470.0,0.0,0.0,,0.0,0.0,0.0
2025-04-21,19.0,0.0,0.0,19.0,19.0,19.0,0.0,33200.0,630800.0,13.0,15.4,19.0,494900.0,18.0,409300.0,1438370465.0,1438370465.0,612170470.0,0.0,0.0,,0.0,0.0,0.0
2025-04-22,19.0,0.0,0.0,20.0,19.0,19.0,0.0,123600.0,2348600.0,32.0,15.4,20.0,337800.0,19.0,285800.0,1438370465.0,1438370465.0,612170470.0,0.0,0.0,,0.0,0.0,0.0
2025-04-23,19.0,0.0,0.0,20.0,19.0,20.0,1.0,265100.0,5037300.0,13.0,16.3,20.0,538600.0,19.0,38000.0,1438370465.0,1438370465.0,612170470.0,0.0,0.0,,0.0,0.0,0.0
2025-04-24,20.0,0.0,0.0,20.0,19.0,20.0,0.0,564200.0,11228100.0,29.0,16.3,20.0,57500.0,19.0,1197100.0,1438370465.0,1438370465.0,612170470.0,0.0,0.0,,0.0,0.0,0.0
2025-04-25,20.0,0.0,0.0,21.0,20.0,21.0,1.0,376500.0,7530100.0,26.0,17.1,21.0,540500.0,20.0,5300.0,1438370465.0,1438370465.0,612170470.0,0.0,0.0,,10000.0,190000.0,1.0
2025-04-28,21.0,0.0,0.0,21.0,20.0,21.0,0.0,434100.0,8989500.0,17.0,17.1,21.0,503000.0,20.0,1809200.0,1438370465.0,1438370465.0,612170470.0,0.0,0.0,,0.0,0.0,0.0
2025-04-29,21.0,0.0,0.0,21.0,20.0,20.0,-1.0,926600.0,18532200.0,18.0,16.3,21.0,467500.0,20.0,857500.0,1438370465.0,1438370465.0,612170470.0,0.0,0.0,,0.0,0.0,0.0
2025-04-30,20.0,0.0,0.0,21.0,20.0,21.0,1.0,191800.0,3856100.0,13.0,17.1,21.0,216700.0,20.0,684900.0,1438370465.0,1438370465.0,612170470.0,0.0,0.0,,0.0,0.0,0.0
2025-05-02,21.0,0.0,0.0,22.0,21.0,22.0,1.0,237900.0,5053800.0,26.0,17.9,23.0,1551600.0,21.0,10106000.0,1438370465.0,1438370465.0,612170470.0,0.0,0.0,,0.0,0.0,0.0
2025-05-05,22.0,0.0,0.0,23.0,22.0,23.0,1.0,831200.0,18936300.0,34.0,18.7,24.0,712800.0,23.0,8061600.0,1438370465.0,1438370465.0,612170470.0,0.0,0.0,,0.0,0.0,0.0
2025-05-06,23.0,0.0,0.0,25.0,25.0,25.0,2.0,3881200.0,97030000.0,40.0,20.3,0.0,0.0,25.0,4661000.0,1438370465.0,1438370465.0,612170470.0,0.0,0.0,,0.0,0.0,0.0
2025-05-07,25.0,0.0,0.0,27.0,27.0,27.0,2.0,5564900.0,150252300.0,59.0,22.0,0.0,0.0,27.0,2939100.0,1438370465.0,1438370465.0,612170470.0,0.0,0.0,,0.0,0.0,0.0
2025-05-08,27.0,0.0,0.0,29.0,29.0,29.0,2.0,8077200.0,234238800.0,56.0,23.6,0.0,0.0,29.0,4818500.0,1438370465.0,1438370465.0,612170470.0,0.0,0.0,,0.0,0.0,0.0
2025-05-09,29.0,0.0,0.0,31.0,31.0,31.0,2.0,2090200.0,64796200.0,59.0,25.2,0.0,0.0,31.0,8035000.0,1438370465.0,1438370465.0,612170470.0,0.0,0.0,,0.0,0.0,0.0
2025-05-14,31.0,0.0,0.0,34.0,28.0,28.0,-3.0,7780200.0,226782600.0,125.0,22.8,28.0,1412700.0,0.0,0.0,1438370465.0,1438370465.0,612170470.0,0.0,0.0,,0.0,0.0,0.0
2025-05-15,28.0,0.0,0.0,26.0,26.0,26.0,-2.0,4901000.0,127426000.0,129.0,21.1,27.0,53100.0,26.0,5123700.0,1438370465.0,1438370465.0,612170470.0,0.0,0.0,,0.0,0.0,0.0
2025-05-16,26.0,0.0,0.0,27.0,26.0,27.0,1.0,3439600.0,92822700.0,74.0,22.0,27.0,391000.0,26.0,3092200.0,1438370465.0,1438370465.0,612170470.0,2826000.0,0.0,,0.0,0.0,0.0
2025-05-19,27.0,0.0,0.0,28.0,26.0,27.0,0.0,2226200.0,60178300.0,79.0,22.0,27.0,1355000.0,26.0,18000.0,1438370465.0,1438370465.0,612170470.0,1472900.0,0.0,,0.0,0.0,0.0
2025-05-20,27.0,0.0,0.0,28.0,27.0,28.0,1.0,79100.0,2214000.0,31.0,22.8,28.0,571200.0,27.0,175800.0,1438370465.0,1438370465.0,612170470.0,0.0,0.0,,0.0,0.0,0.0
2025-05-21,28.0,0.0,0.0,27.0,26.0,26.0,-2.0,287200.0,7734300.0,40.0,21.1,28.0,422800.0,26.0,17000.0,1438370465.0,1438370465.0,612170470.0,0.0,0.0,,0.0,0.0,0.0
2025-05-22,26.0,0.0,0.0,27.0,26.0,27.0,1.0,497300.0,13030100.0,64.0,22.0,27.0,15300.0,26.0,2632500.0,1438370465.0,1438370465.0,612170470.0,0.0,0.0,,0.0,0.0,0.0
2025-05-23,27.0,0.0,0.0,27.0,26.0,26.0,-1.0,343100.0,9121600.0,51.0,21.1,27.0,40700.0,26.0,19300.0,1438370465.0,1438370465.0,612170470.0,0.0,0.0,,0.0,0.0,0.0
2025-05-26,26.0,0.0,0.0,27.0,25.0,27.0,1.0,325100.0,8263100.0,68.0,22.0,27.0,17900.0,25.0,418300.0,1438370465.0,1438370465.0,612170470.0,0.0,0.0,,0.0,0.0,0.0
2025-05-27,27.0,0.0,0.0,28.0,27.0,27.0,0.0,234700.0,6457400.0,32.0,22.0,27.0,180700.0,26.0,600.0,1438370465.0,1438370465.0,612170470.0,0.0,0.0,,0.0,0.0,0.0
2025-05-28,27.0,0.0,0.0,27.0,26.0,26.0,-1.0,104500.0,2728200.0,23.0,21.1,26.0,37600.0,25.0,476700.0,1438370465.0,1438370465.0,612170470.0,0.0,0.0,,0.0,0.0,0.0
2025-06-02,26.0,0.0,0.0,26.0,25.0,25.0,-1.0,486300.0,12243900.0,36.0,20.3,26.0,50000.0,25.0,199200.0,1438370465.0,1438370465.0,612170470.0,0.0,0.0,,0.0,0.0,0.0
2025-06-03,25.0,0.0,0.0,27.0,25.0,26.0,1.0,270800.0,7146300.0,27.0,21.1,26.0,107300.0,25.0,126000.0,1438370465.0,1438370465.0,612170470.0,0.0,0.0,,0.0,0.0,0.0
2025-06-04,26.0,0.0,0.0,26.0,25.0,25.0,-1.0,141600.0,3550300.0,31.0,20.3,26.0,142100.0,25.0,66100.0,1438370465.0,1438370465.0,612170470.0,0.0,0.0,,0.0,0.0,0.0
2025-06-05,25.0,0.0,0.0,25.0,25.0,25.0,0.0,62400.0,1560000.0,14.0,20.3,25.0,1548800.0,24.0,27000.0,1438370465.0,1438370465.0,612170470.0,0.0,0.0,,0.0,0.0,0.0
2025-06-10,25.0,0.0,0.0,25.0,25.0,25.0,0.0,317800.0,7945000.0,23.0,20.3,25.0,1609900.0,24.0,7000.0,1438370465.0,1438370465.0,612170470.0,0.0,0.0,,0.0,0.0,0.0
2025-06-11,25.0,0.0,0.0,25.0,24.0,24.0,-1.0,90500.0,2205000.0,21.0,19.5,24.0,1396000.0,23.0,176600.0,1438370465.0,1438370465.0,612170470.0,0.0,0.0,,0.0,0.0,0.0
2025-06-12,24.0,0.0,0.0,24.0,24.0,24.0,0.0,503100.0,12074400.0,23.0,19.5,24.0,937200.0,23.0,24100.0,1438370465.0,1438370465.0,612170470.0,0.0,0.0,,0.0,0.0,0.0
2025-06-13,24.0,0.0,0.0,24.0,24.0,24.0,0.0,10000.0,240000.0,14.0,19.5,24.0,1395400.0,23.0,62900.0,1438370465.0,1438370465.0,612170470.0,0.0,0.0,,0.0,0.0,0.0
2025-06-16,24.0,0.0,0.0,24.0,23.0,23.0,-1.0,239100.0,5652700.0,28.0,18.7,23.0,744100.0,22.0,122900.0,1438370465.0,1438370465.0,612170470.0,0.0,0.0,,0.0,0.0,0.0
2025-06-17,23.0,0.0,0.0,23.0,23.0,23.0,0.0,210200.0,4834600.0,21.0,18.7,23.0,589400.0,22.0,202300.0,1438370465.0,1438370465.0,612170470.0,0.0,0.0,,0.0,0.0,0.0
2025-06-18,23.0,0.0,0.0,22.0,21.0,21.0,-2.0,587000.0,12849100.0,43.0,17.1,22.0,1528200.0,21.0,513200.0,1438370465.0,1438370465.0,612170470.0,0.0,0.0,,0.0,0.0,0.0
2025-06-19,21.0,0.0,0.0,21.0,21.0,21.0,0.0,289500.0,6079500.0,29.0,17.1,21.0,1118900.0,20.0,287300.0,1438370465.0,1438370465.0,612170470.0,248700.0,0.0,,0.0,0.0,0.0
2025-06-20,21.0,0.0,0.0,23.0,22.0,22.0,1.0,108800.0,2393900.0,20.0,17.9,22.0,464600.0,21.0,293800.0,1438370465.0,1438370465.0,612170470.0,0.0,0.0,,0.0,0.0,0.0
2025-06-23,22.0,0.0,0.0,22.0,22.0,22.0,0.0,213500.0,4697000.0,6.0,17.9,22.0,919100.0,21.0,56500.0,1438370465.0,1438370465.0,612170470.0,0.0,0.0,,0.0,0.0,0.0
2025-06-24,22.0,0.0,0.0,21.0,20.0,20.0,-2.0,693200.0,14135000.0,52.0,16.3,21.0,356700.0,20.0,163500.0,1438370465.0,1438370465.0,612170470.0,0.0,0.0,,0.0,0.0,0.0
2025-06-25,20.0,0.0,0.0,21.0,20.0,21.0,1.0,305900.0,6259400.0,21.0,17.1,21.0,122900.0,20.0,457500.0,1438370465.0,1438370465.0,612170470.0,0.0,0.0,,0.0,0.0,0.0
2025-06-26,21.0,0.0,0.0,21.0,20.0,21.0,0.0,111900.0,2254400.0,28.0,17.1,21.0,366100.0,20.0,414700.0,1438370465.0,1438370465.0,612170470.0,0.0,0.0,,0.0,0.0,0.0
2025-06-30,21.0,0.0,0.0,22.0,21.0,22.0,1.0,36300.0,791400.0,17.0,17.9,22.0,127400.0,21.0,103300.0,1438370465.0,1438370465.0,612170470.0,0.0,0.0,,0.0,0.0,0.0
2025-07-01,22.0,0.0,0.0,22.0,21.0,22.0,0.0,88400.0,1911700.0,28.0,17.9,22.0,33100.0,21.0,164900.0,1438370465.0,1438370465.0,612170470.0,0.0,0.0,,0.0,0.0,0.0
2025-07-02,22.0,0.0,0.0,22.0,21.0,22.0,0.0,58300.0,1252800.0,18.0,17.9,22.0,526500.0,21.0,16300.0,1438370465.0,1438370465.0,612170470.0,0.0,0.0,,0.0,0.0,0.0
2025-07-03,22.0,0.0,0.0,22.0,21.0,21.0,-1.0,312100.0,6822900.0,25.0,17.1,21.0,13900.0,20.0,136400.0,1438370465.0,1438370465.0,612170470.0,0.0,0.0,,0.0,0.0,0.0
2025-07-04,21.0,0.0,0.0,21.0,20.0,20.0,-1.0,273900.0,5751000.0,14.0,16.3,21.0,87500.0,20.0,396500.0,1438370465.0,1438370465.0,612170470.0,0.0,0.0,,0.0,0.0,0.0
2025-07-07,20.0,0.0,0.0,22.0,21.0,21.0,1.0,129200.0,2715500.0,25.0,17.1,21.0,84300.0,20.0,312700.0,1438370465.0,1438370465.0,612170470.0,0.0,0.0,,0.0,0.0,0.0
2025-07-08,21.0,0.0,0.0,23.0,22.0,23.0,2.0,693700.0,15792000.0,33.0,18.7,0.0,0.0,23.0,61000.0,1438370465.0,1438370465.0,612170470.0,0.0,0.0,,0.0,0.0,0.0
2025-07-09,23.0,0.0,0.0,25.0,25.0,25.0,2.0,843500.0,21087500.0,57.0,20.3,25.0,478100.0,24.0,11100.0,1438370465.0,1438370465.0,612170470.0,0.0,0.0,,0.0,0.0,0.0
2025-07-10,25.0,0.0,0.0,25.0,24.0,25.0,0.0,17500.0,430400.0,21.0,20.3,25.0,26300.0,24.0,19500.0,1438370465.0,1438370465.0,612170470.0,0.0,0.0,,0.0,0.0,0.0
2025-07-11,25.0,0.0,0.0,25.0,24.0,24.0,-1.0,167100.0,4011200.0,25.0,19.5,24.0,722400.0,23.0,93900.0,1438370465.0,1438370465.0,612170470.0,0.0,0.0,,0.0,0.0,0.0
2025-07-14,24.0,0.0,0.0,24.0,24.0,24.0,0.0,132600.0,3182400.0,20.0,19.5,24.0,296200.0,23.0,26200.0,1438370465.0,1438370465.0,612170470.0,0.0,0.0,,0.0,0.0,0.0
2025-07-15,24.0,0.0,0.0,24.0,23.0,23.0,-1.0,148700.0,3534800.0,32.0,18.7,23.0,61500.0,22.0,559500.0,1438370465.0,1438370465.0,612170470.0,0.0,0.0,,0.0,0.0,0.0
2025-07-16,23.0,0.0,0.0,24.0,23.0,23.0,0.0,150100.0,3576000.0,22.0,18.7,23.0,9400.0,22.0,81200.0,1438370465.0,1438370465.0,612170470.0,0.0,0.0,,0.0,0.0,0.0
2025-07-17,23.0,0.0,0.0,24.0,23.0,24.0,1.0,224000.0,5155000.0,18.0,19.5,24.0,18000.0,23.0,56200.0,1438370465.0,1438370465.0,612170470.0,0.0,0.0,,0.0,0.0,0.0
2025-07-18,24.0,0.0,0.0,24.0,24.0,24.0,0.0,288200.0,6916800.0,25.0,19.5,24.0,725500.0,23.0,101900.0,1438370465.0,1438370465.0,612170470.0,0.0,0.0,,0.0,0.0,0.0
2025-07-21,24.0,0.0,0.0,24.0,23.0,23.0,-1.0,619500.0,14271700.0,33.0,18.7,24.0,780300.0,23.0,55400.0,1438370465.0,1438370465.0,612170470.0,0.0,0.0,,0.0,0.0,0.0
2025-07-22,23.0,0.0,0.0,23.0,23.0,23.0,0.0,490900.0,11290700.0,39.0,18.7,23.0,260500.0,22.0,176500.0,1438370465.0,1438370465.0,612170470.0,0.0,0.0,,0.0,0.0,0.0
2025-07-23,23.0,0.0,0.0,23.0,21.0,23.0,0.0,624700.0,13447700.0,43.0,18.7,23.0,382600.0,22.0,1500.0,1438370465.0,1438370465.0,612170470.0,0.0,0.0,,0.0,0.0,0.0
2025-07-24,23.0,0.0,0.0,23.0,23.0,23.0,0.0,62800.0,1444400.0,12.0,18.7,23.0,548300.0,22.0,145700.0,1438370465.0,1438370465.0,612170470.0,0.0,0.0,,0.0,0.0,0.0
2025-07-25,23.0,0.0,0.0,23.0,23.0,23.0,0.0,16200.0,372600.0,12.0,18.7,23.0,388000.0,22.0,194300.0,1438370465.0,1438370465.0,612170470.0,0.0,0.0,,0.0,0.0,0.0
2025-07-28,23.0,0.0,0.0,23.0,23.0,23.0,0.0,34600.0,795800.0,17.0,18.7,23.0,462100.0,22.0,148300.0,1438370465.0,1438370465.0,612170470.0,0.0,0.0,,0.0,0.0,0.0
2025-07-29,23.0,0.0,0.0,23.0,23.0,23.0,0.0,750200.0,17254600.0,32.0,18.7,23.0,3700.0,22.0,197500.0,1438370465.0,1438370465.0,612170470.0,0.0,0.0,,0.0,0.0,0.0
2025-07-30,23.0,0.0,0.0,23.0,23.0,23.0,0.0,108000.0,2484000.0,18.0,18.7,23.0,465000.0,22.0,157500.0,1438370465.0,1438370465.0,612170470.0,0.0,0.0,,0.0,0.0,0.0
2025-07-31,23.0,0.0,0.0,24.0,23.0,24.0,1.0,570000.0,13593000.0,44.0,19.5,24.0,309900.0,23.0,335200.0,1438370465.0,1438370465.0,612170470.0,0.0,0.0,,0.0,0.0,0.0
2025-08-01,24.0,0.0,0.0,24.0,24.0,24.0,0.0,356700.0,8560800.0,46.0,19.5,24.0,17100.0,23.0,141300.0,1438370465.0,1438370465.0,612170470.0,0.0,0.0,,0.0,0.0,0.0
2025-08-04,24.0,0.0,0.0,25.0,23.0,25.0,1.0,638600.0,15099600.0,41.0,20.3,25.0,305200.0,24.0,53700.0,1438370465.0,1438370465.0,612170470.0,0.0,0.0,,0.0,0.0,0.0
2025-08-05,25.0,0.0,0.0,27.0,26.0,27.0,2.0,1289600.0,34021300.0,50.0,22.0,0.0,0.0,27.0,147300.0,1438370465.0,1438370465.0,612170470.0,0.0,0.0,,0.0,0.0,0.0
2025-08-06,27.0,0.0,0.0,29.0,29.0,29.0,2.0,876800.0,25427200.0,58.0,23.6,0.0,0.0,29.0,100000.0,1438370465.0,1438370465.0,612170470.0,0.0,0.0,,0.0,0.0,0.0
2025-08-07,29.0,0.0,0.0,31.0,30.0,31.0,2.0,1570300.0,47633300.0,77.0,25.2,31.0,295300.0,30.0,1908000.0,1438370465.0,1438370465.0,612170470.0,0.0,0.0,,0.0,0.0,0.0
2025-08-08,31.0,0.0,0.0,31.0,31.0,31.0,0.0,399700.0,12390700.0,58.0,25.2,31.0,788300.0,30.0,32200.0,1438370465.0,1438370465.0,612170470.0,0.0,0.0,,0.0,0.0,0.0
2025-08-11,31.0,0.0,0.0,30.0,28.0,28.0,-3.0,532100.0,15374500.0,63.0,22.8,29.0,156200.0,28.0,124000.0,1438370465.0,1438370465.0,612170470.0,0.0,0.0,,0.0,0.0,0.0
2025-08-12,28.0,0.0,0.0,28.0,26.0,26.0,-2.0,815000.0,21555800.0,82.0,21.1,26.0,3443900.0,0.0,0.0,1438370465.0,1438370465.0,612170470.0,0.0,0.0,,0.0,0.0,0.0
2025-08-13,26.0,0.0,0.0,26.0,24.0,24.0,-2.0,2145700.0,51803600.0,106.0,19.5,24.0,683900.0,0.0,0.0,1438370465.0,1438370465.0,612170470.0,0.0,0.0,,0.0,0.0,0.0
2025-08-14,24.0,0.0,0.0,26.0,24.0,26.0,2.0,901600.0,22004000.0,61.0,21.1,26.0,52100.0,24.0,526400.0,1438370465.0,1438370465.0,612170470.0,0.0,0.0,,0.0,0.0,0.0
2025-08-15,26.0,0.0,0.0,28.0,27.0,28.0,2.0,452700.0,12456100.0,60.0,22.8,28.0,98200.0,27.0,338000.0,1438370465.0,1438370465.0,612170470.0,0.0,0.0,,0.0,0.0,0.0
2025-08-19,28.0,0.0,0.0,30.0,30.0,30.0,2.0,2295500.0,68865000.0,120.0,24.4,30.0,713700.0,29.0,121800.0,1438370465.0,1438370465.0,612170470.0,0.0,0.0,,0.0,0.0,0.0
2025-08-20,30.0,0.0,0.0,33.0,33.0,33.0,3.0,4946500.0,163234500.0,170.0,26.8,0.0,0.0,33.0,943000.0,1438370465.0,1438370465.0,612170470.0,306300.0,0.0,,0.0,0.0,0.0
2025-08-21,33.0,0.0,0.0,36.0,34.0,36.0,3.0,2879500.0,101598900.0,156.0,29.3,36.0,1823500.0,35.0,370300.0,1438370465.0,1438370465.0,612170470.0,300000.0,0.0,,0.0,0.0,0.0
2025-08-22,36.0,0.0,0.0,39.0,37.0,39.0,3.0,3628100.0,138642400.0,181.0,31.7,39.0,1357500.0,38.0,634900.0,1438370465.0,1438370465.0,612170470.0,0.0,0.0,,0.0,0.0,0.0
2025-08-25,39.0,0.0,0.0,42.0,42.0,42.0,3.0,5060500.0,212541000.0,231.0,34.1,42.0,3806700.0,41.0,433200.0,1438370465.0,1438370465.0,612170470.0,0.0,0.0,,0.0,0.0,0.0
2025-08-26,42.0,0.0,0.0,42.0,41.0,41.0,-1.0,4712300.0,197163100.0,176.0,33.3,41.0,503200.0,40.0,87900.0,1438370465.0,1438370465.0,612170470.0,0.0,0.0,,0.0,0.0,0.0
2025-08-27,41.0,0.0,0.0,37.0,37.0,37.0,-4.0,2625500.0,97143500.0,192.0,30.1,37.0,6306800.0,0.0,0.0,1438370465.0,1438370465.0,612170470.0,0.0,0.0,,0.0,0.0,0.0
2025-08-28,37.0,0.0,0.0,38.0,37.0,38.0,1.0,4431700.0,165670400.0,130.0,30.9,39.0,307900.0,38.0,331000.0,1438370465.0,1438370465.0,612170470.0,500000.0,0.0,,0.0,0.0,0.0
2025-08-29,38.0,0.0,0.0,41.0,36.0,36.0,-2.0,3037900.0,109998500.0,132.0,29.3,36.0,707500.0,35.0,559800.0,1438370465.0,1438370465.0,612170470.0,0.0,0.0,,0.0,0.0,0.0
2025-09-01,36.0,0.0,0.0,36.0,33.0,36.0,0.0,2841000.0,97356900.0,145.0,29.3,37.0,11400.0,36.0,14800.0,1438370465.0,1438370465.0,612170470.0,0.0,0.0,,0.0,0.0,0.0
2025-09-02,36.0,0.0,0.0,39.0,39.0,39.0,3.0,4266000.0,166374000.0,168.0,31.7,0.0,0.0,39.0,243700.0,1438370465.0,1438370465.0,612170470.0,0.0,0.0,,0.0,0.0,0.0
2025-09-03,39.0,0.0,0.0,40.0,39.0,40.0,1.0,1868100.0,72887600.0,125.0,32.5,41.0,174800.0,40.0,140000.0,1438370465.0,1438370465.0,612170470.0,0.0,0.0,,0.0,0.0,0.0
2025-09-04,40.0,0.0,0.0,42.0,41.0,42.0,2.0,3141300.0,131577300.0,126.0,34.1,43.0,244200.0,42.0,1060100.0,1438370465.0,1438370465.0,612170470.0,0.0,0.0,,0.0,0.0,0.0
2025-09-08,42.0,0.0,0.0,42.0,42.0,42.0,0.0,2179100.0,91522200.0,147.0,34.1,42.0,1021900.0,41.0,485300.0,1438370465.0,1438370465.0,612170470.0,0.0,0.0,,0.0,0.0,0.0
2025-09-09,42.0,0.0,0.0,41.0,38.0,38.0,-4.0,2522400.0,96569400.0,126.0,30.9,40.0,325100.0,38.0,18700.0,1438370465.0,1438370465.0,612170470.0,0.0,0.0,,0.0,0.0,0.0
2025-09-10,38.0,0.0,0.0,39.0,38.0,38.0,0.0,1209100.0,45995200.0,71.0,30.9,39.0,687600.0,38.0,330800.0,1438370465.0,1438370465.0,612170470.0,0.0,0.0,,0.0,0.0,0.0
2025-09-11,38.0,0.0,0.0,41.0,38.0,41.0,3.0,5291600.0,214021300.0,140.0,33.3,0.0,0.0,41.0,955800.0,1438370465.0,1438370465.0,612170470.0,0.0,0.0,,0.0,0.0,0.0
2025-09-12,41.0,0.0,0.0,45.0,45.0,45.0,4.0,7200400.0,324018000.0,165.0,36.6,0.0,0.0,45.0,6772800.0,1438370465.0,1438370465.0,612170470.0,0.0,0.0,,0.0,0.0,0.0
2025-09-15,45.0,0.0,0.0,49.0,49.0,49.0,4.0,10528100.0,515876900.0,374.0,39.8,0.0,0.0,49.0,424500.0,1438370465.0,1438370465.0,612170470.0,0.0,0.0,,0.0,0.0,0.0
2025-09-16,49.0,0.0,0.0,50.0,45.0,45.0,-4.0,9936700.0,470147000.0,355.0,36.6,46.0,10000.0,45.0,535500.0,1438370465.0,1438370465.0,612170470.0,0.0,0.0,,0.0,0.0,0.0
2025-09-17,45.0,0.0,0.0,49.0,49.0,49.0,4.0,10504600.0,514725400.0,282.0,39.8,49.0,2187500.0,48.0,227300.0,1438370465.0,1438370465.0,612170470.0,10000.0,0.0,,0.0,0.0,0.0
2025-09-18,49.0,0.0,0.0,51.0,49.0,51.0,2.0,19601900.0,983858700.0,218.0,41.5,52.0,137600.0,51.0,6308200.0,1438370465.0,1438370465.0,612170470.0,20000.0,0.0,,0.0,0.0,0.0
2025-09-19,51.0,0.0,0.0,56.0,55.0,56.0,5.0,12356700.0,690210700.0,291.0,45.5,0.0,0.0,56.0,8680000.0,1438370465.0,1438370465.0,612170470.0,270000.0,0.0,,0.0,0.0,0.0
2025-09-22,56.0,0.0,0.0,61.0,61.0,61.0,5.0,17308900.0,1055842900.0,243.0,49.6,0.0,0.0,61.0,16656300.0,1438370465.0,1438370465.0,612170470.0,700000.0,0.0,,0.0,0.0,0.0
2025-09-23,61.0,0.0,0.0,67.0,65.0,67.0,6.0,17384200.0,1154822300.0,429.0,54.5,0.0,0.0,67.0,17897800.0,1438370465.0,1438370465.0,612170470.0,300000.0,0.0,,0.0,0.0,0.0
2025-09-24,67.0,0.0,0.0,72.0,68.0,68.0,1.0,14502500.0,1007206700.0,373.0,55.3,68.0,383100.0,67.0,800800.0,1438370465.0,1438370465.0,612170470.0,200000.0,0.0,,0.0,0.0,0.0
2025-09-25,68.0,0.0,0.0,67.0,63.0,63.0,-5.0,13905500.0,892165300.0,331.0,51.2,63.0,400.0,62.0,9678100.0,1438370465.0,1438370465.0,612170470.0,0.0,0.0,,0.0,0.0,0.0
2025-09-26,63.0,0.0,0.0,61.0,60.0,60.0,-3.0,9107900.0,547411100.0,251.0,48.8,60.0,299900.0,59.0,98100.0,1438370465.0,1438370465.0,612170470.0,0.0,0.0,,0.0,0.0,0.0
2025-09-29,60.0,0.0,0.0,55.0,54.0,54.0,-6.0,8993500.0,486449500.0,229.0,43.9,54.0,4785300.0,0.0,0.0,1438370465.0,1438370465.0,612170470.0,90600.0,0.0,,0.0,0.0,0.0
2025-09-30,54.0,0.0,0.0,55.0,52.0,52.0,-2.0,3109200.0,167490600.0,192.0,42.3,53.0,400.0,52.0,178100.0,1438370465.0,1438370465.0,612170470.0,109400.0,0.0,,0.0,0.0,0.0
2025-10-01,52.0,0.0,0.0,54.0,50.0,50.0,-2.0,4963900.0,253607300.0,163.0,40.7,51.0,8850400.0,50.0,1052600.0,1438370465.0,1438370465.0,599800484.0,200000.0,0.0,,0.0,0.0,0.0
2025-10-02,50.0,0.0,0.0,47.0,46.0,47.0,-3.0,6942900.0,322416700.0,174.0,38.2,47.0,769200.0,46.0,4249600.0,1438370465.0,1438370465.0,599800484.0,20000.0,0.0,,0.0,0.0,0.0
2025-10-03,47.0,0.0,0.0,45.0,44.0,45.0,-2.0,7249700.0,320002100.0,176.0,36.6,45.0,784900.0,44.0,1904600.0,1438370465.0,1438370465.0,599800484.0,0.0,100000.0,,0.0,0.0,0.0
2025-10-06,45.0,0.0,0.0,43.0,42.0,42.0,-3.0,2997800.0,128207400.0,206.0,34.1,43.0,176200.0,42.0,1439200.0,1438370465.0,1438370465.0,599800484.0,0.0,200000.0,,0.0,0.0,0.0
2025-10-07,42.0,0.0,0.0,46.0,40.0,46.0,4.0,4750600.0,206489200.0,189.0,37.4,46.0,960100.0,45.0,120100.0,1438370465.0,1438370465.0,599800484.0,0.0,200000.0,,0.0,0.0,0.0
2025-10-08,46.0,0.0,0.0,50.0,50.0,50.0,4.0,2278400.0,113920000.0,130.0,40.7,0.0,0.0,50.0,10689200.0,1438370465.0,1438370465.0,599800484.0,0.0,0.0,,0.0,0.0,0.0
2025-10-09,50.0,0.0,0.0,55.0,55.0,55.0,5.0,2972200.0,163471000.0,175.0,44.7,0.0,0.0,55.0,954200.0,1438370465.0,1438370465.0,599800484.0,400000.0,0.0,,0.0,0.0,0.0
2025-10-10,55.0,0.0,0.0,59.0,55.0,55.0,0.0,2892000.0,170072800.0,172.0,44.7,59.0,489800.0,55.0,1499200.0,1438370465.0,1438370465.0,599800484.0,0.0,0.0,,0.0,0.0,0.0
2025-10-13,55.0,0.0,0.0,58.0,58.0,58.0,3.0,2231600.0,129432800.0,140.0,47.2,58.0,9922100.0,57.0,50500.0,1438370465.0,1438370465.0,599800484.0,0.0,0.0,,0.0,0.0,0.0
2025-10-14,58.0,0.0,0.0,58.0,53.0,53.0,-5.0,3398400.0,187616500.0,136.0,43.1,54.0,812200.0,53.0,235300.0,1438370465.0,1438370465.0,599800484.0,0.0,0.0,,1600000.0,80000000.0,2.0
2025-10-15,53.0,0.0,0.0,53.0,53.0,53.0,0.0,2773700.0,147006100.0,92.0,43.1,53.0,3820400.0,52.0,200500.0,1438370465.0,1438370465.0,599800484.0,0.0,0.0,,0.0,0.0,0.0
2025-10-16,53.0,0.0,0.0,52.0,50.0,50.0,-3.0,1703100.0,85193600.0,79.0,40.7,50.0,249900.0,49.0,618700.0,1438370465.0,1438370465.0,599800484.0,0.0,0.0,,0.0,0.0,0.0
2025-10-17,50.0,0.0,0.0,49.0,48.0,48.0,-2.0,844400.0,40791000.0,63.0,39.0,49.0,104200.0,48.0,10400.0,1438370465.0,1438370465.0,599800484.0,0.0,0.0,,0.0,0.0,0.0
2025-10-20,48.0,0.0,0.0,46.0,44.0,46.0,-2.0,1569800.0,69567000.0,104.0,37.4,47.0,9300.0,46.0,763100.0,1438370465.0,1438370465.0,599800484.0,0.0,0.0,,0.0,0.0,0.0
2025-10-21,46.0,0.0,0.0,46.0,46.0,46.0,0.0,486400.0,22374400.0,53.0,37.4,48.0,12600.0,46.0,102100.0,1438370465.0,1438370465.0,599800484.0,0.0,0.0,,0.0,0.0,0.0
2025-10-22,46.0,0.0,0.0,46.0,44.0,45.0,-1.0,756300.0,33989200.0,43.0,36.6,46.0,60100.0,45.0,518200.0,1438370465.0,1438370465.0,599800484.0,0.0,0.0,,0.0,0.0,0.0
2025-10-23,45.0,0.0,0.0,49.0,48.0,48.0,3.0,2012500.0,97247400.0,60.0,39.0,49.0,185300.0,48.0,409700.0,1438370465.0,1438370465.0,599800484.0,0.0,0.0,,0.0,0.0,0.0
2025-10-24,48.0,0.0,0.0,48.0,46.0,46.0,-2.0,231000.0,11087800.0,39.0,37.4,47.0,200000.0,46.0,100.0,1438370465.0,1438370465.0,599800484.0,0.0,0.0,,0.0,0.0,0.0
2025-10-27,46.0,0.0,0.0,46.0,44.0,44.0,-2.0,1167800.0,51451600.0,55.0,35.8,45.0,40800.0,44.0,126200.0,1438370465.0,1438370465.0,599800484.0,0.0,0.0,,0.0,0.0,0.0
2025-10-28,44.0,0.0,0.0,44.0,44.0,44.0,0.0,261900.0,11523600.0,34.0,35.8,45.0,96400.0,44.0,38500.0,1438370465.0,1438370465.0,599800484.0,0.0,0.0,,0.0,0.0,0.0
2025-10-29,44.0,0.0,0.0,44.0,43.0,43.0,-1.0,1909200.0,83992000.0,42.0,35.0,44.0,99700.0,43.0,16700.0,1438370465.0,1438370465.0,599800484.0,0.0,0.0,,0.0,0.0,0.0
2025-10-30,43.0,0.0,0.0,45.0,43.0,45.0,2.0,525100.0,23464700.0,67.0,36.6,46.0,1000.0,45.0,1600.0,1438370465.0,1438370465.0,599800484.0,0.0,0.0,,0.0,0.0,0.0
2025-10-31,45.0,0.0,0.0,48.0,48.0,48.0,3.0,2413200.0,115833600.0,64.0,39.0,49.0,644500.0,47.0,2500.0,1438370465.0,1438370465.0,599800484.0,700000.0,0.0,,0.0,0.0,0.0
2025-11-04,47.0,0.0,0.0,47.0,47.0,47.0,0.0,204900.0,9630300.0,40.0,38.2,47.0,1201100.0,46.0,104100.0,1438370465.0,1438370465.0,599800484.0,54200.0,0.0,,0.0,0.0,0.0
2025-11-05,47.0,0.0,0.0,47.0,45.0,46.0,-1.0,412600.0,18733400.0,46.0,37.4,46.0,20500.0,45.0,11700.0,1438370465.0,1438370465.0,599800484.0,28000.0,0.0,,0.0,0.0,0.0
2025-11-06,46.0,0.0,0.0,44.0,43.0,44.0,-2.0,802500.0,34742200.0,83.0,35.8,44.0,192200.0,43.0,195600.0,1438370465.0,1438370465.0,599800484.0,0.0,0.0,,0.0,0.0,0.0
2025-11-07,44.0,0.0,0.0,44.0,43.0,43.0,-1.0,327300.0,14336100.0,48.0,35.0,44.0,552600.0,43.0,66500.0,1438370465.0,1438370465.0,599800484.0,0.0,0.0,,0.0,0.0,0.0
2025-11-10,43.0,0.0,0.0,47.0,45.0,47.0,4.0,989300.0,46399300.0,61.0,38.2,0.0,0.0,47.0,194400.0,1438370465.0,1438370465.0,599800484.0,0.0,0.0,,0.0,0.0,0.0
2025-11-11,47.0,0.0,0.0,48.0,47.0,48.0,1.0,316900.0,15174000.0,46.0,39.0,48.0,191400.0,47.0,16600.0,1438370465.0,1438370465.0,599800484.0,0.0,0.0,,0.0,0.0,0.0
2025-11-12,48.0,0.0,0.0,48.0,47.0,47.0,-1.0,271100.0,12900000.0,38.0,38.2,47.0,60600.0,46.0,150100.0,1438370465.0,1438370465.0,599800484.0,0.0,0.0,,0.0,0.0,0.0
2025-11-13,47.0,0.0,0.0,48.0,45.0,45.0,-2.0,794000.0,36465600.0,61.0,36.6,45.0,555700.0,44.0,45000.0,1438370465.0,1438370465.0,599800484.0,0.0,0.0,,0.0,0.0,0.0
2025-11-14,45.0,0.0,0.0,49.0,43.0,49.0,4.0,3735900.0,181611100.0,79.0,39.8,49.0,610000.0,48.0,100.0,1438370465.0,1438370465.0,599800484.0,0.0,0.0,,0.0,0.0,0.0
2025-11-17,49.0,0.0,0.0,50.0,46.0,46.0,-3.0,1004600.0,48310100.0,63.0,37.4,46.0,724100.0,45.0,8800.0,1438370465.0,1438370465.0,599800484.0,0.0,0.0,,0.0,0.0,0.0
2025-11-18,46.0,0.0,0.0,46.0,44.0,44.0,-2.0,222100.0,10042900.0,37.0,35.8,45.0,81500.0,44.0,296700.0,1438370465.0,1438370465.0,599800484.0,55800.0,0.0,,0.0,0.0,0.0
2025-11-19,44.0,0.0,0.0,47.0,46.0,46.0,2.0,832100.0,38279100.0,34.0,37.4,47.0,587000.0,46.0,290300.0,1438370465.0,1438370465.0,599800484.0,0.0,0.0,,0.0,0.0,0.0
2025-11-20,46.0,0.0,0.0,47.0,46.0,47.0,1.0,1098100.0,50818300.0,53.0,38.2,48.0,5000.0,47.0,3100.0,1438370465.0,1438370465.0,599800484.0,162000.0,0.0,,0.0,0.0,0.0
2025-11-21,47.0,0.0,0.0,49.0,47.0,49.0,2.0,2771900.0,132310900.0,65.0,39.8,50.0,96700.0,49.0,1037300.0,1438370465.0,1438370465.0,599800484.0,700000.0,0.0,,0.0,0.0,0.0
2025-11-24,49.0,0.0,0.0,51.0,50.0,51.0,2.0,5234000.0,263168900.0,122.0,41.5,52.0,2118200.0,51.0,3947400.0,1438370465.0,1438370465.0,599800484.0,300000.0,0.0,,0.0,0.0,0.0
2025-11-25,51.0,0.0,0.0,52.0,52.0,52.0,1.0,2559400.0,133088800.0,81.0,42.3,53.0,232700.0,52.0,5312800.0,1438370465.0,1438370465.0,599800484.0,100000.0,0.0,,0.0,0.0,0.0
2025-11-26,52.0,0.0,0.0,53.0,52.0,52.0,0.0,574100.0,30311500.0,101.0,42.3,52.0,204400.0,51.0,1046000.0,1438370465.0,1438370465.0,599800484.0,11700.0,0.0,,0.0,0.0,0.0
2025-11-27,52.0,0.0,0.0,51.0,50.0,50.0,-2.0,4519600.0,227015200.0,95.0,40.7,51.0,3980600.0,50.0,1818800.0,1438370465.0,1438370465.0,599800484.0,0.0,0.0,,0.0,0.0,0.0
2025-11-28,50.0,0.0,0.0,52.0,50.0,52.0,2.0,1621600.0,82291600.0,80.0,42.3,52.0,634700.0,51.0,1001100.0,1438370465.0,1438370465.0,599800484.0,88300.0,0.0,,0.0,0.0,0.0
2025-12-01,52.0,0.0,0.0,57.0,52.0,57.0,5.0,9317000.0,523213000.0,227.0,46.3,57.0,210600.0,56.0,122800.0,1438370465.0,1438370465.0,599800484.0,400000.0,0.0,,0.0,0.0,0.0
2025-12-02,57.0,0.0,0.0,62.0,62.0,62.0,5.0,19065200.0,1182042400.0,531.0,50.4,0.0,0.0,62.0,5775800.0,1438370465.0,1438370465.0,599800484.0,200000.0,0.0,,0.0,0.0,0.0
2025-12-03,62.0,0.0,0.0,62.0,59.0,60.0,-2.0,9560700.0,578181000.0,204.0,48.8,61.0,720500.0,60.0,1171000.0,1438370465.0,1438370465.0,599800484.0,0.0,0.0,,0.0,0.0,0.0
2025-12-04,60.0,0.0,0.0,61.0,60.0,61.0,1.0,3747100.0,228013000.0,125.0,49.6,62.0,115400.0,61.0,2154900.0,1438370465.0,1438370465.0,599800484.0,100000.0,0.0,,0.0,0.0,0.0
2025-12-05,61.0,0.0,0.0,65.0,62.0,62.0,1.0,11548200.0,722625800.0,156.0,50.4,63.0,38300.0,62.0,4414200.0,1438370465.0,1438370465.0,599800484.0,0.0,0.0,,0.0,0.0,0.0
2025-12-08,62.0,0.0,0.0,67.0,66.0,66.0,4.0,9186100.0,613821600.0,198.0,53.7,66.0,1353000.0,65.0,216100.0,1438370465.0,1438370465.0,599800484.0,100000.0,0.0,,0.0,0.0,0.0
2025-12-09,66.0,0.0,0.0,66.0,63.0,63.0,-3.0,1354300.0,88551200.0,105.0,51.2,64.0,56200.0,63.0,37700.0,1438370465.0,1438370465.0,599800484.0,0.0,0.0,,0.0,0.0,0.0
2025-12-10,63.0,0.0,0.0,64.0,63.0,64.0,1.0,8304900.0,530091800.0,135.0,52.0,64.0,290400.0,63.0,2712800.0,1438370465.0,1438370465.0,599800484.0,100000.0,0.0,,0.0,0.0,0.0
2025-12-11,64.0,0.0,0.0,64.0,63.0,64.0,0.0,21923000.0,1401807100.0,149.0,52.0,65.0,501200.0,64.0,5566300.0,1438370465.0,1438370465.0,599800484.0,50000.0,0.0,,0.0,0.0,0.0
2025-12-12,64.0,0.0,0.0,67.0,67.0,67.0,3.0,4005200.0,268348400.0,149.0,54.5,67.0,4875000.0,66.0,854100.0,1438370465.0,1438370465.0,599800484.0,50000.0,0.0,,0.0,0.0,0.0
2025-12-15,67.0,0.0,0.0,67.0,61.0,61.0,-6.0,3945400.0,249380900.0,169.0,49.6,66.0,1171900.0,61.0,162900.0,1438370465.0,1438370465.0,599800484.0,0.0,0.0,,0.0,0.0,0.0
2025-12-16,61.0,0.0,0.0,67.0,64.0,64.0,3.0,3358700.0,222467000.0,170.0,52.0,64.0,609200.0,63.0,301000.0,1438370465.0,1438370465.0,599800484.0,0.0,0.0,,0.0,0.0,0.0
2025-12-17,64.0,0.0,0.0,66.0,64.0,65.0,1.0,1757700.0,113653100.0,138.0,52.8,65.0,4298200.0,64.0,75400.0,1438370465.0,1438370465.0,599800484.0,0.0,0.0,,0.0,0.0,0.0
2025-12-18,65.0,0.0,0.0,65.0,63.0,65.0,0.0,1526100.0,98113100.0,107.0,52.8,65.0,264800.0,63.0,218300.0,1438370465.0,1438370465.0,599800484.0,0.0,0.0,,0.0,0.0,0.0
2025-12-19,65.0,0.0,0.0,66.0,63.0,63.0,-2.0,1124100.0,72034500.0,101.0,51.2,64.0,441100.0,63.0,249500.0,1438370465.0,1438370465.0,599800484.0,0.0,0.0,,0.0,0.0,0.0
2025-12-22,63.0,0.0,0.0,62.0,61.0,61.0,-2.0,1280300.0,78914800.0,84.0,49.6,62.0,47700.0,61.0,776000.0,1438370465.0,1438370465.0,599800484.0,0.0,0.0,,0.0,0.0,0.0
2025-12-23,61.0,0.0,0.0,61.0,57.0,57.0,-4.0,4017100.0,237646700.0,143.0,46.3,61.0,181100.0,57.0,1102200.0,1438370465.0,1438370465.0,599800484.0,0.0,0.0,,0.0,0.0,0.0
2025-12-24,57.0,0.0,0.0,61.0,61.0,61.0,4.0,2395700.0,146137700.0,118.0,49.6,62.0,451100.0,61.0,10200.0,1438370465.0,1438370465.0,599800484.0,0.0,0.0,,0.0,0.0,0.0
2025-12-29,61.0,0.0,0.0,63.0,61.0,62.0,1.0,2491300.0,154039000.0,112.0,50.4,62.0,62300.0,61.0,161600.0,1438370465.0,1438370465.0,599800484.0,0.0,0.0,,0.0,0.0,0.0
2025-12-30,62.0,0.0,0.0,65.0,62.0,65.0,3.0,3200400.0,201882100.0,109.0,52.8,65.0,4824600.0,63.0,275600.0,1438370465.0,1438370465.0,599800484.0,0.0,0.0,,0.0,0.0,0.0
2026-01-02,65.0,0.0,0.0,65.0,64.0,64.0,-1.0,728500.0,47132500.0,102.0,52.0,64.0,111800.0,63.0,4500.0,1438370465.0,1438370465.0,599800484.0,0.0,0.0,,0.0,0.0,0.0
2026-01-05,64.0,0.0,0.0,64.0,63.0,63.0,-1.0,3068400.0,194494500.0,280.0,51.2,64.0,2396400.0,63.0,24500.0,1438370465.0,1438370465.0,599800484.0,0.0,0.0,,0.0,0.0,0.0
2026-01-06,63.0,0.0,0.0,63.0,63.0,63.0,0.0,5282300.0,332784900.0,124.0,51.2,64.0,283600.0,63.0,9387900.0,1438370465.0,1438370465.0,599800484.0,0.0,0.0,,0.0,0.0,0.0
2026-01-07,63.0,0.0,0.0,69.0,69.0,69.0,6.0,56131600.0,3873080400.0,438.0,56.1,0.0,0.0,69.0,49192200.0,1438370465.0,1438370465.0,599800484.0,0.0,0.0,,0.0,0.0,0.0
2026-01-08,69.0,0.0,0.0,74.0,63.0,71.0,2.0,55476800.0,3880292900.0,759.0,57.7,71.0,1184700.0,69.0,223500.0,1438370465.0,1438370465.0,599800484.0,0.0,200000.0,,0.0,0.0,0.0
2026-01-09,71.0,0.0,0.0,65.0,64.0,65.0,-6.0,38833200.0,2489504400.0,505.0,52.8,67.0,390600.0,65.0,49300.0,1438370465.0,1438370465.0,599800484.0,0.0,0.0,,0.0,0.0,0.0
2026-01-12,65.0,0.0,0.0,69.0,67.0,68.0,3.0,16081200.0,1095224900.0,414.0,55.3,69.0,1451300.0,68.0,6663600.0,1438370465.0,1438370465.0,599800484.0,200000.0,0.0,,0.0,0.0,0.0
2026-01-13,68.0,0.0,0.0,68.0,68.0,68.0,0.0,10615700.0,721867600.0,315.0,55.3,68.0,2312900.0,67.0,102400.0,1438370465.0,1438370465.0,599800484.0,0.0,0.0,,0.0,0.0,0.0
2026-01-14,68.0,0.0,0.0,70.0,68.0,70.0,2.0,7598300.0,529550400.0,260.0,56.9,71.0,145000.0,70.0,2572600.0,1438370465.0,1438370465.0,599800484.0,0.0,0.0,,0.0,0.0,0.0
2026-01-15,70.0,0.0,0.0,73.0,70.0,70.0,0.0,9645500.0,693641200.0,318.0,56.9,72.0,1716500.0,70.0,358000.0,1438370465.0,1438370465.0,599800484.0,0.0,0.0,,0.0,0.0,0.0
2026-01-19,70.0,0.0,0.0,71.0,70.0,71.0,1.0,10410100.0,734743400.0,323.0,57.7,72.0,193000.0,71.0,1610700.0,1438370465.0,1438370465.0,599800484.0,0.0,0.0,,0.0,0.0,0.0
2026-01-20,71.0,0.0,0.0,74.0,72.0,73.0,2.0,7293000.0,535222900.0,253.0,59.3,74.0,2687500.0,73.0,65100.0,1438370465.0,1438370465.0,599800484.0,0.0,0.0,,0.0,0.0,0.0
2026-01-21,73.0,0.0,0.0,78.0,72.0,75.0,2.0,10598300.0,809330100.0,307.0,61.0,75.0,1229700.0,73.0,1500.0,1438370465.0,1438370465.0,599800484.0,0.0,0.0,,0.0,0.0,0.0
2026-01-22,75.0,0.0,0.0,80.0,77.0,77.0,2.0,11286700.0,885837400.0,362.0,62.6,77.0,3126300.0,76.0,4900.0,1438370465.0,1438370465.0,599800484.0,0.0,0.0,,0.0,0.0,0.0
2026-01-23,77.0,0.0,0.0,77.0,77.0,77.0,0.0,6162500.0,474512500.0,271.0,62.6,77.0,5170300.0,76.0,861300.0,1438370465.0,1438370465.0,599800484.0,0.0,0.0,,0.0,0.0,0.0
2026-01-26,77.0,0.0,0.0,78.0,74.0,74.0,-3.0,7132600.0,542917300.0,328.0,60.2,75.0,2003900.0,74.0,15400.0,1438370465.0,1438370465.0,599800484.0,0.0,0.0,,0.0,0.0,0.0
2026-01-27,74.0,0.0,0.0,75.0,74.0,75.0,1.0,7574700.0,560718600.0,213.0,61.0,76.0,213600.0,75.0,231200.0,1438370465.0,1438370465.0,599800484.0,0.0,0.0,,0.0,0.0,0.0
2026-01-28,75.0,0.0,0.0,70.0,68.0,68.0,-7.0,7689100.0,533653000.0,185.0,55.3,68.0,3143100.0,0.0,0.0,1438370465.0,1438370465.0,599800484.0,0.0,0.0,,0.0,0.0,0.0
2026-01-29,68.0,0.0,0.0,68.0,62.0,66.0,-2.0,24091100.0,1524468800.0,280.0,53.7,66.0,6008000.0,65.0,23900.0,1438370465.0,1438370465.0,599800484.0,0.0,0.0,,0.0,0.0,0.0
2026-01-30,66.0,0.0,0.0,71.0,71.0,71.0,5.0,4490500.0,318825500.0,172.0,57.7,71.0,5122800.0,70.0,6000.0,1438370465.0,1438370465.0,599800484.0,0.0,0.0,,0.0,0.0,0.0
2026-02-02,71.0,0.0,0.0,71.0,64.0,64.0,-7.0,10562000.0,695243700.0,245.0,52.0,64.0,1676700.0,0.0,0.0,1438370465.0,1438370465.0,599800484.0,0.0,0.0,,0.0,0.0,0.0
2026-02-03,64.0,0.0,0.0,69.0,68.0,68.0,4.0,4090400.0,279529600.0,169.0,55.3,68.0,1745700.0,67.0,5000.0,1438370465.0,1438370465.0,599800484.0,0.0,0.0,,0.0,0.0,0.0
2026-02-04,68.0,0.0,0.0,72.0,68.0,69.0,1.0,4459000.0,310298100.0,192.0,56.1,70.0,100.0,69.0,1211800.0,1438370465.0,1438370465.0,599800484.0,0.0,0.0,,0.0,0.0,0.0
2026-02-05,69.0,0.0,0.0,73.0,71.0,71.0,2.0,3114200.0,224099400.0,154.0,57.7,71.0,770100.0,70.0,323700.0,1438370465.0,1438370465.0,599800484.0,0.0,0.0,,0.0,0.0,0.0
2026-02-06,71.0,0.0,0.0,70.0,69.0,69.0,-2.0,5031500.0,348466200.0,117.0,56.1,70.0,270300.0,68.0,565600.0,1438370465.0,1438370465.0,599800484.0,0.0,0.0,,0.0,0.0,0.0
2026-02-09,69.0,0.0,0.0,71.0,70.0,71.0,2.0,2627500.0,186057600.0,151.0,57.7,72.0,353400.0,71.0,307400.0,1438370465.0,1438370465.0,599800484.0,0.0,0.0,,0.0,0.0,0.0
2026-02-10,71.0,0.0,0.0,75.0,74.0,74.0,3.0,4023100.0,299801100.0,152.0,60.2,74.0,118500.0,73.0,6900.0,1438370465.0,1438370465.0,599800484.0,0.0,0.0,,0.0,0.0,0.0
2026-02-11,74.0,0.0,0.0,74.0,73.0,73.0,-1.0,4794700.0,350964600.0,251.0,59.3,73.0,1842700.0,72.0,1874200.0,1438370465.0,1438370465.0,599800484.0,0.0,0.0,,0.0,0.0,0.0
2026-02-12,73.0,0.0,0.0,75.0,73.0,75.0,2.0,4597300.0,336975000.0,176.0,61.0,75.0,681100.0,74.0,44600.0,1438370465.0,1438370465.0,599800484.0,0.0,0.0,,0.0,0.0,0.0
2026-02-13,75.0,0.0,0.0,75.0,74.0,74.0,-1.0,3086300.0,229521000.0,198.0,60.2,74.0,3200.0,73.0,44400.0,1438370465.0,1438370465.0,599800484.0,0.0,0.0,,0.0,0.0,0.0
2026-02-18,74.0,0.0,0.0,78.0,77.0,77.0,3.0,12194300.0,941709200.0,321.0,62.6,78.0,949700.0,77.0,176300.0,1438370465.0,1438370465.0,599800484.0,0.0,0.0,,0.0,0.0,0.0
2026-02-19,77.0,0.0,0.0,81.0,79.0,79.0,2.0,4677400.0,375403800.0,262.0,64.2,80.0,4567600.0,78.0,48700.0,1438370465.0,1438370465.0,599800484.0,0.0,0.0,,0.0,0.0,0.0
2026-02-20,79.0,0.0,0.0,80.0,77.0,80.0,1.0,7030000.0,553741700.0,301.0,65.0,81.0,675700.0,80.0,50300.0,1438370465.0,1438370465.0,599800484.0,0.0,0.0,,0.0,0.0,0.0
2026-02-23,80.0,0.0,0.0,83.0,81.0,82.0,2.0,10425800.0,851299200.0,407.0,66.7,83.0,2179400.0,82.0,87400.0,1438370465.0,1438370465.0,599800484.0,0.0,0.0,,0.0,0.0,0.0
2026-02-24,82.0,0.0,0.0,84.0,82.0,82.0,0.0,11555800.0,958192400.0,358.0,66.7,83.0,1800100.0,82.0,645800.0,1438370465.0,1438370465.0,599800484.0,0.0,0.0,,0.0,0.0,0.0
2026-02-25,82.0,0.0,0.0,82.0,76.0,77.0,-5.0,12742500.0,993830700.0,463.0,62.6,77.0,2094200.0,76.0,700000.0,1438370465.0,1438370465.0,599800484.0,0.0,0.0,,0.0,0.0,0.0
2026-02-26,77.0,0.0,0.0,81.0,79.0,79.0,2.0,10301100.0,820172300.0,364.0,64.2,79.0,32881200.0,78.0,64700.0,1438370465.0,1438370465.0,599800484.0,0.0,0.0,,0.0,0.0,0.0
2026-02-27,79.0,76.0,76.0,82.0,68.0,71.0,-8.0,73356900.0,5366853300.0,3770.0,57.7,72.0,265000.0,71.0,483600.0,1438370465.0,1438370465.0,599800484.0,0.0,0.0,,0.0,0.0,0.0
2026-03-02,71.0,66.0,67.0,72.0,65.0,67.0,-4.0,20709900.0,1386002100.0,966.0,54.5,67.0,3100.0,66.0,440000.0,1438370465.0,1438370465.0,599800484.0,0.0,0.0,,0.0,0.0,0.0
2026-03-03,67.0,70.0,70.0,72.0,64.0,66.0,-1.0,9195100.0,618917700.0,612.0,53.7,67.0,91800.0,66.0,400.0,1438370465.0,1438370465.0,599800484.0,0.0,200000.0,,0.0,0.0,0.0
2026-03-04,66.0,65.0,65.0,67.0,57.0,58.0,-8.0,26697000.0,1573890700.0,850.0,47.2,59.0,50000.0,58.0,223700.0,1438370465.0,1438370465.0,599800484.0,0.0,0.0,,0.0,0.0,0.0
2026-03-05,58.0,59.0,60.0,73.0,56.0,69.0,11.0,134970500.0,9081343100.0,7825.0,56.1,69.0,494500.0,68.0,122000.0,1438370465.0,1438370465.0,599800484.0,0.0,0.0,,0.0,0.0,0.0
2026-03-06,69.0,64.0,64.0,68.0,59.0,60.0,-9.0,36184400.0,2281752100.0,1788.0,48.8,61.0,432900.0,60.0,201100.0,1438370465.0,1438370465.0,599800484.0,0.0,0.0,,0.0,0.0,0.0
2026-03-09,60.0,58.0,59.0,60.0,56.0,57.0,-3.0,8137200.0,468698500.0,505.0,46.3,59.0,303300.0,57.0,2172900.0,1438370465.0,1438370465.0,599800484.0,0.0,20600.0,,0.0,0.0,0.0
2026-03-10,57.0,63.0,63.0,63.0,57.0,58.0,1.0,9655400.0,574926100.0,479.0,47.2,59.0,547700.0,58.0,740000.0,1438370465.0,1438370465.0,599800484.0,20600.0,0.0,,0.0,0.0,0.0
2026-03-11,58.0,59.0,59.0,62.0,57.0,59.0,1.0,9675200.0,571021800.0,743.0,48.0,60.0,549000.0,59.0,564800.0,1438370465.0,1438370465.0,599800484.0,0.0,22700.0,,0.0,0.0,0.0
2026-03-12,59.0,59.0,59.0,60.0,57.0,59.0,0.0,2671100.0,155759400.0,211.0,48.0,59.0,168400.0,58.0,375300.0,1438370465.0,1438370465.0,599800484.0,22700.0,22700.0,,0.0,0.0,0.0
2026-03-13,59.0,59.0,58.0,59.0,54.0,55.0,-4.0,4912100.0,272460800.0,376.0,44.7,56.0,20000.0,54.0,1249400.0,1438370465.0,1438370465.0,599800484.0,22700.0,25000.0,,0.0,0.0,0.0
2026-03-16,55.0,55.0,55.0,55.0,51.0,54.0,-1.0,6891000.0,364035500.0,361.0,43.9,54.0,562800.0,53.0,2000.0,1438370465.0,1438370465.0,599800484.0,24600.0,0.0,,0.0,0.0,0.0
2026-03-17,54.0,54.0,54.0,56.0,52.0,53.0,-1.0,7054800.0,380123100.0,637.0,43.1,54.0,231500.0,53.0,170500.0,1438370465.0,1438370465.0,599800484.0,400.0,0.0,,0.0,0.0,0.0
2026-03-25,53.0,53.0,52.0,56.0,52.0,55.0,2.0,1628200.0,87896900.0,221.0,44.7,55.0,686100.0,54.0,4900.0,1438370465.0,1438370465.0,599800484.0,0.0,0.0,,0.0,0.0,0.0
2026-03-26,55.0,55.0,54.0,59.0,54.0,56.0,1.0,3789100.0,212806900.0,539.0,45.5,56.0,700200.0,55.0,753900.0,1438370465.0,1438370465.0,599800484.0,0.0,0.0,,0.0,0.0,0.0
2026-03-27,56.0,56.0,56.0,58.0,54.0,55.0,-1.0,1914600.0,106539500.0,180.0,44.7,56.0,436400.0,55.0,6500.0,1438370465.0,1438370465.0,599800484.0,0.0,0.0,,0.0,0.0,0.0
2026-03-30,55.0,55.0,55.0,55.0,53.0,55.0,0.0,1101900.0,59701900.0,224.0,44.7,55.0,849700.0,54.0,1000.0,1438370465.0,1438370465.0,599800484.0,0.0,0.0,,0.0,0.0,0.0
2026-03-31,55.0,55.0,54.0,58.0,54.0,55.0,0.0,3432900.0,191281100.0,465.0,44.7,55.0,90900.0,54.0,242600.0,1438370465.0,1438370465.0,599800484.0,0.0,0.0,,0.0,0.0,0.0
2026-04-01,55.0,55.0,55.0,57.0,54.0,56.0,1.0,1679000.0,92762900.0,359.0,45.5,56.0,397500.0,55.0,122900.0,1438370465.0,1438370465.0,599800484.0,0.0,0.0,,0.0,0.0,0.0
2026-04-02,56.0,56.0,55.0,56.0,53.0,54.0,-2.0,4406100.0,238610700.0,408.0,43.9,54.0,204400.0,53.0,854300.0,1438370465.0,1438370465.0,599800484.0,0.0,0.0,,0.0,0.0,0.0
2026-04-06,54.0,52.0,52.0,53.0,50.0,52.0,-2.0,36269300.0,1827341800.0,1010.0,42.3,52.0,6600.0,51.0,464300.0,1438370465.0,1438370465.0,599800484.0,0.0,0.0,,0.0,0.0,0.0
2026-04-07,52.0,52.0,51.0,52.0,50.0,50.0,-2.0,4312100.0,217492400.0,232.0,40.7,51.0,798900.0,50.0,1720900.0,1438370465.0,1438370465.0,599800484.0,0.0,0.0,,0.0,0.0,0.0
2026-04-08,50.0,51.0,51.0,54.0,50.0,50.0,0.0,17507000.0,892424200.0,1470.0,40.7,50.0,6853300.0,0.0,0.0,1438370465.0,1438370465.0,599800484.0,0.0,0.0,,0.0,0.0,0.0
2026-04-09,50.0,50.0,50.0,52.0,50.0,50.0,0.0,9073900.0,456772700.0,278.0,40.7,51.0,1053400.0,50.0,1097100.0,1438370465.0,1438370465.0,599800484.0,0.0,0.0,,0.0,0.0,0.0
2026-04-10,50.0,51.0,51.0,52.0,50.0,50.0,0.0,20009600.0,1007699200.0,721.0,40.7,51.0,1083900.0,50.0,2454100.0,1438370465.0,1438370465.0,599800484.0,0.0,0.0,,0.0,0.0,0.0
2026-04-13,50.0,50.0,50.0,52.0,50.0,52.0,2.0,9685700.0,494232600.0,1144.0,42.3,52.0,1160200.0,51.0,4321600.0,1438370465.0,1438370465.0,599800484.0,0.0,0.0,,0.0,0.0,0.0
2026-04-14,52.0,52.0,52.0,55.0,51.0,53.0,1.0,16695800.0,884546000.0,3799.0,43.1,53.0,149000.0,52.0,3030500.0,1438370465.0,1438370465.0,599800484.0,0.0,0.0,,0.0,0.0,0.0
2026-04-15,53.0,54.0,54.0,71.0,53.0,64.0,11.0,339279700.0,22214096300.0,15290.0,52.0,65.0,2057800.0,64.0,70200.0,1438370465.0,1438370465.0,599800484.0,5000.0,31600.0,,0.0,0.0,0.0
2026-04-16,64.0,64.0,64.0,65.0,56.0,59.0,-5.0,64148600.0,3839506700.0,3896.0,48.0,59.0,167300.0,58.0,421000.0,1438370465.0,1438370465.0,599800484.0,0.0,0.0,,0.0,0.0,0.0
2026-04-17,59.0,59.0,60.0,63.0,58.0,60.0,1.0,38724400.0,2370600100.0,1945.0,48.8,60.0,23200.0,59.0,938300.0,1438370465.0,1438370465.0,599800484.0,112400.0,261700.0,,0.0,0.0,0.0
2026-04-20,60.0,61.0,61.0,61.0,57.0,58.0,-2.0,101177700.0,5936040700.0,3685.0,47.2,58.0,1147900.0,57.0,3752500.0,1438370465.0,1438370465.0,599800484.0,2293500.0,2236800.0,,0.0,0.0,0.0
2026-04-21,58.0,58.0,58.0,73.0,57.0,68.0,10.0,564628600.0,37363674600.0,22184.0,55.3,69.0,506000.0,68.0,5416100.0,1438370465.0,1438370465.0,599800484.0,4958300.0,6682100.0,,0.0,0.0,0.0
2026-04-22,68.0,70.0,69.0,74.0,65.0,66.0,-2.0,264907900.0,18236792100.0,16238.0,53.7,67.0,899500.0,66.0,470600.0,1438370465.0,1438370465.0,599800484.0,2154700.0,343300.0,,0.0,0.0,0.0
2026-04-23,66.0,66.0,67.0,68.0,60.0,62.0,-4.0,64706600.0,4128583300.0,4091.0,50.4,62.0,2464500.0,61.0,881200.0,1438370465.0,1438370465.0,599800484.0,1129600.0,2072600.0,,0.0,0.0,0.0
2026-04-24,62.0,63.0,63.0,67.0,57.0,59.0,-3.0,76057300.0,4658898800.0,4187.0,48.0,59.0,2968000.0,58.0,241700.0,1438370465.0,1438370465.0,599800484.0,1398000.0,531500.0,,0.0,0.0,0.0
2026-04-27,59.0,57.0,58.0,62.0,57.0,59.0,0.0,38574300.0,2288688700.0,1931.0,48.0,60.0,639000.0,59.0,17400.0,1438370465.0,1438370465.0,599800484.0,1244300.0,1242900.0,,0.0,0.0,0.0
2026-04-28,59.0,60.0,61.0,62.0,58.0,60.0,1.0,22563700.0,1353989600.0,1703.0,48.8,61.0,1023500.0,60.0,437900.0,1438370465.0,1438370465.0,599800484.0,260000.0,1150900.0,,0.0,0.0,0.0
2026-04-29,60.0,60.0,61.0,65.0,60.0,60.0,0.0,33720200.0,2078724100.0,1677.0,48.8,61.0,224900.0,60.0,2808800.0,1438370465.0,1438370465.0,599800484.0,1300500.0,310700.0,,0.0,0.0,0.0
2026-04-30,60.0,61.0,61.0,61.0,56.0,59.0,-1.0,25108000.0,1462255600.0,1422.0,48.0,60.0,450900.0,58.0,562000.0,1438370465.0,1438370465.0,599800484.0,319600.0,493800.0,,0.0,0.0,0.0
2026-05-04,59.0,59.0,60.0,61.0,57.0,59.0,0.0,13232000.0,779479800.0,893.0,48.0,59.0,1111900.0,58.0,269900.0,1438370465.0,1438370465.0,599800484.0,411500.0,1444700.0,,0.0,0.0,0.0
2026-05-05,59.0,59.0,59.0,64.0,58.0,64.0,5.0,86289500.0,5337031200.0,5597.0,52.0,64.0,2137300.0,63.0,220300.0,1438370465.0,1438370465.0,599800484.0,1997500.0,7018300.0,,0.0,0.0,0.0
2026-05-06,64.0,65.0,65.0,65.0,60.0,62.0,-2.0,41818400.0,2598475800.0,2310.0,50.4,62.0,4954400.0,61.0,658100.0,1438370465.0,1438370465.0,599800484.0,2968600.0,474800.0,,0.0,0.0,0.0
2026-05-07,62.0,62.0,62.0,63.0,60.0,61.0,-1.0,14908400.0,915062700.0,1029.0,49.6,61.0,495500.0,60.0,1326800.0,1438370465.0,1438370465.0,599800484.0,590300.0,232000.0,,0.0,0.0,0.0
2026-05-08,61.0,61.0,61.0,61.0,57.0,59.0,-2.0,26971800.0,1584607900.0,1731.0,48.0,59.0,147000.0,58.0,948800.0,1438370465.0,1438370465.0,599800484.0,2172600.0,1245500.0,,0.0,0.0,0.0
